eventId,payoutEligible,role,checkOutAt,geoLngIn,isValidEntry,geoLatIn,autoClosedAt,sessionId,userId,geoLatOut,distanceMIn,checkpointSystemId,coPresenceCountAtCheckin,validationScore,sessionStateAtCheckin,isValidExit,geoLngOut,checkInAt,durationMin,status,id,created_date,updated_date,created_by_id,created_by,is_sample
"69fca7dac209ef5fdbe66a06","false","artist","","-73.56741352558763","true","45.53851183086406","","69fca7db3897a437cd3ce6ab","69f218c618cc26dee7ae01ce","","370","NC-0000000165","4","90","in_progress","false","","2026-05-08T13:38:20.354Z","0","active","69fde74d89325a346a300dd8","2026-05-08T13:38:21.654000","2026-05-08T13:38:21.654000","service_720f1ed7-4d53-4623-8377-a9877bf2f722","service+720f1ed7-4d53-4623-8377-a9877bf2f722@no-reply.base44.com","false"
"69fca7dac209ef5fdbe66a06","false","artist","","","false","","","69fca7db3897a437cd3ce6ab","69f218c618cc26dee7ae01ce","","","","4","60","in_progress","false","","2026-05-08T13:38:20.340Z","0","active","69fde74db550ee6001d24fda","2026-05-08T13:38:21.442000","2026-05-08T13:38:21.442000","service_720f1ed7-4d53-4623-8377-a9877bf2f722","service+720f1ed7-4d53-4623-8377-a9877bf2f722@no-reply.base44.com","false"
"69fca7dac209ef5fdbe66a06","false","artist","","-73.56741749978623","true","45.53848325756005","","69fca7db3897a437cd3ce6ab","69f2739b8a9489588db01d2c","","370","NC-0000000165","3","90","in_progress","false","","2026-05-07T15:01:41.445Z","0","active","69fca9572fe58b1a94241e5e","2026-05-07T15:01:43.589000","2026-05-07T15:01:43.589000","service_720f1ed7-4d53-4623-8377-a9877bf2f722","service+720f1ed7-4d53-4623-8377-a9877bf2f722@no-reply.base44.com","false"
"69fca7dac209ef5fdbe66a06","false","artist","","-73.56741749978623","true","45.53848325756005","","69fca7db3897a437cd3ce6ab","69f2739b8a9489588db01d2c","","370","NC-0000000165","2","90","in_progress","false","","2026-05-07T15:01:41.300Z","0","active","69fca956daf04630ad420245","2026-05-07T15:01:42.749000","2026-05-07T15:01:42.749000","service_720f1ed7-4d53-4623-8377-a9877bf2f722","service+720f1ed7-4d53-4623-8377-a9877bf2f722@no-reply.base44.com","false"
"69fca7dac209ef5fdbe66a06","true","artist","2026-05-08T13:38:52.744Z","-73.56742186582375","true","45.53848314090276","","69fca7db3897a437cd3ce6ab","69f62cd5271164a83828fd92","","371","NC-0000000165","1","80","in_progress","true","","2026-05-07T15:01:26.545Z","1357","completed","69fca947cf069baeaba938de","2026-05-07T15:01:27.859000","2026-05-08T13:38:53.130000","service_720f1ed7-4d53-4623-8377-a9877bf2f722","service+720f1ed7-4d53-4623-8377-a9877bf2f722@no-reply.base44.com","false"
"69fca7dac209ef5fdbe66a06","false","organizer","","","false","","","69fca7db3897a437cd3ce6ab","69f2706d181676bbd6e82a5e","","","","0","40","in_progress","false","","2026-05-07T15:01:23.369Z","0","active","69fca94434d020cdcd51754d","2026-05-07T15:01:24.683000","2026-05-07T15:01:24.683000","service_720f1ed7-4d53-4623-8377-a9877bf2f722","service+720f1ed7-4d53-4623-8377-a9877bf2f722@no-reply.base44.com","false"
"69fca0713d590690d6058ba1","false","artist","2026-05-07T14:30:25.944Z","","false","","2026-05-07T14:30:25.944Z","69fca07373400e80ce966100","69f2706d181676bbd6e82a5e","","","","1","40","in_progress","false","","2026-05-07T14:30:07.597Z","0","auto_closed","69fca1f13b2814b274c2b486","2026-05-07T14:30:09.150000","2026-05-07T14:30:30.880000","service_720f1ed7-4d53-4623-8377-a9877bf2f722","service+720f1ed7-4d53-4623-8377-a9877bf2f722@no-reply.base44.com","false"
"69fca0713d590690d6058ba1","false","organizer","2026-05-07T14:30:22.790Z","","false","","","69fca07373400e80ce966100","69f62cd5271164a83828fd92","","","","0","40","in_progress","false","","2026-05-07T14:29:53.341Z","0","completed","69fca1e295bca8193dbd9f3a","2026-05-07T14:29:54.651000","2026-05-07T14:30:23.635000","service_720f1ed7-4d53-4623-8377-a9877bf2f722","service+720f1ed7-4d53-4623-8377-a9877bf2f722@no-reply.base44.com","false"
"69f615b84b21070e1ca0f945","false","artist","2026-05-07T13:34:55.913Z","-73.56746254814999","false","45.538523419973416","2026-05-07T13:34:55.913Z","69f615b959bdb5b53e2a55d7","69f2706d181676bbd6e82a5e","","4421","NC-0000000161","2","60","in_progress","false","","2026-05-07T13:25:02.684Z","10","auto_closed","69fc92b04649b0d4affe1b36","2026-05-07T13:25:04.104000","2026-05-07T13:35:00.780000","service_720f1ed7-4d53-4623-8377-a9877bf2f722","service+720f1ed7-4d53-4623-8377-a9877bf2f722@no-reply.base44.com","false"
"69f615b84b21070e1ca0f945","false","artist","2026-05-07T13:34:55.913Z","-73.56746254814999","false","45.538523419973416","2026-05-07T13:34:55.913Z","69f615b959bdb5b53e2a55d7","69f62cd5271164a83828fd92","","4421","NC-0000000161","0","40","in_progress","false","","2026-05-07T13:24:58.647Z","10","auto_closed","69fc92ab2d82ce276afc473c","2026-05-07T13:24:59.954000","2026-05-07T13:35:00.964000","service_720f1ed7-4d53-4623-8377-a9877bf2f722","service+720f1ed7-4d53-4623-8377-a9877bf2f722@no-reply.base44.com","false"
"69f615b84b21070e1ca0f945","false","organizer","2026-05-07T13:34:53.419Z","-73.56746254814999","false","45.538523419973416","","69f615b959bdb5b53e2a55d7","69f218c618cc26dee7ae01ce","","4421","NC-0000000161","0","40","in_progress","true","","2026-05-07T13:24:58.611Z","10","completed","69fc92abb5f30b9726f3a693","2026-05-07T13:24:59.930000","2026-05-07T13:34:53.787000","service_720f1ed7-4d53-4623-8377-a9877bf2f722","service+720f1ed7-4d53-4623-8377-a9877bf2f722@no-reply.base44.com","false"
"69f6041b11fc961b649e5c6f","false","artist","2026-05-07T13:21:45.090Z","-73.56745598869543","false","45.53852693709804","2026-05-07T13:21:45.090Z","69f6041c8f9287ae5e807a1d","69f2706d181676bbd6e82a5e","","6254","NC-0000000058","2","60","in_progress","false","","2026-05-07T13:20:11.240Z","2","auto_closed","69fc918d8c01f0811db0980e","2026-05-07T13:20:13.660000","2026-05-07T13:21:51.802000","service_720f1ed7-4d53-4623-8377-a9877bf2f722","service+720f1ed7-4d53-4623-8377-a9877bf2f722@no-reply.base44.com","false"
"69f6041b11fc961b649e5c6f","false","audience","2026-05-07T13:21:45.162Z","-73.56745598869543","false","45.53852693709804","2026-05-07T13:21:45.162Z","69f6041c8f9287ae5e807a1d","69f62cd5271164a83828fd92","","6254","NC-0000000058","1","40","in_progress","false","","2026-05-07T13:20:09.047Z","2","auto_closed","69fc918bddf7e17fa85ac04d","2026-05-07T13:20:11.042000","2026-05-07T13:21:52.141000","service_720f1ed7-4d53-4623-8377-a9877bf2f722","service+720f1ed7-4d53-4623-8377-a9877bf2f722@no-reply.base44.com","false"
"69f6041b11fc961b649e5c6f","false","organizer","2026-05-07T13:21:42.765Z","","false","","","69f6041c8f9287ae5e807a1d","69f218c618cc26dee7ae01ce","","","","0","40","in_progress","true","","2026-05-07T13:18:14.925Z","3","completed","69fc9117b310e40c44fd6602","2026-05-07T13:18:15.991000","2026-05-07T13:21:43.223000","service_720f1ed7-4d53-4623-8377-a9877bf2f722","service+720f1ed7-4d53-4623-8377-a9877bf2f722@no-reply.base44.com","false"
"69fbdbb490d487eed858f63b","false","audience","2026-05-07T00:43:10.269Z","-73.56744814106618","false","45.53852267784678","2026-05-07T00:43:10.269Z","69fbdbb62a999217b81b51ea","69f62dd4479edabdf08b12ee","","6254","NC-0000000058","2","60","in_progress","false","","2026-05-07T00:41:53.998Z","1","auto_closed","69fbdfd34fce9ff4515a9e5a","2026-05-07T00:41:55.458000","2026-05-07T00:43:16.120000","service_720f1ed7-4d53-4623-8377-a9877bf2f722","service+720f1ed7-4d53-4623-8377-a9877bf2f722@no-reply.base44.com","false"
"69fbdbb490d487eed858f63b","false","artist","2026-05-07T00:43:10.269Z","-73.56744800150729","false","45.538522685858645","2026-05-07T00:43:10.269Z","69fbdbb62a999217b81b51ea","69f2739b8a9489588db01d2c","","6254","NC-0000000058","1","40","in_progress","false","","2026-05-07T00:41:17.990Z","2","auto_closed","69fbdfaf773563613240abfb","2026-05-07T00:41:19.300000","2026-05-07T00:43:16.377000","service_720f1ed7-4d53-4623-8377-a9877bf2f722","service+720f1ed7-4d53-4623-8377-a9877bf2f722@no-reply.base44.com","false"
"69fbdbb490d487eed858f63b","false","organizer","2026-05-07T00:43:07.047Z","","false","","","69fbdbb62a999217b81b51ea","69f62cd5271164a83828fd92","","","","0","40","in_progress","true","","2026-05-07T00:41:10.215Z","2","completed","69fbdfa798688cc0a167da91","2026-05-07T00:41:11.332000","2026-05-07T00:43:08.051000","service_720f1ed7-4d53-4623-8377-a9877bf2f722","service+720f1ed7-4d53-4623-8377-a9877bf2f722@no-reply.base44.com","false"
"69fb4c350e2564f3b8157566","false","artist","2026-05-06T23:49:12.015Z","-73.56744719308787","true","45.538519663401964","2026-05-06T23:49:12.015Z","69fb4c367fe5403a94bb7979","69f2739b8a9489588db01d2c","","372","NC-0000000165","1","70","in_progress","false","","2026-05-06T23:49:00.268Z","0","auto_closed","69fbd36d7dbe9438a4b31485","2026-05-06T23:49:01.754000","2026-05-06T23:49:16.240000","service_720f1ed7-4d53-4623-8377-a9877bf2f722","service+720f1ed7-4d53-4623-8377-a9877bf2f722@no-reply.base44.com","false"
"69fb4c350e2564f3b8157566","false","organizer","2026-05-06T23:49:09.885Z","","false","","","69fb4c367fe5403a94bb7979","69f62cd5271164a83828fd92","","","","0","40","in_progress","false","","2026-05-06T23:48:27.555Z","1","completed","69fbd34c1fcce0ce45cf0035","2026-05-06T23:48:28.916000","2026-05-06T23:49:10.285000","service_720f1ed7-4d53-4623-8377-a9877bf2f722","service+720f1ed7-4d53-4623-8377-a9877bf2f722@no-reply.base44.com","false"
"69fb48b390a8ae02d53a22d1","false","audience","2026-05-06T23:45:18.042Z","-73.56745205992085","true","45.538521780008736","2026-05-06T23:45:18.042Z","69fb48b5d135886933200c9f","69f2706d181676bbd6e82a5e","","373","NC-0000000165","2","90","in_progress","false","","2026-05-06T23:45:05.368Z","0","auto_closed","69fbd2828f0e12c71a2b11df","2026-05-06T23:45:06.728000","2026-05-06T23:45:43.780000","service_720f1ed7-4d53-4623-8377-a9877bf2f722","service+720f1ed7-4d53-4623-8377-a9877bf2f722@no-reply.base44.com","false"
"69fb48b390a8ae02d53a22d1","false","artist","2026-05-06T23:45:18.042Z","-73.56745205992085","true","45.538521780008736","2026-05-06T23:45:18.042Z","69fb48b5d135886933200c9f","69f2739b8a9489588db01d2c","","373","NC-0000000165","1","70","in_progress","false","","2026-05-06T23:45:03.609Z","0","auto_closed","69fbd281cff7bf8af406553c","2026-05-06T23:45:05.102000","2026-05-06T23:45:23.215000","service_720f1ed7-4d53-4623-8377-a9877bf2f722","service+720f1ed7-4d53-4623-8377-a9877bf2f722@no-reply.base44.com","false"
"69fb48b390a8ae02d53a22d1","false","organizer","2026-05-06T23:45:15.688Z","","false","","","69fb48b5d135886933200c9f","69f62cd5271164a83828fd92","","","","0","40","in_progress","false","","2026-05-06T23:44:44.849Z","1","completed","69fbd26d944b4c8ff80287cb","2026-05-06T23:44:45.974000","2026-05-06T23:45:16.146000","service_720f1ed7-4d53-4623-8377-a9877bf2f722","service+720f1ed7-4d53-4623-8377-a9877bf2f722@no-reply.base44.com","false"
"69fba5bb30364d40c87ed8b2","false","artist","2026-05-06T20:39:01.601Z","","false","","2026-05-06T20:39:01.601Z","69fba5bdb3fe16025f4aea60","69f2706d181676bbd6e82a5e","","","","2","60","in_progress","false","","2026-05-06T20:38:52.128Z","0","auto_closed","69fba6dd289f6f89db461c3f","2026-05-06T20:38:53.419000","2026-05-06T20:39:10.058000","service_720f1ed7-4d53-4623-8377-a9877bf2f722","service+720f1ed7-4d53-4623-8377-a9877bf2f722@no-reply.base44.com","false"
"69fba5bb30364d40c87ed8b2","false","organizer","2026-05-06T20:38:58.358Z","","false","","","69fba5bdb3fe16025f4aea60","69f62cd5271164a83828fd92","","","","0","40","in_progress","false","","2026-05-06T20:38:46.974Z","0","completed","69fba6d8ded4039f248f9def","2026-05-06T20:38:48.453000","2026-05-06T20:38:58.860000","service_720f1ed7-4d53-4623-8377-a9877bf2f722","service+720f1ed7-4d53-4623-8377-a9877bf2f722@no-reply.base44.com","false"
"69fba5bb30364d40c87ed8b2","false","organizer","2026-05-06T20:39:01.601Z","","false","","2026-05-06T20:39:01.601Z","69fba5bdb3fe16025f4aea60","69f62cd5271164a83828fd92","","","","0","40","in_progress","false","","2026-05-06T20:38:45.258Z","0","auto_closed","69fba6d8beb6abba74fb4819","2026-05-06T20:38:48.364000","2026-05-06T20:39:10.255000","service_720f1ed7-4d53-4623-8377-a9877bf2f722","service+720f1ed7-4d53-4623-8377-a9877bf2f722@no-reply.base44.com","false"
"69fb9d5a2679bf86f9a757c9","false","artist","2026-05-06T20:06:14.104Z","","false","","2026-05-06T20:06:14.104Z","69fb9d5bea4986fc1d59d273","69f2706d181676bbd6e82a5e","","","","1","40","in_progress","false","","2026-05-06T20:05:57.795Z","0","auto_closed","69fb9f267551761267a09ece","2026-05-06T20:05:58.993000","2026-05-06T20:06:21.943000","service_720f1ed7-4d53-4623-8377-a9877bf2f722","service+720f1ed7-4d53-4623-8377-a9877bf2f722@no-reply.base44.com","false"
"69fb9d5a2679bf86f9a757c9","false","organizer","2026-05-06T20:06:11.832Z","","false","","","69fb9d5bea4986fc1d59d273","69f62cd5271164a83828fd92","","","","0","40","in_progress","false","","2026-05-06T20:05:46.462Z","0","completed","69fb9f1cf3472387bc01a878","2026-05-06T20:05:48.054000","2026-05-06T20:06:12.380000","service_720f1ed7-4d53-4623-8377-a9877bf2f722","service+720f1ed7-4d53-4623-8377-a9877bf2f722@no-reply.base44.com","false"
"69fb9bc0e203e66a26c73dcb","false","artist","2026-05-06T19:57:05.034Z","-73.56742332297107","false","45.53849080238139","2026-05-06T19:57:05.034Z","69fb9bc15beeb1df6b276714","69f2706d181676bbd6e82a5e","","2134","NC-0000000097","1","40","in_progress","false","","2026-05-06T19:56:26.839Z","1","auto_closed","69fb9cf3b80b6eb814771078","2026-05-06T19:56:35.193000","2026-05-06T19:57:10.925000","service_720f1ed7-4d53-4623-8377-a9877bf2f722","service+720f1ed7-4d53-4623-8377-a9877bf2f722@no-reply.base44.com","false"
"69fb9bc0e203e66a26c73dcb","false","organizer","2026-05-06T19:57:00.929Z","","false","","","69fb9bc15beeb1df6b276714","69f62cd5271164a83828fd92","","","","0","40","in_progress","false","","2026-05-06T19:56:26.872Z","1","completed","69fb9ceb67d307bf910c766f","2026-05-06T19:56:27.882000","2026-05-06T19:57:02.865000","service_720f1ed7-4d53-4623-8377-a9877bf2f722","service+720f1ed7-4d53-4623-8377-a9877bf2f722@no-reply.base44.com","false"
"69fb62aa2821929a81655b71","false","artist","2026-05-06T15:59:41.342Z","","false","","2026-05-06T15:59:41.342Z","69fb62ac23d082847ccfbca7","69f2739b8a9489588db01d2c","","","","1","40","in_progress","false","","2026-05-06T15:51:54.723Z","8","auto_closed","69fb639b3d7a2d889594e447","2026-05-06T15:51:55.861000","2026-05-06T15:59:43.215000","service_720f1ed7-4d53-4623-8377-a9877bf2f722","service+720f1ed7-4d53-4623-8377-a9877bf2f722@no-reply.base44.com","false"
"69fb62aa2821929a81655b71","false","organizer","2026-05-06T15:59:39.255Z","","false","","","69fb62ac23d082847ccfbca7","69f62cd5271164a83828fd92","","","","0","40","in_progress","true","","2026-05-06T15:51:37.286Z","8","completed","69fb638ba1355a19793e1f38","2026-05-06T15:51:39.385000","2026-05-06T15:59:39.662000","service_720f1ed7-4d53-4623-8377-a9877bf2f722","service+720f1ed7-4d53-4623-8377-a9877bf2f722@no-reply.base44.com","false"
"69fb5b9b770af414e259d734","false","organizer","2026-05-06T15:33:10.259Z","","false","","","69fb5b9ddd37ce78fda74ff6","69f62cd5271164a83828fd92","","","","0","40","in_progress","true","","2026-05-06T15:23:06.692Z","10","completed","69fb5cdb1530d5d1fd4bfe4f","2026-05-06T15:23:07.967000","2026-05-06T15:33:10.833000","service_720f1ed7-4d53-4623-8377-a9877bf2f722","service+720f1ed7-4d53-4623-8377-a9877bf2f722@no-reply.base44.com","false"
"69fb3e06e5ec52f1e0c5d166","false","audience","2026-05-06T13:39:50.070Z","-73.56742857675232","true","45.538504105866544","","69fb3e083034fe9978e9761d","69f7701d31890c3d20e8c9d7","","371","NC-0000000165","3","90","in_progress","true","","2026-05-06T13:35:09.826Z","5","completed","69fb438ec4d03bcb27963e4d","2026-05-06T13:35:10.944000","2026-05-06T13:39:51.018000","service_720f1ed7-4d53-4623-8377-a9877bf2f722","service+720f1ed7-4d53-4623-8377-a9877bf2f722@no-reply.base44.com","false"
"69fb3e06e5ec52f1e0c5d166","false","audience","2026-05-06T13:55:22.080Z","","false","","2026-05-06T13:55:22.080Z","69fb3e083034fe9978e9761d","69f2739b8a9489588db01d2c","","","","2","60","in_progress","false","","2026-05-06T13:34:44.455Z","21","auto_closed","69fb437647c1e1ddcae84713","2026-05-06T13:34:46.734000","2026-05-06T13:56:11.466000","service_720f1ed7-4d53-4623-8377-a9877bf2f722","service+720f1ed7-4d53-4623-8377-a9877bf2f722@no-reply.base44.com","false"
"69fb3e06e5ec52f1e0c5d166","true","artist","2026-05-06T13:55:22.080Z","","false","","2026-05-06T13:55:22.080Z","69fb3e083034fe9978e9761d","69f2706d181676bbd6e82a5e","","","","1","40","in_progress","false","","2026-05-06T13:23:57.369Z","32","auto_closed","69fb40eed59785d14099a3e1","2026-05-06T13:23:58.499000","2026-05-06T13:55:33.085000","service_720f1ed7-4d53-4623-8377-a9877bf2f722","service+720f1ed7-4d53-4623-8377-a9877bf2f722@no-reply.base44.com","false"
"69fb3e06e5ec52f1e0c5d166","false","organizer","2026-05-06T13:55:19.799Z","","false","","","69fb3e083034fe9978e9761d","69f62cd5271164a83828fd92","","","","0","50","in_progress","true","","2026-05-06T13:23:47.935Z","32","completed","69fb40e5c6643baca11028eb","2026-05-06T13:23:49.313000","2026-05-06T13:55:20.303000","service_720f1ed7-4d53-4623-8377-a9877bf2f722","service+720f1ed7-4d53-4623-8377-a9877bf2f722@no-reply.base44.com","false"
"69fa7fbc3685a1e3ae93f54f","true","audience","2026-05-06T03:36:39.462Z","-73.56745163836379","true","45.53852724245638","2026-05-06T03:36:39.462Z","69fa7fbdc41ed8087c4392f3","69f62dd4479edabdf08b12ee","","373","NC-0000000165","2","90","in_progress","false","","2026-05-05T23:43:37.185Z","233","auto_closed","69fa80aa0ffb9f72dcb20a16","2026-05-05T23:43:38.345000","2026-05-06T03:37:06.203000","service_720f1ed7-4d53-4623-8377-a9877bf2f722","service+720f1ed7-4d53-4623-8377-a9877bf2f722@no-reply.base44.com","false"
"69fa7fbc3685a1e3ae93f54f","true","artist","2026-05-06T03:36:39.462Z","","false","","2026-05-06T03:36:39.462Z","69fa7fbdc41ed8087c4392f3","69f2706d181676bbd6e82a5e","","","","1","40","in_progress","false","","2026-05-05T23:43:25.103Z","233","auto_closed","69fa809e58f1f20b3ba39ab5","2026-05-05T23:43:26.194000","2026-05-06T03:36:45.649000","service_720f1ed7-4d53-4623-8377-a9877bf2f722","service+720f1ed7-4d53-4623-8377-a9877bf2f722@no-reply.base44.com","false"
"69fa7fbc3685a1e3ae93f54f","false","organizer","2026-05-06T03:36:36.750Z","","false","","","69fa7fbdc41ed8087c4392f3","69f62cd5271164a83828fd92","","","","0","50","in_progress","true","","2026-05-05T23:43:14.696Z","233","completed","69fa8093b3f2d3f4da9313a9","2026-05-05T23:43:15.923000","2026-05-06T03:36:37.237000","service_720f1ed7-4d53-4623-8377-a9877bf2f722","service+720f1ed7-4d53-4623-8377-a9877bf2f722@no-reply.base44.com","false"
"69f9059341ae2adfeef80403","true","artist","2026-05-04T21:49:33.054Z","","false","","2026-05-04T21:49:33.054Z","69f9059418c71b10d6b34f63","69f2706d181676bbd6e82a5e","","","","1","40","in_progress","false","","2026-05-04T20:50:20.828Z","59","auto_closed","69f9068ea6c08af7316b0d05","2026-05-04T20:50:22.067000","2026-05-04T21:49:39.395000","service_720f1ed7-4d53-4623-8377-a9877bf2f722","service+720f1ed7-4d53-4623-8377-a9877bf2f722@no-reply.base44.com","false"
"69f9059341ae2adfeef80403","false","organizer","2026-05-04T21:49:30.470Z","","false","","","69f9059418c71b10d6b34f63","69f62cd5271164a83828fd92","","","","0","50","in_progress","true","","2026-05-04T20:50:14.976Z","59","completed","69f906884802b47da807ae93","2026-05-04T20:50:16.074000","2026-05-04T21:49:30.919000","service_720f1ed7-4d53-4623-8377-a9877bf2f722","service+720f1ed7-4d53-4623-8377-a9877bf2f722@no-reply.base44.com","false"
"69f77a1c312b74a9460d126c","true","artist","2026-05-03T17:17:32.322Z","","false","","2026-05-03T17:17:32.322Z","69f77a1da63e0c7d0ef141e3","69f7701d31890c3d20e8c9d7","","","","2","60","in_progress","false","","2026-05-03T16:45:58.079Z","32","auto_closed","69f77bc7dfb959811eb14e02","2026-05-03T16:45:59.214000","2026-05-03T17:17:39.408000","service_720f1ed7-4d53-4623-8377-a9877bf2f722","service+720f1ed7-4d53-4623-8377-a9877bf2f722@no-reply.base44.com","false"
"69f77a1c312b74a9460d126c","true","artist","2026-05-03T17:17:32.322Z","-73.56744900397663","true","45.53853503202492","2026-05-03T17:17:32.322Z","69f77a1da63e0c7d0ef141e3","69f2706d181676bbd6e82a5e","","372","NC-0000000165","1","70","in_progress","false","","2026-05-03T16:45:56.599Z","32","auto_closed","69f77bc6a5af08adc2a759a9","2026-05-03T16:45:58.148000","2026-05-03T17:17:39.727000","service_720f1ed7-4d53-4623-8377-a9877bf2f722","service+720f1ed7-4d53-4623-8377-a9877bf2f722@no-reply.base44.com","false"
"69f77a1c312b74a9460d126c","false","organizer","2026-05-03T17:17:30.003Z","","false","","","69f77a1da63e0c7d0ef141e3","69f62cd5271164a83828fd92","","","","0","50","in_progress","true","","2026-05-03T16:45:44.033Z","32","completed","69f77bb9e647b068d63fef17","2026-05-03T16:45:45.163000","2026-05-03T17:17:30.412000","service_720f1ed7-4d53-4623-8377-a9877bf2f722","service+720f1ed7-4d53-4623-8377-a9877bf2f722@no-reply.base44.com","false"
"69f75180ac78024b59cd0de7","false","audience","2026-05-03T14:40:46.443Z","-73.56744374464378","true","45.53853426831505","2026-05-03T14:40:46.443Z","69f751813e778879b5ffa82b","69f75ab48443764c81e1d5f8","","372","NC-0000000165","3","90","in_progress","false","","2026-05-03T14:37:44.836Z","3","auto_closed","69f75dbaeab83c9d0518ce3f","2026-05-03T14:37:46.026000","2026-05-03T14:40:57.558000","service_720f1ed7-4d53-4623-8377-a9877bf2f722","service+720f1ed7-4d53-4623-8377-a9877bf2f722@no-reply.base44.com","false"
"69f75180ac78024b59cd0de7","true","artist","2026-05-03T14:40:46.443Z","-73.567466207","true","45.53855252051098","2026-05-03T14:40:46.443Z","69f751813e778879b5ffa82b","69f62dd4479edabdf08b12ee","","374","NC-0000000165","1","70","in_progress","false","","2026-05-03T14:03:42.609Z","37","auto_closed","69f755bfecfe85282a1d0755","2026-05-03T14:03:43.793000","2026-05-03T14:40:57.766000","service_720f1ed7-4d53-4623-8377-a9877bf2f722","service+720f1ed7-4d53-4623-8377-a9877bf2f722@no-reply.base44.com","false"
"69f75180ac78024b59cd0de7","true","artist","2026-05-03T14:40:46.443Z","-73.567466207","true","45.53855252051098","2026-05-03T14:40:46.443Z","69f751813e778879b5ffa82b","69f2706d181676bbd6e82a5e","","374","NC-0000000165","1","70","in_progress","false","","2026-05-03T14:03:42.447Z","37","auto_closed","69f755bf7c9042c45511baac","2026-05-03T14:03:43.646000","2026-05-03T14:40:57.949000","service_720f1ed7-4d53-4623-8377-a9877bf2f722","service+720f1ed7-4d53-4623-8377-a9877bf2f722@no-reply.base44.com","false"
"69f75180ac78024b59cd0de7","false","organizer","2026-05-03T14:40:40.379Z","","false","","","69f751813e778879b5ffa82b","69f62cd5271164a83828fd92","","","","0","50","in_progress","true","","2026-05-03T14:03:32.034Z","37","completed","69f755b5d19e11fdc8105126","2026-05-03T14:03:33.073000","2026-05-03T14:40:40.824000","service_720f1ed7-4d53-4623-8377-a9877bf2f722","service+720f1ed7-4d53-4623-8377-a9877bf2f722@no-reply.base44.com","false"
"69f69253ae23482e8f256790","true","artist","2026-05-03T01:29:55.561Z","","false","","2026-05-03T01:29:55.561Z","69f69254f392f7e661cef876","69f2739b8a9489588db01d2c","","","","2","60","in_progress","false","","2026-05-03T00:21:08.506Z","69","auto_closed","69f694f5dc2d3ff656dc4128","2026-05-03T00:21:09.630000","2026-05-03T01:30:01.578000","service_720f1ed7-4d53-4623-8377-a9877bf2f722","service+720f1ed7-4d53-4623-8377-a9877bf2f722@no-reply.base44.com","false"
"69f69253ae23482e8f256790","false","organizer","2026-05-03T01:29:53.139Z","","false","","","69f69254f392f7e661cef876","69f2706d181676bbd6e82a5e","","","","1","50","in_progress","true","","2026-05-03T00:21:07.025Z","69","completed","69f694f446251d483ee62df9","2026-05-03T00:21:08.232000","2026-05-03T01:29:53.578000","service_720f1ed7-4d53-4623-8377-a9877bf2f722","service+720f1ed7-4d53-4623-8377-a9877bf2f722@no-reply.base44.com","false"
"69f69253ae23482e8f256790","true","artist","2026-05-03T01:29:55.561Z","","false","","2026-05-03T01:29:55.561Z","69f69254f392f7e661cef876","69f62cd5271164a83828fd92","","","","0","40","in_progress","false","","2026-05-03T00:21:05.108Z","69","auto_closed","69f694f27eaee1152e0d798b","2026-05-03T00:21:06.277000","2026-05-03T01:30:01.827000","service_720f1ed7-4d53-4623-8377-a9877bf2f722","service+720f1ed7-4d53-4623-8377-a9877bf2f722@no-reply.base44.com","false"
"69f6261577278f600ed8ca2e","true","audience","2026-05-02T22:24:43.506Z","","false","","","69f62616b3fbeeabb8b1ba56","69f62cd5271164a83828fd92","","","","2","85","in_progress","false","","2026-05-02T22:24:32.008Z","90","completed","69f679a26dbbc4aa5f6d655e","2026-05-02T22:24:34.778000","2026-05-02T23:37:39.393000","service_720f1ed7-4d53-4623-8377-a9877bf2f722","service+720f1ed7-4d53-4623-8377-a9877bf2f722@no-reply.base44.com","false"
"69f6261577278f600ed8ca2e","true","artist","2026-05-02T22:24:39.449Z","-73.56745841286862","false","45.53854734494452","","69f62616b3fbeeabb8b1ba56","69f2706d181676bbd6e82a5e","","3799","NC-0000000101","1","85","in_progress","false","","2026-05-02T22:23:18.775Z","90","completed","69f6795877b128bd01875358","2026-05-02T22:23:20.296000","2026-05-02T23:38:27.760000","service_720f1ed7-4d53-4623-8377-a9877bf2f722","service+720f1ed7-4d53-4623-8377-a9877bf2f722@no-reply.base44.com","false"
"69f6261577278f600ed8ca2e","true","organizer","2026-05-02T22:30:42.107Z","","false","","","69f62616b3fbeeabb8b1ba56","69f218c618cc26dee7ae01ce","","90","","0","85","in_progress","true","","2026-05-02T22:23:13.085Z","7","completed","69f679523e2ac437756fcd64","2026-05-02T22:23:14.449000","2026-05-02T23:38:47.137000","service_720f1ed7-4d53-4623-8377-a9877bf2f722","service+720f1ed7-4d53-4623-8377-a9877bf2f722@no-reply.base44.com","false"
"69f628a58b137f63df8a0790","true","audience","2026-05-02T22:18:40.435Z","-73.56746538645946","false","45.53854415865015","2026-05-02T22:18:40.435Z","69f628a7847b151a2e90e8ec","69f62dd4479edabdf08b12ee","","3512","NC-0000000122","2","85","in_progress","false","","2026-05-02T22:18:27.922Z","90","auto_closed","69f67835dfa5d712ffa4b23c","2026-05-02T22:18:29.542000","2026-05-02T23:39:22.671000","service_720f1ed7-4d53-4623-8377-a9877bf2f722","service+720f1ed7-4d53-4623-8377-a9877bf2f722@no-reply.base44.com","false"
"69f628a58b137f63df8a0790","true","artist","2026-05-02T22:18:40.435Z","-73.56743863582204","false","45.538521296701155","2026-05-02T22:18:40.435Z","69f628a7847b151a2e90e8ec","69f2706d181676bbd6e82a5e","","90","NC-0000000122","1","85","in_progress","false","","2026-05-02T22:18:09.975Z","90","auto_closed","69f67823384c3c3888f67e3c","2026-05-02T22:18:11.228000","2026-05-02T23:40:05.350000","service_720f1ed7-4d53-4623-8377-a9877bf2f722","service+720f1ed7-4d53-4623-8377-a9877bf2f722@no-reply.base44.com","false"
"69f628a58b137f63df8a0790","true","organizer","2026-05-02T22:18:36.663Z","","false","","","69f628a7847b151a2e90e8ec","69f218c618cc26dee7ae01ce","","","","0","85","in_progress","false","","2026-05-02T22:17:48.255Z","90","completed","69f6780dae23482e8f2556c1","2026-05-02T22:17:49.125000","2026-05-02T23:40:27.094000","service_720f1ed7-4d53-4623-8377-a9877bf2f722","service+720f1ed7-4d53-4623-8377-a9877bf2f722@no-reply.base44.com","false"
"69f634af3f0bc18f639bd7bf","true","artist","2026-05-02T17:36:39.690Z","-73.56747006983836","false","45.53854761465243","2026-05-02T17:36:39.690Z","69f634b0abd969a8173bc805","69f2706d181676bbd6e82a5e","","3861","NC-0000000160","1","85","in_progress","false","","2026-05-02T17:36:25.556Z","90","auto_closed","69f6361aeca997ad8ef2234b","2026-05-02T17:36:26.854000","2026-05-02T23:42:21.049000","service_720f1ed7-4d53-4623-8377-a9877bf2f722","service+720f1ed7-4d53-4623-8377-a9877bf2f722@no-reply.base44.com","false"
"69f634af3f0bc18f639bd7bf","true","organizer","2026-05-02T17:36:37.498Z","","false","","","69f634b0abd969a8173bc805","69f218c618cc26dee7ae01ce","","","","0","85","in_progress","false","","2026-05-02T17:36:23.234Z","90","completed","69f63618ac70d6c065a56e45","2026-05-02T17:36:24.482000","2026-05-02T23:42:34.661000","service_720f1ed7-4d53-4623-8377-a9877bf2f722","service+720f1ed7-4d53-4623-8377-a9877bf2f722@no-reply.base44.com","false"
"69f62ccbbfe7cfd19437a1f6","false","audience","2026-05-02T17:07:09.408Z","-73.5674456014319","false","45.53853193388277","2026-05-02T17:07:09.408Z","69f62ccc71d655dd418527d6","69f62dd4479edabdf08b12ee","","27808","NC-0000000025","4","60","in_progress","false","","2026-05-02T17:06:42.760Z","1","auto_closed","69f62f23cb3ff5d370df4248","2026-05-02T17:06:43.817000","2026-05-02T17:07:15.353000","service_720f1ed7-4d53-4623-8377-a9877bf2f722","service+720f1ed7-4d53-4623-8377-a9877bf2f722@no-reply.base44.com","false"
"69f62ccbbfe7cfd19437a1f6","false","audience","2026-05-02T17:07:09.408Z","","false","","2026-05-02T17:07:09.408Z","69f62ccc71d655dd418527d6","69f62cd5271164a83828fd92","","","","3","60","in_progress","false","","2026-05-02T17:06:20.998Z","1","auto_closed","69f62f0ea124d87c46f58a15","2026-05-02T17:06:22.112000","2026-05-02T17:07:15.589000","service_720f1ed7-4d53-4623-8377-a9877bf2f722","service+720f1ed7-4d53-4623-8377-a9877bf2f722@no-reply.base44.com","false"
"69f62ccbbfe7cfd19437a1f6","true","artist","2026-05-02T17:07:09.408Z","-73.56741963475143","false","45.53851395350483","2026-05-02T17:07:09.408Z","69f62ccc71d655dd418527d6","69f2706d181676bbd6e82a5e","","27809","NC-0000000025","2","85","in_progress","false","","2026-05-02T17:05:17.548Z","90","auto_closed","69f62ece5b5ee60f86810c52","2026-05-02T17:05:18.791000","2026-05-02T23:41:10.094000","service_720f1ed7-4d53-4623-8377-a9877bf2f722","service+720f1ed7-4d53-4623-8377-a9877bf2f722@no-reply.base44.com","false"
"69f62ccbbfe7cfd19437a1f6","true","organizer","2026-05-02T17:07:07.019Z","-73.56741963475143","false","45.53851395350483","","69f62ccc71d655dd418527d6","69f218c618cc26dee7ae01ce","","27809","NC-0000000025","0","85","in_progress","true","","2026-05-02T17:05:11.453Z","90","completed","69f62ec87bd1c5d4f31a16ad","2026-05-02T17:05:12.998000","2026-05-02T23:41:46.900000","service_720f1ed7-4d53-4623-8377-a9877bf2f722","service+720f1ed7-4d53-4623-8377-a9877bf2f722@no-reply.base44.com","false"
"69f62ccbbfe7cfd19437a1f6","true","organizer","2026-05-02T17:07:09.408Z","-73.56741963475143","false","45.53851395350483","2026-05-02T17:07:09.408Z","69f62ccc71d655dd418527d6","69f218c618cc26dee7ae01ce","","27809","NC-0000000025","0","85","in_progress","false","","2026-05-02T17:05:11.509Z","90","auto_closed","69f62ec8ab7f78149313a54f","2026-05-02T17:05:12.838000","2026-05-02T23:41:25.940000","service_720f1ed7-4d53-4623-8377-a9877bf2f722","service+720f1ed7-4d53-4623-8377-a9877bf2f722@no-reply.base44.com","false"