systemId,bioFr,parentSystemId,color,level,displayName,active,racineSystemId,sotsGlobalScore,unlockLevel,rarityTier,sotsRecent30Score,totalVotes,domainKey,id,created_date,updated_date,created_by_id,created_by,is_sample
"ST-000247","","ST-000094","","2","Afro Beat","true","ST-000094","0","1","common","0","0","music","69f4b16fa5806fda0dd3d193","2026-05-01T13:58:07.621000","2026-05-01T13:58:07.621000","69f218c618cc26dee7ae01ce","frederik.gelin@gmail.com","false"
"ST-000246","","ST-000002","","3","Amapiano","true","ST-000001","0","1","common","0","0","music","69f4b0ee582f16d2b60a2102","2026-05-01T13:55:58.621000","2026-05-01T13:55:58.621000","69f218c618cc26dee7ae01ce","frederik.gelin@gmail.com","false"
"ST-000205","","ST-000196","","3","Live Streaming & Webcasting","true","ST-000193","0","1","common","0","0","video","69f2615c703ebba22c037375","2026-04-29T19:51:56.040000","2026-04-29T19:51:56.040000","69f218c618cc26dee7ae01ce","frederik.gelin@gmail.com","false"
"ST-000199","Vidéo Corporate / Institutionnelle ","ST-000193","","2","Vidéo Corporate / Institutionnelle","true","ST-000193","0","1","common","0","0","video","69f2615c703ebba22c03737b","2026-04-29T19:51:56.040000","2026-04-29T19:51:56.040000","69f218c618cc26dee7ae01ce","frederik.gelin@gmail.com","false"
"ST-000202","","ST-000195","","3","Buzz","true","ST-000193","0","1","common","0","0","video","69f2615c703ebba22c037378","2026-04-29T19:51:56.040000","2026-04-29T19:51:56.040000","69f218c618cc26dee7ae01ce","frederik.gelin@gmail.com","false"
"ST-000200","Storytelling","ST-000194","","3","Storytelling","true","ST-000193","0","1","common","0","0","video","69f2615c703ebba22c03737a","2026-04-29T19:51:56.040000","2026-04-29T19:51:56.040000","69f218c618cc26dee7ae01ce","frederik.gelin@gmail.com","false"
"ST-000198","","ST-000193","","2","Interviews / Témoignages","true","ST-000193","0","1","common","0","0","video","69f2615c703ebba22c03737c","2026-04-29T19:51:56.040000","2026-04-29T19:51:56.040000","69f218c618cc26dee7ae01ce","frederik.gelin@gmail.com","false"
"ST-000206","","ST-000196","","3","Hybride (audience physique et virtuelle)","true","ST-000193","0","1","common","0","0","video","69f2615c703ebba22c037374","2026-04-29T19:51:56.040000","2026-04-29T19:51:56.040000","69f218c618cc26dee7ae01ce","frederik.gelin@gmail.com","false"
"ST-000203","","ST-000195","","3","Save the date","true","ST-000193","0","1","common","0","0","video","69f2615c703ebba22c037377","2026-04-29T19:51:56.040000","2026-04-29T19:51:56.040000","69f218c618cc26dee7ae01ce","frederik.gelin@gmail.com","false"
"ST-000201","","ST-000194","","3","Immersif","true","ST-000193","0","1","common","0","0","video","69f2615c703ebba22c037379","2026-04-29T19:51:56.040000","2026-04-29T19:51:56.040000","69f218c618cc26dee7ae01ce","frederik.gelin@gmail.com","false"
"ST-000204","","ST-000196","","3","Multicaméra (Style TV)","true","ST-000193","0","1","common","0","0","video","69f2615c703ebba22c037376","2026-04-29T19:51:56.040000","2026-04-29T19:51:56.040000","69f218c618cc26dee7ae01ce","frederik.gelin@gmail.com","false"
"ST-000207","","ST-000196","","3","Podcasts","true","ST-000193","0","1","common","0","0","video","69f2615c703ebba22c037373","2026-04-29T19:51:56.040000","2026-04-29T19:51:56.040000","69f218c618cc26dee7ae01ce","frederik.gelin@gmail.com","false"
"ST-000121","","ST-000120","","2","Metal","true","ST-000120","0","1","common","0","0","music","69f2615c703ebba22c03733a","2026-04-29T19:51:56.039000","2026-04-29T19:51:56.039000","69f218c618cc26dee7ae01ce","frederik.gelin@gmail.com","false"
"ST-000123","","ST-000120","","2","Punk / wave","true","ST-000120","0","1","common","0","0","music","69f2615c703ebba22c03733c","2026-04-29T19:51:56.039000","2026-04-29T19:51:56.039000","69f218c618cc26dee7ae01ce","frederik.gelin@gmail.com","false"
"ST-000111","","ST-000095","","3","Milonga","false","ST-000094","0","1","common","0","0","music","69f2615c703ebba22c03734e","2026-04-29T19:51:56.039000","2026-04-29T19:51:56.039000","69f218c618cc26dee7ae01ce","frederik.gelin@gmail.com","false"
"ST-000113","","ST-000095","","3","Soca","true","ST-000094","0","12","epic","0","0","music","69f2615c703ebba22c037350","2026-04-29T19:51:56.039000","2026-04-29T19:51:56.039000","69f218c618cc26dee7ae01ce","frederik.gelin@gmail.com","false"
"ST-000209","","ST-000197","","3","Capsule","true","ST-000193","0","1","common","0","0","video","69f2615c703ebba22c037371","2026-04-29T19:51:56.039000","2026-04-29T19:51:56.039000","69f218c618cc26dee7ae01ce","frederik.gelin@gmail.com","false"
"ST-000116","","ST-000095","","3","Bolero","true","ST-000094","0","1","common","0","0","music","69f2615c703ebba22c037342","2026-04-29T19:51:56.039000","2026-04-29T19:51:56.039000","69f218c618cc26dee7ae01ce","frederik.gelin@gmail.com","false"
"ST-000233","","","","1","Portrait","true","ST-000233","0","1","common","0","0","photo","69f2615c703ebba22c037358","2026-04-29T19:51:56.039000","2026-04-29T19:51:56.039000","69f218c618cc26dee7ae01ce","frederik.gelin@gmail.com","false"
"ST-000214","","ST-000198","","3","Conversations (2 personnes)","true","ST-000193","0","1","common","0","0","video","69f2615c703ebba22c03736c","2026-04-29T19:51:56.039000","2026-04-29T19:51:56.039000","69f218c618cc26dee7ae01ce","frederik.gelin@gmail.com","false"
"ST-000208","","ST-000196","","3","Concerts","true","ST-000193","0","1","common","0","0","video","69f2615c703ebba22c037372","2026-04-29T19:51:56.039000","2026-04-29T19:51:56.039000","69f218c618cc26dee7ae01ce","frederik.gelin@gmail.com","false"
"ST-000137","","ST-000121","","3","Power Metal","true","ST-000120","0","7","rare","0","0","music","69f2615c703ebba22c037330","2026-04-29T19:51:56.039000","2026-04-29T19:51:56.039000","69f218c618cc26dee7ae01ce","frederik.gelin@gmail.com","false"
"ST-000136","","ST-000121","","3","Progressive Metal","true","ST-000120","0","7","rare","0","0","music","69f2615c703ebba22c037331","2026-04-29T19:51:56.039000","2026-04-29T19:51:56.039000","69f218c618cc26dee7ae01ce","frederik.gelin@gmail.com","false"
"ST-000120","","","","1","Rock","true","ST-000120","0","1","common","0","0","music","69f2615c703ebba22c037339","2026-04-29T19:51:56.039000","2026-04-29T19:51:56.039000","69f218c618cc26dee7ae01ce","frederik.gelin@gmail.com","false"
"ST-000223","Cocktails tropicaux, souvent à base de rhum, avec des décorations élaborées et créatives","","","1","Tiki","true","ST-000223","0","1","common","0","0","food","69f2615c703ebba22c037362","2026-04-29T19:51:56.039000","2026-04-29T19:51:56.039000","69f218c618cc26dee7ae01ce","frederik.gelin@gmail.com","false"
"ST-000220","Expert en création de cocktails, il conçoit des recettes originales et maîtrise l'art de mélanger les saveurs","","","1","Mixologie","true","ST-000220","0","1","common","0","0","food","69f2615c703ebba22c037365","2026-04-29T19:51:56.039000","2026-04-29T19:51:56.039000","69f218c618cc26dee7ae01ce","frederik.gelin@gmail.com","false"
"ST-000212","","ST-000197","","3","Cinématique","true","ST-000193","0","1","common","0","0","video","69f2615c703ebba22c03736e","2026-04-29T19:51:56.039000","2026-04-29T19:51:56.039000","69f218c618cc26dee7ae01ce","frederik.gelin@gmail.com","false"
"ST-000131","","ST-000123","","3","Anarcho-Punk","true","ST-000120","0","1","common","0","0","music","69f2615c703ebba22c037336","2026-04-29T19:51:56.039000","2026-04-29T19:51:56.039000","69f218c618cc26dee7ae01ce","frederik.gelin@gmail.com","false"
"ST-000130","","ST-000123","","3","Punk Rock","true","ST-000120","0","7","rare","0","0","music","69f2615c703ebba22c037337","2026-04-29T19:51:56.039000","2026-04-29T19:51:56.039000","69f218c618cc26dee7ae01ce","frederik.gelin@gmail.com","false"
"ST-000122","","ST-000120","","2","Alt / indie","true","ST-000120","0","1","common","0","0","music","69f2615c703ebba22c03733b","2026-04-29T19:51:56.039000","2026-04-29T19:51:56.039000","69f218c618cc26dee7ae01ce","frederik.gelin@gmail.com","false"
"ST-000128","","ST-000124","","3","Golden age","true","ST-000120","0","2","common","0","0","music","69f2615c703ebba22c037341","2026-04-29T19:51:56.039000","2026-04-29T19:51:56.039000","69f218c618cc26dee7ae01ce","frederik.gelin@gmail.com","false"
"ST-000224","Maîtrise des grands classiques (Martini, Mojito, Old Fashioned) en les réinventant.","ST-000220","","2","Classique / Revisitée","true","ST-000220","0","1","common","0","0","food","69f2615c703ebba22c037361","2026-04-29T19:51:56.039000","2026-04-29T19:51:56.039000","69f218c618cc26dee7ae01ce","frederik.gelin@gmail.com","false"
"ST-000110","","ST-000095","","3","Cumbia","true","ST-000094","0","2","common","0","0","music","69f2615c703ebba22c03734d","2026-04-29T19:51:56.039000","2026-04-29T19:51:56.039000","69f218c618cc26dee7ae01ce","frederik.gelin@gmail.com","false"
"ST-000112","","ST-000095","","3","Samba","true","ST-000094","0","10","epic","0","0","music","69f2615c703ebba22c03734f","2026-04-29T19:51:56.039000","2026-04-29T19:51:56.039000","69f218c618cc26dee7ae01ce","frederik.gelin@gmail.com","false"
"ST-000101","","ST-000096","","3","Dub","true","ST-000094","0","2","common","0","0","music","69f2615c703ebba22c037354","2026-04-29T19:51:56.039000","2026-04-29T19:51:56.039000","69f218c618cc26dee7ae01ce","frederik.gelin@gmail.com","false"
"ST-000227","","ST-000221","","2","Haut Volume","true","ST-000221","0","1","common","0","0","food","69f2615c703ebba22c03735e","2026-04-29T19:51:56.039000","2026-04-29T19:51:56.039000","69f218c618cc26dee7ae01ce","frederik.gelin@gmail.com","false"
"ST-000213","","ST-000198","","3","Micro-trottoir","true","ST-000193","0","1","common","0","0","video","69f2615c703ebba22c03736d","2026-04-29T19:51:56.039000","2026-04-29T19:51:56.039000","69f218c618cc26dee7ae01ce","frederik.gelin@gmail.com","false"
"ST-000138","","ST-000121","","3","Death Metal","true","ST-000120","0","2","common","0","0","music","69f2615c703ebba22c03732f","2026-04-29T19:51:56.039000","2026-04-29T19:51:56.039000","69f218c618cc26dee7ae01ce","frederik.gelin@gmail.com","false"
"ST-000133","","ST-000122","","3","Indie Rock","true","ST-000120","0","4","rare","0","0","music","69f2615c703ebba22c037334","2026-04-29T19:51:56.039000","2026-04-29T19:51:56.039000","69f218c618cc26dee7ae01ce","frederik.gelin@gmail.com","false"
"ST-000103","","ST-000096","","3","Ragga","true","ST-000094","0","7","rare","0","0","music","69f2615c703ebba22c037352","2026-04-29T19:51:56.039000","2026-04-29T19:51:56.039000","69f218c618cc26dee7ae01ce","frederik.gelin@gmail.com","false"
"ST-000225","Utilisation de techniques scientifiques (siphons, sphérification, azote liquide) pour créer de nouvelles textures et formes.","ST-000220","","2","Moléculaire","true","ST-000220","0","1","common","0","0","food","69f2615c703ebba22c037360","2026-04-29T19:51:56.039000","2026-04-29T19:51:56.039000","69f218c618cc26dee7ae01ce","frederik.gelin@gmail.com","false"
"ST-000219","","ST-000077","","3","Disco","true","ST-000076","0","2","common","0","0","music","69f2615c703ebba22c037366","2026-04-29T19:51:56.039000","2026-04-29T19:51:56.039000","69f218c618cc26dee7ae01ce","frederik.gelin@gmail.com","false"
"ST-000219","","ST-000199","","3","Témoignage Client","true","ST-000193","0","1","common","0","0","video","69f2615c703ebba22c037367","2026-04-29T19:51:56.039000","2026-04-29T19:51:56.039000","69f218c618cc26dee7ae01ce","frederik.gelin@gmail.com","false"
"ST-000216","Classique et direct, idéal pour des messages institutionnels forts ou des témoignages d'intervenants clés","ST-000198","","3","Face Caméra","true","ST-000193","0","1","common","0","0","video","69f2615c703ebba22c03736a","2026-04-29T19:51:56.039000","2026-04-29T19:51:56.039000","69f218c618cc26dee7ae01ce","frederik.gelin@gmail.com","false"
"ST-000215","","ST-000198","","3","Voix Off","true","ST-000193","0","1","common","0","0","video","69f2615c703ebba22c03736b","2026-04-29T19:51:56.039000","2026-04-29T19:51:56.039000","69f218c618cc26dee7ae01ce","frederik.gelin@gmail.com","false"
"ST-000211","","ST-000197","","3","Documentaire","true","ST-000193","0","1","common","0","0","video","69f2615c703ebba22c03736f","2026-04-29T19:51:56.039000","2026-04-29T19:51:56.039000","69f218c618cc26dee7ae01ce","frederik.gelin@gmail.com","false"
"ST-000210","","ST-000197","","3","Reportage","true","ST-000193","0","1","common","0","0","video","69f2615c703ebba22c037370","2026-04-29T19:51:56.039000","2026-04-29T19:51:56.039000","69f218c618cc26dee7ae01ce","frederik.gelin@gmail.com","false"
"ST-000230","Performance artistique et acrobatique, souvent avec des bouteilles d'entraînement (vides ou lestées), destinée aux compétitions ou animations scéniques","ST-000222","","2","Exhibition Flair","true","ST-000222","0","1","common","0","0","food","69f2615c703ebba22c03735b","2026-04-29T19:51:56.039000","2026-04-29T19:51:56.039000","69f218c618cc26dee7ae01ce","frederik.gelin@gmail.com","false"
"ST-000129","","ST-000123","","3","Skate Punk","true","ST-000120","0","11","epic","0","0","music","69f2615c703ebba22c037338","2026-04-29T19:51:56.039000","2026-04-29T19:51:56.039000","69f218c618cc26dee7ae01ce","frederik.gelin@gmail.com","false"
"ST-000125","","ST-000124","","3","Soft Rock","true","ST-000120","0","12","epic","0","0","music","69f2615c703ebba22c03733e","2026-04-29T19:51:56.039000","2026-04-29T19:51:56.039000","69f218c618cc26dee7ae01ce","frederik.gelin@gmail.com","false"
"ST-000106","","ST-000095","","3","Boogaloo","false","ST-000094","0","1","common","0","0","music","69f2615c703ebba22c037349","2026-04-29T19:51:56.039000","2026-04-29T19:51:56.039000","69f218c618cc26dee7ae01ce","frederik.gelin@gmail.com","false"
"ST-000235","","","","1","Documentaire","true","ST-000235","0","1","common","0","0","photo","69f2615c703ebba22c037356","2026-04-29T19:51:56.039000","2026-04-29T19:51:56.039000","69f218c618cc26dee7ae01ce","frederik.gelin@gmail.com","false"
"ST-000228","","ST-000221","","2","Publicain & barman de quartier","true","ST-000221","0","1","common","0","0","food","69f2615c703ebba22c03735d","2026-04-29T19:51:56.039000","2026-04-29T19:51:56.039000","69f218c618cc26dee7ae01ce","frederik.gelin@gmail.com","false"
"ST-000117","","ST-000095","","3","Rumba","true","ST-000094","0","9","epic","0","0","music","69f2615c703ebba22c037343","2026-04-29T19:51:56.039000","2026-04-29T19:51:56.039000","69f218c618cc26dee7ae01ce","frederik.gelin@gmail.com","false"
"ST-000105","","ST-000095","","3","Merengue","true","ST-000094","0","5","rare","0","0","music","69f2615c703ebba22c037348","2026-04-29T19:51:56.039000","2026-04-29T19:51:56.039000","69f218c618cc26dee7ae01ce","frederik.gelin@gmail.com","false"
"ST-000134","","ST-000122","","3","Alternative","true","ST-000120","0","1","common","0","0","music","69f2615c703ebba22c037333","2026-04-29T19:51:56.039000","2026-04-29T19:51:56.039000","69f218c618cc26dee7ae01ce","frederik.gelin@gmail.com","false"
"ST-000132","","ST-000122","","3","Grunge","true","ST-000120","0","2","common","0","0","music","69f2615c703ebba22c037335","2026-04-29T19:51:56.039000","2026-04-29T19:51:56.039000","69f218c618cc26dee7ae01ce","frederik.gelin@gmail.com","false"
"ST-000229","","ST-000221","","2","Pour banquets","true","ST-000221","0","1","common","0","0","food","69f2615c703ebba22c03735c","2026-04-29T19:51:56.039000","2026-04-29T19:51:56.039000","69f218c618cc26dee7ae01ce","frederik.gelin@gmail.com","false"
"ST-000226","Mise en avant de produits locaux, herbes fraîches, sirops et infusions faits maison","ST-000220","","2","Artisanale","true","ST-000220","0","1","common","0","0","food","69f2615c703ebba22c03735f","2026-04-29T19:51:56.039000","2026-04-29T19:51:56.039000","69f218c618cc26dee7ae01ce","frederik.gelin@gmail.com","false"
"ST-000217","Mise en valeur des collaborateurs dans le cadre de l'événement","ST-000199","","3","Portrait d'équipe","true","ST-000193","0","1","common","0","0","video","69f2615c703ebba22c037369","2026-04-29T19:51:56.039000","2026-04-29T19:51:56.039000","69f218c618cc26dee7ae01ce","frederik.gelin@gmail.com","false"
"ST-000118","","ST-000095","","3","Mambo & Chachacha","true","ST-000094","0","5","rare","0","0","music","69f2615c703ebba22c037344","2026-04-29T19:51:56.039000","2026-04-29T19:51:56.039000","69f218c618cc26dee7ae01ce","frederik.gelin@gmail.com","false"
"ST-000221","Professionnel polyvalent qui sert et prépare les boissons, gère l'inventaire et assure l'ambiance du bar","","","1","Bartender","true","ST-000221","0","1","common","0","0","food","69f2615c703ebba22c037364","2026-04-29T19:51:56.039000","2026-04-29T19:51:56.039000","69f218c618cc26dee7ae01ce","frederik.gelin@gmail.com","false"
"ST-000124","","ST-000120","","2","Rock ‘n’ roll","true","ST-000120","0","1","common","0","0","music","69f2615c703ebba22c03733d","2026-04-29T19:51:56.039000","2026-04-29T19:51:56.039000","69f218c618cc26dee7ae01ce","frederik.gelin@gmail.com","false"
"ST-000119","","ST-000095","","3","Salsa","true","ST-000094","0","10","epic","0","0","music","69f2615c703ebba22c037345","2026-04-29T19:51:56.039000","2026-04-29T19:51:56.039000","69f218c618cc26dee7ae01ce","frederik.gelin@gmail.com","false"
"ST-000104","","ST-000095","","3","Baile-Funk","true","ST-000094","0","1","common","0","0","music","69f2615c703ebba22c037347","2026-04-29T19:51:56.039000","2026-04-29T19:51:56.039000","69f218c618cc26dee7ae01ce","frederik.gelin@gmail.com","false"
"ST-000107","","ST-000095","","3","Bossa Nova","true","ST-000094","0","1","common","0","0","music","69f2615c703ebba22c03734a","2026-04-29T19:51:56.039000","2026-04-29T19:51:56.039000","69f218c618cc26dee7ae01ce","frederik.gelin@gmail.com","false"
"ST-000109","","ST-000095","","3","Chacon","false","ST-000094","0","1","common","0","0","music","69f2615c703ebba22c03734c","2026-04-29T19:51:56.039000","2026-04-29T19:51:56.039000","69f218c618cc26dee7ae01ce","frederik.gelin@gmail.com","false"
"ST-000102","","ST-000096","","3","Dancehall","true","ST-000094","0","2","common","0","0","music","69f2615c703ebba22c037353","2026-04-29T19:51:56.039000","2026-04-29T19:51:56.039000","69f218c618cc26dee7ae01ce","frederik.gelin@gmail.com","false"
"ST-000231","Mouvements subtils et élégants concentrés sur la manipulation raffinée des outils (cuillère, jigger, tin) plutôt que le lancer de bouteilles","ST-000222","","2","Craft Flair","true","ST-000222","0","1","common","0","0","food","69f2615c703ebba22c03735a","2026-04-29T19:51:56.039000","2026-04-29T19:51:56.039000","69f218c618cc26dee7ae01ce","frederik.gelin@gmail.com","false"
"ST-000135","","ST-000121","","3","Classic Metal","true","ST-000120","0","2","common","0","0","music","69f2615c703ebba22c037332","2026-04-29T19:51:56.039000","2026-04-29T19:51:56.039000","69f218c618cc26dee7ae01ce","frederik.gelin@gmail.com","false"
"ST-000114","","ST-000095","","3","Tango","true","ST-000094","0","13","epic","0","0","music","69f2615c703ebba22c037351","2026-04-29T19:51:56.039000","2026-04-29T19:51:56.039000","69f218c618cc26dee7ae01ce","frederik.gelin@gmail.com","false"
"ST-000232","","","","1","Food truck","true","ST-000231","0","1","common","0","0","food","69f2615c703ebba22c037359","2026-04-29T19:51:56.039000","2026-04-29T19:51:56.039000","69f218c618cc26dee7ae01ce","frederik.gelin@gmail.com","false"
"ST-000126","","ST-000124","","3","Hard-core (Rock)","true","ST-000120","0","2","common","0","0","music","69f2615c703ebba22c03733f","2026-04-29T19:51:56.039000","2026-04-29T19:51:56.039000","69f218c618cc26dee7ae01ce","frederik.gelin@gmail.com","false"
"ST-000127","","ST-000124","","3","Contemporary Rock","true","ST-000120","0","2","common","0","0","music","69f2615c703ebba22c037340","2026-04-29T19:51:56.039000","2026-04-29T19:51:56.039000","69f218c618cc26dee7ae01ce","frederik.gelin@gmail.com","false"
"ST-000108","","ST-000095","","3","Calypso","false","ST-000094","0","1","common","0","0","music","69f2615c703ebba22c03734b","2026-04-29T19:51:56.039000","2026-04-29T19:51:56.039000","69f218c618cc26dee7ae01ce","frederik.gelin@gmail.com","false"
"ST-000236","","","","1","Mode","true","ST-000236","0","1","common","0","0","photo","69f2615c703ebba22c037355","2026-04-29T19:51:56.039000","2026-04-29T19:51:56.039000","69f218c618cc26dee7ae01ce","frederik.gelin@gmail.com","false"
"ST-000218","","ST-000199","","3","Formation / Tuto","true","ST-000193","0","1","common","0","0","video","69f2615c703ebba22c037368","2026-04-29T19:51:56.039000","2026-04-29T19:51:56.039000","69f218c618cc26dee7ae01ce","frederik.gelin@gmail.com","false"
"ST-000115","","ST-000095","","3","Tropicalia","false","ST-000094","0","1","common","0","0","music","69f2615c703ebba22c037346","2026-04-29T19:51:56.039000","2026-04-29T19:51:56.039000","69f218c618cc26dee7ae01ce","frederik.gelin@gmail.com","false"
"ST-000234","","","","1","Street","true","ST-000234","0","1","common","0","0","photo","69f2615c703ebba22c037357","2026-04-29T19:51:56.039000","2026-04-29T19:51:56.039000","69f218c618cc26dee7ae01ce","frederik.gelin@gmail.com","false"
"ST-000222","Jonglage et de manipulation de bouteilles et d'outils pour animer le service","","","1","Flair","true","ST-000222","0","1","common","0","0","food","69f2615c703ebba22c037363","2026-04-29T19:51:56.039000","2026-04-29T19:51:56.039000","69f218c618cc26dee7ae01ce","frederik.gelin@gmail.com","false"
"ST-000161","","ST-000147","","3","Absurde / non-sens","true","ST-000146","0","1","common","0","0","humour","69f2615c703ebba22c03730a","2026-04-29T19:51:56.038000","2026-04-29T19:51:56.038000","69f218c618cc26dee7ae01ce","frederik.gelin@gmail.com","false"
"ST-000182","","ST-000153","","3","Animateur de soirée","true","ST-000146","0","1","common","0","0","humour","69f2615c703ebba22c03731f","2026-04-29T19:51:56.038000","2026-04-29T19:51:56.038000","69f218c618cc26dee7ae01ce","frederik.gelin@gmail.com","false"
"ST-000184","","ST-000153","","3","Corporate","true","ST-000146","0","1","common","0","0","humour","69f2615c703ebba22c037321","2026-04-29T19:51:56.038000","2026-04-29T19:51:56.038000","69f218c618cc26dee7ae01ce","frederik.gelin@gmail.com","false"
"ST-000188","","ST-000154","","3","Questions au public","true","ST-000146","0","1","common","0","0","humour","69f2615c703ebba22c037325","2026-04-29T19:51:56.038000","2026-04-29T19:51:56.038000","69f218c618cc26dee7ae01ce","frederik.gelin@gmail.com","false"
"ST-000142","","ST-000140","","3","Kompa","true","ST-000094","0","4","rare","0","0","music","69f2615c703ebba22c03732b","2026-04-29T19:51:56.038000","2026-04-29T19:51:56.038000","69f218c618cc26dee7ae01ce","frederik.gelin@gmail.com","false"
"ST-000151","","ST-000146","","2","Musical","true","ST-000146","0","1","common","0","0","humour","69f2615c703ebba22c037300","2026-04-29T19:51:56.038000","2026-04-29T19:51:56.038000","69f218c618cc26dee7ae01ce","frederik.gelin@gmail.com","false"
"ST-000152","","ST-000146","","2","Physique","true","ST-000146","0","1","common","0","0","humour","69f2615c703ebba22c037301","2026-04-29T19:51:56.038000","2026-04-29T19:51:56.038000","69f218c618cc26dee7ae01ce","frederik.gelin@gmail.com","false"
"ST-000175","","ST-000151","","3","Parodie de chanson","true","ST-000146","0","1","common","0","0","humour","69f2615c703ebba22c037318","2026-04-29T19:51:56.038000","2026-04-29T19:51:56.038000","69f218c618cc26dee7ae01ce","frederik.gelin@gmail.com","false"
"ST-000139","","ST-000121","","3","Grindcore","true","ST-000120","0","2","common","0","0","music","69f2615c703ebba22c03732e","2026-04-29T19:51:56.038000","2026-04-29T19:51:56.038000","69f218c618cc26dee7ae01ce","frederik.gelin@gmail.com","false"
"ST-000243","","ST-000191","","3","Chillstep","true","ST-000001","0","1","common","0","0","music","69f2615c703ebba22c0372f4","2026-04-29T19:51:56.038000","2026-04-29T19:51:56.038000","69f218c618cc26dee7ae01ce","frederik.gelin@gmail.com","false"
"ST-000149","","ST-000146","","2","Sketch","true","ST-000146","0","1","common","0","0","humour","69f2615c703ebba22c0372fe","2026-04-29T19:51:56.038000","2026-04-29T19:51:56.038000","69f218c618cc26dee7ae01ce","frederik.gelin@gmail.com","false"
"ST-000155","","ST-000147","","3","Observations / chronique","true","ST-000146","0","1","common","0","0","humour","69f2615c703ebba22c037304","2026-04-29T19:51:56.038000","2026-04-29T19:51:56.038000","69f218c618cc26dee7ae01ce","frederik.gelin@gmail.com","false"
"ST-000160","","ST-000147","","3","Satire","true","ST-000146","0","1","common","0","0","humour","69f2615c703ebba22c037309","2026-04-29T19:51:56.038000","2026-04-29T19:51:56.038000","69f218c618cc26dee7ae01ce","frederik.gelin@gmail.com","false"
"ST-000196","Captation Live","ST-000193","","2","Captation Live","true","ST-000193","0","1","common","0","0","video","69f2615c703ebba22c0372f7","2026-04-29T19:51:56.038000","2026-04-29T19:51:56.038000","69f218c618cc26dee7ae01ce","frederik.gelin@gmail.com","false"
"ST-000157","","ST-000147","","3","One-liners","true","ST-000146","0","1","common","0","0","humour","69f2615c703ebba22c037306","2026-04-29T19:51:56.038000","2026-04-29T19:51:56.038000","69f218c618cc26dee7ae01ce","frederik.gelin@gmail.com","false"
"ST-000158","","ST-000147","","3","Noir","true","ST-000146","0","1","common","0","0","humour","69f2615c703ebba22c037307","2026-04-29T19:51:56.038000","2026-04-29T19:51:56.038000","69f218c618cc26dee7ae01ce","frederik.gelin@gmail.com","false"
"ST-000163","","ST-000147","","3","Politique","true","ST-000146","0","1","common","0","0","humour","69f2615c703ebba22c03730c","2026-04-29T19:51:56.038000","2026-04-29T19:51:56.038000","69f218c618cc26dee7ae01ce","frederik.gelin@gmail.com","false"
"ST-000165","","ST-000148","","3","Long form (Harold)","true","ST-000146","0","1","common","0","0","humour","69f2615c703ebba22c03730e","2026-04-29T19:51:56.038000","2026-04-29T19:51:56.038000","69f218c618cc26dee7ae01ce","frederik.gelin@gmail.com","false"
"ST-000166","","ST-000148","","3","Jeux courts (Whose Line?)","true","ST-000146","0","1","common","0","0","humour","69f2615c703ebba22c03730f","2026-04-29T19:51:56.038000","2026-04-29T19:51:56.038000","69f218c618cc26dee7ae01ce","frederik.gelin@gmail.com","false"
"ST-000180","","ST-000152","","3","Accessoires","true","ST-000146","0","1","common","0","0","humour","69f2615c703ebba22c03731d","2026-04-29T19:51:56.038000","2026-04-29T19:51:56.038000","69f218c618cc26dee7ae01ce","frederik.gelin@gmail.com","false"
"ST-000153","","ST-000146","","2","Animation / MC","true","ST-000146","0","1","common","0","0","humour","69f2615c703ebba22c037302","2026-04-29T19:51:56.038000","2026-04-29T19:51:56.038000","69f218c618cc26dee7ae01ce","frederik.gelin@gmail.com","false"
"ST-000190","","ST-000154","","3","Call & response","true","ST-000146","0","1","common","0","0","humour","69f2615c703ebba22c037327","2026-04-29T19:51:56.038000","2026-04-29T19:51:56.038000","69f218c618cc26dee7ae01ce","frederik.gelin@gmail.com","false"
"ST-000145","","ST-000140","","3","Shatta","true","ST-000094","0","10","epic","0","0","music","69f2615c703ebba22c037328","2026-04-29T19:51:56.038000","2026-04-29T19:51:56.038000","69f218c618cc26dee7ae01ce","frederik.gelin@gmail.com","false"
"ST-000144","","ST-000140","","3","Bachata","true","ST-000094","0","1","common","0","0","music","69f2615c703ebba22c037329","2026-04-29T19:51:56.038000","2026-04-29T19:51:56.038000","69f218c618cc26dee7ae01ce","frederik.gelin@gmail.com","false"
"ST-000195","Teaser / Vidéo Promotionnelle","ST-000193","","2","Teaser / Vidéo Promotionnelle","true","ST-000193","0","1","common","0","0","video","69f2615c703ebba22c0372f8","2026-04-29T19:51:56.038000","2026-04-29T19:51:56.038000","69f218c618cc26dee7ae01ce","frederik.gelin@gmail.com","false"
"ST-000179","","ST-000152","","3","Clown","true","ST-000146","0","1","common","0","0","humour","69f2615c703ebba22c03731c","2026-04-29T19:51:56.038000","2026-04-29T19:51:56.038000","69f218c618cc26dee7ae01ce","frederik.gelin@gmail.com","false"
"ST-000148","","ST-000146","","2","Impro","true","ST-000146","0","1","common","0","0","humour","69f2615c703ebba22c0372fd","2026-04-29T19:51:56.038000","2026-04-29T19:51:56.038000","69f218c618cc26dee7ae01ce","frederik.gelin@gmail.com","false"
"ST-000150","","ST-000146","","2","Personnage","true","ST-000146","0","1","common","0","0","humour","69f2615c703ebba22c0372ff","2026-04-29T19:51:56.038000","2026-04-29T19:51:56.038000","69f218c618cc26dee7ae01ce","frederik.gelin@gmail.com","false"
"ST-000174","","ST-000150","","3","Récurrent (série)","true","ST-000146","0","1","common","0","0","humour","69f2615c703ebba22c037317","2026-04-29T19:51:56.038000","2026-04-29T19:51:56.038000","69f218c618cc26dee7ae01ce","frederik.gelin@gmail.com","false"
"ST-000176","","ST-000151","","3","Pastiche","true","ST-000146","0","1","common","0","0","humour","69f2615c703ebba22c037319","2026-04-29T19:51:56.038000","2026-04-29T19:51:56.038000","69f218c618cc26dee7ae01ce","frederik.gelin@gmail.com","false"
"ST-000143","","ST-000140","","3","Bouyon","true","ST-000094","0","1","common","0","0","music","69f2615c703ebba22c03732a","2026-04-29T19:51:56.038000","2026-04-29T19:51:56.038000","69f218c618cc26dee7ae01ce","frederik.gelin@gmail.com","false"
"ST-000241","","ST-000191","","3","Tearout","true","ST-000001","0","1","common","0","0","music","69f2615c703ebba22c0372f2","2026-04-29T19:51:56.038000","2026-04-29T19:51:56.038000","69f218c618cc26dee7ae01ce","frederik.gelin@gmail.com","false"
"ST-000244","","ST-000191","","3","140","true","ST-000001","0","1","common","0","0","music","69f2615c703ebba22c0372f5","2026-04-29T19:51:56.038000","2026-04-29T19:51:56.038000","69f218c618cc26dee7ae01ce","frederik.gelin@gmail.com","false"
"ST-000167","","ST-000148","","3","Impro musicale","true","ST-000146","0","1","common","0","0","humour","69f2615c703ebba22c037310","2026-04-29T19:51:56.038000","2026-04-29T19:51:56.038000","69f218c618cc26dee7ae01ce","frederik.gelin@gmail.com","false"
"ST-000140","","ST-000094","","2","Caraïbes","true","ST-000094","0","1","common","0","0","music","69f2615c703ebba22c03732d","2026-04-29T19:51:56.038000","2026-04-29T19:51:56.038000","69f218c618cc26dee7ae01ce","frederik.gelin@gmail.com","false"
"ST-000193","Événementiel","","","1","Événementiel","true","ST-000193","0","1","common","0","0","video","69f2615c703ebba22c0372fa","2026-04-29T19:51:56.038000","2026-04-29T19:51:56.038000","69f218c618cc26dee7ae01ce","frederik.gelin@gmail.com","false"
"ST-000168","","ST-000149","","3","Sketch de personnages","true","ST-000146","0","1","common","0","0","humour","69f2615c703ebba22c037311","2026-04-29T19:51:56.038000","2026-04-29T19:51:56.038000","69f218c618cc26dee7ae01ce","frederik.gelin@gmail.com","false"
"ST-000173","","ST-000150","","3","Caricature","true","ST-000146","0","1","common","0","0","humour","69f2615c703ebba22c037316","2026-04-29T19:51:56.038000","2026-04-29T19:51:56.038000","69f218c618cc26dee7ae01ce","frederik.gelin@gmail.com","false"
"ST-000178","","ST-000152","","3","Burlesque","true","ST-000146","0","1","common","0","0","humour","69f2615c703ebba22c03731b","2026-04-29T19:51:56.038000","2026-04-29T19:51:56.038000","69f218c618cc26dee7ae01ce","frederik.gelin@gmail.com","false"
"ST-000186","","ST-000154","","3","Warm-up (chauffeur de salle)","true","ST-000146","0","1","common","0","0","humour","69f2615c703ebba22c037323","2026-04-29T19:51:56.038000","2026-04-29T19:51:56.038000","69f218c618cc26dee7ae01ce","frederik.gelin@gmail.com","false"
"ST-000187","","ST-000154","","3","Jeux / quiz","true","ST-000146","0","1","common","0","0","humour","69f2615c703ebba22c037324","2026-04-29T19:51:56.038000","2026-04-29T19:51:56.038000","69f218c618cc26dee7ae01ce","frederik.gelin@gmail.com","false"
"ST-000242","","ST-000191","","3","Deep Dubstep","true","ST-000001","0","1","common","0","0","music","69f2615c703ebba22c0372f3","2026-04-29T19:51:56.038000","2026-04-29T19:51:56.038000","69f218c618cc26dee7ae01ce","frederik.gelin@gmail.com","false"
"ST-000197","Reportage","ST-000193","","2","Reportage","true","ST-000193","0","1","common","0","0","video","69f2615c703ebba22c0372f6","2026-04-29T19:51:56.038000","2026-04-29T19:51:56.038000","69f218c618cc26dee7ae01ce","frederik.gelin@gmail.com","false"
"ST-000159","","ST-000147","","3","Trash / vulgaire","true","ST-000146","0","1","common","0","0","humour","69f2615c703ebba22c037308","2026-04-29T19:51:56.038000","2026-04-29T19:51:56.038000","69f218c618cc26dee7ae01ce","frederik.gelin@gmail.com","false"
"ST-000164","","ST-000148","","3","Match d’impro","true","ST-000146","0","1","common","0","0","humour","69f2615c703ebba22c03730d","2026-04-29T19:51:56.038000","2026-04-29T19:51:56.038000","69f218c618cc26dee7ae01ce","frederik.gelin@gmail.com","false"
"ST-000181","","ST-000152","","3","Mime","true","ST-000146","0","1","common","0","0","humour","69f2615c703ebba22c03731e","2026-04-29T19:51:56.038000","2026-04-29T19:51:56.038000","69f218c618cc26dee7ae01ce","frederik.gelin@gmail.com","false"
"ST-000185","","ST-000153","","3","Mariage / party privé","true","ST-000146","0","1","common","0","0","humour","69f2615c703ebba22c037322","2026-04-29T19:51:56.038000","2026-04-29T19:51:56.038000","69f218c618cc26dee7ae01ce","frederik.gelin@gmail.com","false"
"ST-000146","","","","1","Humour","true","ST-000146","0","1","common","0","0","humour","69f2615c703ebba22c0372fb","2026-04-29T19:51:56.038000","2026-04-29T19:51:56.038000","69f218c618cc26dee7ae01ce","frederik.gelin@gmail.com","false"
"ST-000177","","ST-000151","","3","Jingles","true","ST-000146","0","1","common","0","0","humour","69f2615c703ebba22c03731a","2026-04-29T19:51:56.038000","2026-04-29T19:51:56.038000","69f218c618cc26dee7ae01ce","frederik.gelin@gmail.com","false"
"ST-000183","","ST-000153","","3","Gala / awards","true","ST-000146","0","1","common","0","0","humour","69f2615c703ebba22c037320","2026-04-29T19:51:56.038000","2026-04-29T19:51:56.038000","69f218c618cc26dee7ae01ce","frederik.gelin@gmail.com","false"
"ST-000147","","ST-000146","","2","Stand-up","true","ST-000146","0","1","common","0","0","humour","69f2615c703ebba22c0372fc","2026-04-29T19:51:56.038000","2026-04-29T19:51:56.038000","69f218c618cc26dee7ae01ce","frederik.gelin@gmail.com","false"
"ST-000171","","ST-000149","","3","Mockumentary / faux reportage","true","ST-000146","0","1","common","0","0","humour","69f2615c703ebba22c037314","2026-04-29T19:51:56.038000","2026-04-29T19:51:56.038000","69f218c618cc26dee7ae01ce","frederik.gelin@gmail.com","false"
"ST-000172","","ST-000150","","3","Imitations","true","ST-000146","0","1","common","0","0","humour","69f2615c703ebba22c037315","2026-04-29T19:51:56.038000","2026-04-29T19:51:56.038000","69f218c618cc26dee7ae01ce","frederik.gelin@gmail.com","false"
"ST-000141","","ST-000140","","3","Zouk","true","ST-000094","0","1","common","0","0","music","69f2615c703ebba22c03732c","2026-04-29T19:51:56.038000","2026-04-29T19:51:56.038000","69f218c618cc26dee7ae01ce","frederik.gelin@gmail.com","false"
"ST-000194","Aftermovie","ST-000193","","2","Aftermovie","true","ST-000193","0","1","common","0","0","video","69f2615c703ebba22c0372f9","2026-04-29T19:51:56.038000","2026-04-29T19:51:56.038000","69f218c618cc26dee7ae01ce","frederik.gelin@gmail.com","false"
"ST-000156","","ST-000147","","3","Anecdotes / storytelling","true","ST-000146","0","1","common","0","0","humour","69f2615c703ebba22c037305","2026-04-29T19:51:56.038000","2026-04-29T19:51:56.038000","69f218c618cc26dee7ae01ce","frederik.gelin@gmail.com","false"
"ST-000240","","ST-000191","","3","Melodic Dubstep","true","ST-000001","0","1","common","0","0","music","69f2615c703ebba22c0372f1","2026-04-29T19:51:56.038000","2026-04-29T19:51:56.038000","69f218c618cc26dee7ae01ce","frederik.gelin@gmail.com","false"
"ST-000154","","ST-000146","","2","Crowdwork","true","ST-000146","0","1","common","0","0","humour","69f2615c703ebba22c037303","2026-04-29T19:51:56.038000","2026-04-29T19:51:56.038000","69f218c618cc26dee7ae01ce","frederik.gelin@gmail.com","false"
"ST-000162","","ST-000147","","3","Roast","true","ST-000146","0","1","common","0","0","humour","69f2615c703ebba22c03730b","2026-04-29T19:51:56.038000","2026-04-29T19:51:56.038000","69f218c618cc26dee7ae01ce","frederik.gelin@gmail.com","false"
"ST-000169","","ST-000149","","3","Sketch d’absurde","true","ST-000146","0","1","common","0","0","humour","69f2615c703ebba22c037312","2026-04-29T19:51:56.038000","2026-04-29T19:51:56.038000","69f218c618cc26dee7ae01ce","frederik.gelin@gmail.com","false"
"ST-000170","","ST-000149","","3","Satire de société","true","ST-000146","0","1","common","0","0","humour","69f2615c703ebba22c037313","2026-04-29T19:51:56.038000","2026-04-29T19:51:56.038000","69f218c618cc26dee7ae01ce","frederik.gelin@gmail.com","false"
"ST-000189","","ST-000154","","3","Roast du public","true","ST-000146","0","1","common","0","0","humour","69f2615c703ebba22c037326","2026-04-29T19:51:56.038000","2026-04-29T19:51:56.038000","69f218c618cc26dee7ae01ce","frederik.gelin@gmail.com","false"
"ST-000089","","ST-000078","","3","Urban Breaks (Nu R&B Ii)","true","ST-000076","0","23","legendary","0","0","music","69f2615c703ebba22c03729e","2026-04-29T19:51:56.037000","2026-04-29T19:51:56.037000","69f218c618cc26dee7ae01ce","frederik.gelin@gmail.com","false"
"ST-000064","","ST-000004","85272e","3","Future Bass / Future Garage","true","ST-000001","0","2","common","0","0","music","69f2615c703ebba22c0372aa","2026-04-29T19:51:56.037000","2026-04-29T19:51:56.037000","69f218c618cc26dee7ae01ce","frederik.gelin@gmail.com","false"
"ST-000054","","ST-000004","85272e","3","Breakbeat Hardcore (Rave Ii)","true","ST-000001","0","1","common","0","0","music","69f2615c703ebba22c0372af","2026-04-29T19:51:56.037000","2026-04-29T19:51:56.037000","69f218c618cc26dee7ae01ce","frederik.gelin@gmail.com","false"
"ST-000044","","ST-000006","","3","Darkcore & Darkstep","true","ST-000001","0","2","common","0","0","music","69f2615c703ebba22c0372c0","2026-04-29T19:51:56.037000","2026-04-29T19:51:56.037000","69f218c618cc26dee7ae01ce","frederik.gelin@gmail.com","false"
"ST-000046","","ST-000006","","3","Happy Hardcore & Bouncy Techno","true","ST-000001","0","2","common","0","0","music","69f2615c703ebba22c0372c2","2026-04-29T19:51:56.037000","2026-04-29T19:51:56.037000","69f218c618cc26dee7ae01ce","frederik.gelin@gmail.com","false"
"ST-000047","","ST-000006","","3","Speedcore, Frenchcore & Terrorcore","true","ST-000001","0","13","epic","0","0","music","69f2615c703ebba22c0372c3","2026-04-29T19:51:56.037000","2026-04-29T19:51:56.037000","69f218c618cc26dee7ae01ce","frederik.gelin@gmail.com","false"
"ST-000037","","ST-000007","","3","Eurotrance & Vocal Trance","true","ST-000001","0","2","common","0","0","music","69f2615c703ebba22c0372cb","2026-04-29T19:51:56.037000","2026-04-29T19:51:56.037000","69f218c618cc26dee7ae01ce","frederik.gelin@gmail.com","false"
"ST-000040","","ST-000007","","3","Uplifting Trance / Epic Trance","true","ST-000001","0","21","legendary","0","0","music","69f2615c703ebba22c0372ce","2026-04-29T19:51:56.037000","2026-04-29T19:51:56.037000","69f218c618cc26dee7ae01ce","frederik.gelin@gmail.com","false"
"ST-000032","","ST-000002","#85272E","3","Moombahton","true","ST-000001","0","5","rare","0","0","music","69f2615c703ebba22c0372dd","2026-04-29T19:51:56.037000","2026-04-29T19:51:56.037000","69f218c618cc26dee7ae01ce","frederik.gelin@gmail.com","false"
"ST-000006","","ST-000001","","2","Hard-core","true","ST-000001","0","1","common","0","0","music","69f2615c703ebba22c0372e9","2026-04-29T19:51:56.037000","2026-04-29T19:51:56.037000","69f218c618cc26dee7ae01ce","frederik.gelin@gmail.com","false"
"ST-000078","","ST-000076","","2","Rap / Hip-Hop","true","ST-000076","0","1","common","0","0","music","69f2615c703ebba22c03729f","2026-04-29T19:51:56.037000","2026-04-29T19:51:56.037000","69f218c618cc26dee7ae01ce","frederik.gelin@gmail.com","false"
"ST-000045","","ST-000006","","3","(Early) Gabber","true","ST-000001","0","1","common","0","0","music","69f2615c703ebba22c0372c1","2026-04-29T19:51:56.037000","2026-04-29T19:51:56.037000","69f218c618cc26dee7ae01ce","frederik.gelin@gmail.com","false"
"ST-000020","","ST-000002","#85272E","3","Acid House","true","ST-000001","0","1","common","0","0","music","69f2615c703ebba22c0372d1","2026-04-29T19:51:56.037000","2026-04-29T19:51:56.037000","69f218c618cc26dee7ae01ce","frederik.gelin@gmail.com","false"
"ST-000038","","ST-000007","","3","Hardtrance","true","ST-000001","0","3","common","0","0","music","69f2615c703ebba22c0372cc","2026-04-29T19:51:56.037000","2026-04-29T19:51:56.037000","69f218c618cc26dee7ae01ce","frederik.gelin@gmail.com","false"
"ST-000056","","ST-000004","85272e","3","Chemical Breaks & Big Beat","true","ST-000001","0","2","common","0","0","music","69f2615c703ebba22c0372a2","2026-04-29T19:51:56.037000","2026-04-29T19:51:56.037000","69f218c618cc26dee7ae01ce","frederik.gelin@gmail.com","false"
"ST-000021","","ST-000002","#85272E","3","Ambient House / Chill-Out","true","ST-000001","0","1","common","0","0","music","69f2615c703ebba22c0372d2","2026-04-29T19:51:56.037000","2026-04-29T19:51:56.037000","69f218c618cc26dee7ae01ce","frederik.gelin@gmail.com","false"
"ST-000012","","ST-000003","","3","Ambient Techno & IDM (Intelligent Dance Music)","true","ST-000001","0","1","common","0","0","music","69f2615c703ebba22c0372e0","2026-04-29T19:51:56.037000","2026-04-29T19:51:56.037000","69f218c618cc26dee7ae01ce","frederik.gelin@gmail.com","false"
"ST-000005","","ST-000001","","2","Drum'n'Bass","true","ST-000001","0","1","common","0","0","music","69f2615c703ebba22c0372ea","2026-04-29T19:51:56.037000","2026-04-29T19:51:56.037000","69f218c618cc26dee7ae01ce","frederik.gelin@gmail.com","false"
"ST-000088","","ST-000078","","3","Trap & Drill","true","ST-000076","0","14","epic","0","0","music","69f2615c703ebba22c03729d","2026-04-29T19:51:56.037000","2026-04-29T19:51:56.037000","69f218c618cc26dee7ae01ce","frederik.gelin@gmail.com","false"
"ST-000070","","ST-000005","","3","Uk Garage (2-Step & Speed Garage)","true","ST-000001","0","17","legendary","0","0","music","69f2615c703ebba22c0372b5","2026-04-29T19:51:56.037000","2026-04-29T19:51:56.037000","69f218c618cc26dee7ae01ce","frederik.gelin@gmail.com","false"
"ST-000042","","ST-000003","","2","Hardcore Techno","true","ST-000001","0","1","common","0","0","music","69f2615c703ebba22c0372bd","2026-04-29T19:51:56.037000","2026-04-29T19:51:56.037000","69f218c618cc26dee7ae01ce","frederik.gelin@gmail.com","false"
"ST-000035","","ST-000007","","3","Goa Trance & Psytrance","true","ST-000001","0","2","common","0","0","music","69f2615c703ebba22c0372c9","2026-04-29T19:51:56.037000","2026-04-29T19:51:56.037000","69f218c618cc26dee7ae01ce","frederik.gelin@gmail.com","false"
"ST-000019","","ST-000002","#85272E","3","Chicago House & Garage House","true","ST-000001","0","2","common","0","0","music","69f2615c703ebba22c0372d0","2026-04-29T19:51:56.037000","2026-04-29T19:51:56.037000","69f218c618cc26dee7ae01ce","frederik.gelin@gmail.com","false"
"ST-000024","","ST-000002","#85272E","3","Ibiza House & Dream House","true","ST-000001","0","4","rare","0","0","music","69f2615c703ebba22c0372d5","2026-04-29T19:51:56.037000","2026-04-29T19:51:56.037000","69f218c618cc26dee7ae01ce","frederik.gelin@gmail.com","false"
"ST-000015","","ST-000003","","3","Tech House","true","ST-000001","0","13","epic","0","0","music","69f2615c703ebba22c0372e3","2026-04-29T19:51:56.037000","2026-04-29T19:51:56.037000","69f218c618cc26dee7ae01ce","frederik.gelin@gmail.com","false"
"ST-000007","","ST-000001","","2","Trance","true","ST-000001","0","1","common","0","0","music","69f2615c703ebba22c0372e8","2026-04-29T19:51:56.037000","2026-04-29T19:51:56.037000","69f218c618cc26dee7ae01ce","frederik.gelin@gmail.com","false"
"ST-000061","","ST-000004","85272e","3","Breakbeat Garage & Grime","true","ST-000001","0","1","common","0","0","music","69f2615c703ebba22c0372a7","2026-04-29T19:51:56.037000","2026-04-29T19:51:56.037000","69f218c618cc26dee7ae01ce","frederik.gelin@gmail.com","false"
"ST-000048","","ST-000006","","3","Digital Hardcore & Breakcore","true","ST-000001","0","2","common","0","0","music","69f2615c703ebba22c0372c4","2026-04-29T19:51:56.037000","2026-04-29T19:51:56.037000","69f218c618cc26dee7ae01ce","frederik.gelin@gmail.com","false"
"ST-000050","","ST-000006","","3","Nu Style (Gabber) / Mainstream Hardcore","true","ST-000001","0","6","rare","0","0","music","69f2615c703ebba22c0372c6","2026-04-29T19:51:56.037000","2026-04-29T19:51:56.037000","69f218c618cc26dee7ae01ce","frederik.gelin@gmail.com","false"
"ST-000013","","ST-000003","","3","Industrial Techno & Schranz","true","ST-000001","0","4","rare","0","0","music","69f2615c703ebba22c0372e1","2026-04-29T19:51:56.037000","2026-04-29T19:51:56.037000","69f218c618cc26dee7ae01ce","frederik.gelin@gmail.com","false"
"ST-000014","","ST-000003","","3","Minimal Techno","true","ST-000001","0","5","rare","0","0","music","69f2615c703ebba22c0372e2","2026-04-29T19:51:56.037000","2026-04-29T19:51:56.037000","69f218c618cc26dee7ae01ce","frederik.gelin@gmail.com","false"
"ST-000016","","ST-000003","","3","Tech Trance","true","ST-000001","0","14","epic","0","0","music","69f2615c703ebba22c0372e4","2026-04-29T19:51:56.037000","2026-04-29T19:51:56.037000","69f218c618cc26dee7ae01ce","frederik.gelin@gmail.com","false"
"ST-000051","","ST-000005","","3","Old Skool Jungle & Old Skool Drum 'N' Bass","true","ST-000001","0","6","rare","0","0","music","69f2615c703ebba22c0372b1","2026-04-29T19:51:56.037000","2026-04-29T19:51:56.037000","69f218c618cc26dee7ae01ce","frederik.gelin@gmail.com","false"
"ST-000041","","ST-000007","","3","Neo-Trance","true","ST-000001","0","6","rare","0","0","music","69f2615c703ebba22c0372cf","2026-04-29T19:51:56.037000","2026-04-29T19:51:56.037000","69f218c618cc26dee7ae01ce","frederik.gelin@gmail.com","false"
"ST-000085","","ST-000078","","3","Reggaetón & Latin Rap","true","ST-000076","0","8","rare","0","0","music","69f2615c703ebba22c03729a","2026-04-29T19:51:56.037000","2026-04-29T19:51:56.037000","69f218c618cc26dee7ae01ce","frederik.gelin@gmail.com","false"
"ST-000086","","ST-000078","","3","(Dirty) South Rap, Crunk & Snap","true","ST-000076","0","1","common","0","0","music","69f2615c703ebba22c03729b","2026-04-29T19:51:56.037000","2026-04-29T19:51:56.037000","69f218c618cc26dee7ae01ce","frederik.gelin@gmail.com","false"
"ST-000062","","ST-000004","85272e","3","Bassline & Uk Funky","true","ST-000001","0","1","common","0","0","music","69f2615c703ebba22c0372a8","2026-04-29T19:51:56.037000","2026-04-29T19:51:56.037000","69f218c618cc26dee7ae01ce","frederik.gelin@gmail.com","false"
"ST-000033","","ST-000007","","3","Classic Trance & Acid Trance","true","ST-000001","0","2","common","0","0","music","69f2615c703ebba22c0372c7","2026-04-29T19:51:56.037000","2026-04-29T19:51:56.037000","69f218c618cc26dee7ae01ce","frederik.gelin@gmail.com","false"
"ST-000023","","ST-000002","#85272E","3","Deep House","true","ST-000001","0","2","common","0","0","music","69f2615c703ebba22c0372d4","2026-04-29T19:51:56.037000","2026-04-29T19:51:56.037000","69f218c618cc26dee7ae01ce","frederik.gelin@gmail.com","false"
"ST-000009","","ST-000006","","3","New Beat","true","ST-000001","0","6","rare","0","0","music","69f2615c703ebba22c0372de","2026-04-29T19:51:56.037000","2026-04-29T19:51:56.037000","69f218c618cc26dee7ae01ce","frederik.gelin@gmail.com","false"
"ST-000238","","ST-000191","","3","Brostep","true","ST-000001","0","1","common","0","0","music","69f2615c703ebba22c0372ef","2026-04-29T19:51:56.037000","2026-04-29T19:51:56.037000","69f218c618cc26dee7ae01ce","frederik.gelin@gmail.com","false"
"ST-000058","","ST-000004","85272e","3","Uk Garage (2-Step & Speed Garage)","true","ST-000001","0","16","legendary","0","0","music","69f2615c703ebba22c0372a4","2026-04-29T19:51:56.037000","2026-04-29T19:51:56.037000","69f218c618cc26dee7ae01ce","frederik.gelin@gmail.com","false"
"ST-000055","","ST-000004","85272e","3","Trip Hop","true","ST-000001","0","15","epic","0","0","music","69f2615c703ebba22c0372b0","2026-04-29T19:51:56.037000","2026-04-29T19:51:56.037000","69f218c618cc26dee7ae01ce","frederik.gelin@gmail.com","false"
"ST-000071","","ST-000005","","3","Neurofunk","true","ST-000001","0","6","rare","0","0","music","69f2615c703ebba22c0372b6","2026-04-29T19:51:56.037000","2026-04-29T19:51:56.037000","69f218c618cc26dee7ae01ce","frederik.gelin@gmail.com","false"
"ST-000011","","ST-000003","","3","(Free)Tek(k)no / Hardtek","true","ST-000001","0","1","common","0","0","music","69f2615c703ebba22c0372df","2026-04-29T19:51:56.037000","2026-04-29T19:51:56.037000","69f218c618cc26dee7ae01ce","frederik.gelin@gmail.com","false"
"ST-000001","","","#85272E","1","DANCE / EDM","true","ST-000001","0","1","common","0","0","music","69f2615c703ebba22c0372ee","2026-04-29T19:51:56.037000","2026-04-29T19:51:56.037000","69f218c618cc26dee7ae01ce","frederik.gelin@gmail.com","false"
"ST-000076","","","#8E3761","1","Urban","true","ST-000076","0","1","common","0","0","music","69f2615c703ebba22c0372a1","2026-04-29T19:51:56.037000","2026-04-29T19:51:56.037000","69f218c618cc26dee7ae01ce","frederik.gelin@gmail.com","false"
"ST-000063","","ST-000004","85272e","3","Glitch Hop & Wonky","true","ST-000001","0","2","common","0","0","music","69f2615c703ebba22c0372a9","2026-04-29T19:51:56.037000","2026-04-29T19:51:56.037000","69f218c618cc26dee7ae01ce","frederik.gelin@gmail.com","false"
"ST-000065","","ST-000004","85272e","3","Edm Trap / Trapstep","true","ST-000001","0","2","common","0","0","music","69f2615c703ebba22c0372ab","2026-04-29T19:51:56.037000","2026-04-29T19:51:56.037000","69f218c618cc26dee7ae01ce","frederik.gelin@gmail.com","false"
"ST-000036","","ST-000007","","3","Progressive Trance","true","ST-000001","0","7","rare","0","0","music","69f2615c703ebba22c0372ca","2026-04-29T19:51:56.037000","2026-04-29T19:51:56.037000","69f218c618cc26dee7ae01ce","frederik.gelin@gmail.com","false"
"ST-000028","","ST-000002","#85272E","3","Microhouse / Minimal House","true","ST-000001","0","5","rare","0","0","music","69f2615c703ebba22c0372d9","2026-04-29T19:51:56.037000","2026-04-29T19:51:56.037000","69f218c618cc26dee7ae01ce","frederik.gelin@gmail.com","false"
"ST-000067","","ST-000004","85272e","3","Freestyle & Breakdance","true","ST-000001","0","2","common","0","0","music","69f2615c703ebba22c0372ad","2026-04-29T19:51:56.037000","2026-04-29T19:51:56.037000","69f218c618cc26dee7ae01ce","frederik.gelin@gmail.com","false"
"ST-000053","","ST-000004","85272e","3","Florida Breaks (& Funky Breaks)","true","ST-000001","0","2","common","0","0","music","69f2615c703ebba22c0372ae","2026-04-29T19:51:56.037000","2026-04-29T19:51:56.037000","69f218c618cc26dee7ae01ce","frederik.gelin@gmail.com","false"
"ST-000073","","ST-000005","","3","Breakbeat Garage & Grime","true","ST-000001","0","1","common","0","0","music","69f2615c703ebba22c0372b8","2026-04-29T19:51:56.037000","2026-04-29T19:51:56.037000","69f218c618cc26dee7ae01ce","frederik.gelin@gmail.com","false"
"ST-000018","","ST-000002","","3","Ghetto House, Ghettotech & Juke","true","ST-000001","0","2","common","0","0","music","69f2615c703ebba22c0372e6","2026-04-29T19:51:56.037000","2026-04-29T19:51:56.037000","69f218c618cc26dee7ae01ce","frederik.gelin@gmail.com","false"
"ST-000059","","ST-000004","85272e","3","Nu Skool Breaks","true","ST-000001","0","6","rare","0","0","music","69f2615c703ebba22c0372a5","2026-04-29T19:51:56.037000","2026-04-29T19:51:56.037000","69f218c618cc26dee7ae01ce","frederik.gelin@gmail.com","false"
"ST-000052","","ST-000005","","3","Hardstep & Techstep","true","ST-000001","0","2","common","0","0","music","69f2615c703ebba22c0372b2","2026-04-29T19:51:56.037000","2026-04-29T19:51:56.037000","69f218c618cc26dee7ae01ce","frederik.gelin@gmail.com","false"
"ST-000069","","ST-000005","","3","Intelligent / Ambient Drum 'N' Bass & Jazzstep","true","ST-000001","0","4","rare","0","0","music","69f2615c703ebba22c0372b4","2026-04-29T19:51:56.037000","2026-04-29T19:51:56.037000","69f218c618cc26dee7ae01ce","frederik.gelin@gmail.com","false"
"ST-000074","","ST-000191","","3","Post-Dubstep","true","ST-000001","0","7","rare","0","0","music","69f2615c703ebba22c0372bb","2026-04-29T19:51:56.037000","2026-04-29T19:51:56.037000","69f218c618cc26dee7ae01ce","frederik.gelin@gmail.com","false"
"ST-000039","","ST-000006","","3","UK Hardcore & Freeform / Trancecore & Acidcore","true","ST-000001","0","19","legendary","0","0","music","69f2615c703ebba22c0372cd","2026-04-29T19:51:56.037000","2026-04-29T19:51:56.037000","69f218c618cc26dee7ae01ce","frederik.gelin@gmail.com","false"
"ST-000022","","ST-000002","#85272E","3","Hip House & Eurodance","true","ST-000001","0","4","rare","0","0","music","69f2615c703ebba22c0372d3","2026-04-29T19:51:56.037000","2026-04-29T19:51:56.037000","69f218c618cc26dee7ae01ce","frederik.gelin@gmail.com","false"
"ST-000026","","ST-000007","#85272E","3","NRG, Hard NRG & (UK) Hard House","true","ST-000001","0","6","rare","0","0","music","69f2615c703ebba22c0372d7","2026-04-29T19:51:56.037000","2026-04-29T19:51:56.037000","69f218c618cc26dee7ae01ce","frederik.gelin@gmail.com","false"
"ST-000027","","ST-000002","#85272E","3","French House & Funky House","true","ST-000001","0","2","common","0","0","music","69f2615c703ebba22c0372d8","2026-04-29T19:51:56.037000","2026-04-29T19:51:56.037000","69f218c618cc26dee7ae01ce","frederik.gelin@gmail.com","false"
"ST-000030","","ST-000002","#85272E","3","Fidget House & Complextro","true","ST-000001","0","2","common","0","0","music","69f2615c703ebba22c0372db","2026-04-29T19:51:56.037000","2026-04-29T19:51:56.037000","69f218c618cc26dee7ae01ce","frederik.gelin@gmail.com","false"
"ST-000017","","ST-000003","","3","Hardtechno (Schranz)","true","ST-000001","0","2","common","0","0","music","69f2615c703ebba22c0372e5","2026-04-29T19:51:56.037000","2026-04-29T19:51:56.037000","69f218c618cc26dee7ae01ce","frederik.gelin@gmail.com","false"
"ST-000002","House","ST-000001","#85272E","2","House","true","ST-000001","0","1","common","0","0","music","69f2615c703ebba22c0372ed","2026-04-29T19:51:56.037000","2026-04-29T19:51:56.037000","69f218c618cc26dee7ae01ce","frederik.gelin@gmail.com","false"
"ST-000239","","ST-000191","","3","Riddim","true","ST-000001","0","1","common","0","0","music","69f2615c703ebba22c0372f0","2026-04-29T19:51:56.037000","2026-04-29T19:51:56.037000","69f218c618cc26dee7ae01ce","frederik.gelin@gmail.com","false"
"ST-000077","","ST-000076","#8e3761","2","R&B","true","ST-000076","0","1","common","0","0","music","69f2615c703ebba22c0372a0","2026-04-29T19:51:56.037000","2026-04-29T19:51:56.037000","69f218c618cc26dee7ae01ce","frederik.gelin@gmail.com","false"
"ST-000066","","ST-000004","85272e","3","Electro","true","ST-000001","0","2","common","0","0","music","69f2615c703ebba22c0372ac","2026-04-29T19:51:56.037000","2026-04-29T19:51:56.037000","69f218c618cc26dee7ae01ce","frederik.gelin@gmail.com","false"
"ST-000034","","ST-000007","","3","Ibiza Trance & Dream Trance","true","ST-000001","0","4","rare","0","0","music","69f2615c703ebba22c0372c8","2026-04-29T19:51:56.037000","2026-04-29T19:51:56.037000","69f218c618cc26dee7ae01ce","frederik.gelin@gmail.com","false"
"ST-000025","","ST-000002","#85272E","3","Progressive House","true","ST-000001","0","7","rare","0","0","music","69f2615c703ebba22c0372d6","2026-04-29T19:51:56.037000","2026-04-29T19:51:56.037000","69f218c618cc26dee7ae01ce","frederik.gelin@gmail.com","false"
"ST-000031","","ST-000002","#85272E","3","Nu Disco & Funktronica","true","ST-000001","0","6","rare","0","0","music","69f2615c703ebba22c0372dc","2026-04-29T19:51:56.037000","2026-04-29T19:51:56.037000","69f218c618cc26dee7ae01ce","frederik.gelin@gmail.com","false"
"ST-000003","Techno","ST-000001","","2","Techno","true","ST-000001","0","1","common","0","0","music","69f2615c703ebba22c0372ec","2026-04-29T19:51:56.037000","2026-04-29T19:51:56.037000","69f218c618cc26dee7ae01ce","frederik.gelin@gmail.com","false"
"ST-000084","","ST-000078","","3","Progressive Rap / Nu Skool Rap","true","ST-000076","0","7","rare","0","0","music","69f2615c703ebba22c037299","2026-04-29T19:51:56.037000","2026-04-29T19:51:56.037000","69f218c618cc26dee7ae01ce","frederik.gelin@gmail.com","false"
"ST-000068","","ST-000005","","3","Jump Up","true","ST-000001","0","4","rare","0","0","music","69f2615c703ebba22c0372b3","2026-04-29T19:51:56.037000","2026-04-29T19:51:56.037000","69f218c618cc26dee7ae01ce","frederik.gelin@gmail.com","false"
"ST-000072","","ST-000005","","3","Liquid Funk","true","ST-000001","0","5","rare","0","0","music","69f2615c703ebba22c0372b7","2026-04-29T19:51:56.037000","2026-04-29T19:51:56.037000","69f218c618cc26dee7ae01ce","frederik.gelin@gmail.com","false"
"ST-000191","","ST-000001","","2","Dubstep","true","ST-000001","0","2","common","0","0","music","69f2615c703ebba22c0372b9","2026-04-29T19:51:56.037000","2026-04-29T19:51:56.037000","69f218c618cc26dee7ae01ce","frederik.gelin@gmail.com","false"
"ST-000075","","ST-000005","","3","Future Bass / Future Garage","true","ST-000001","0","2","common","0","0","music","69f2615c703ebba22c0372bc","2026-04-29T19:51:56.037000","2026-04-29T19:51:56.037000","69f218c618cc26dee7ae01ce","frederik.gelin@gmail.com","false"
"ST-000049","","ST-000006","","3","Hardstyle & Jumpstyle","true","ST-000001","0","2","common","0","0","music","69f2615c703ebba22c0372c5","2026-04-29T19:51:56.037000","2026-04-29T19:51:56.037000","69f218c618cc26dee7ae01ce","frederik.gelin@gmail.com","false"
"ST-000057","","ST-000004","85272e","3","Ambient Breaks & Illbient","true","ST-000001","0","1","common","0","0","music","69f2615c703ebba22c0372a3","2026-04-29T19:51:56.037000","2026-04-29T19:51:56.037000","69f218c618cc26dee7ae01ce","frederik.gelin@gmail.com","false"
"ST-000060","","ST-000004","85272e","3","Broken Beats","true","ST-000001","0","2","common","0","0","music","69f2615c703ebba22c0372a6","2026-04-29T19:51:56.037000","2026-04-29T19:51:56.037000","69f218c618cc26dee7ae01ce","frederik.gelin@gmail.com","false"
"ST-000192","","ST-000005","","3","Bassline & Uk Funky","true","ST-000001","0","1","common","0","0","music","69f2615c703ebba22c0372ba","2026-04-29T19:51:56.037000","2026-04-29T19:51:56.037000","69f218c618cc26dee7ae01ce","frederik.gelin@gmail.com","false"
"ST-000010","","ST-000006","","3","Hardcore Techno / Rave","true","ST-000001","0","2","common","0","0","music","69f2615c703ebba22c0372be","2026-04-29T19:51:56.037000","2026-04-29T19:51:56.037000","69f218c618cc26dee7ae01ce","frederik.gelin@gmail.com","false"
"ST-000043","","ST-000006","","3","Breakbeat Hardcore & Piano House (Rave II)","true","ST-000001","0","2","common","0","0","music","69f2615c703ebba22c0372bf","2026-04-29T19:51:56.037000","2026-04-29T19:51:56.037000","69f218c618cc26dee7ae01ce","frederik.gelin@gmail.com","false"
"ST-000008","","ST-000003","","3","Detroit Techno","true","ST-000001","0","2","common","0","0","music","69f2615c703ebba22c0372e7","2026-04-29T19:51:56.037000","2026-04-29T19:51:56.037000","69f218c618cc26dee7ae01ce","frederik.gelin@gmail.com","false"
"ST-000087","","ST-000078","","3","East Coast Gangsta Rap","true","ST-000076","0","2","common","0","0","music","69f2615c703ebba22c03729c","2026-04-29T19:51:56.037000","2026-04-29T19:51:56.037000","69f218c618cc26dee7ae01ce","frederik.gelin@gmail.com","false"
"ST-000029","","ST-000002","#85272E","3","Electro House & Dutch House","true","ST-000001","0","2","common","0","0","music","69f2615c703ebba22c0372da","2026-04-29T19:51:56.037000","2026-04-29T19:51:56.037000","69f218c618cc26dee7ae01ce","frederik.gelin@gmail.com","false"
"ST-000004","Break-beat","ST-000001","85272e","2","Break-beat","true","ST-000001","0","1","common","0","0","music","69f2615c703ebba22c0372eb","2026-04-29T19:51:56.037000","2026-04-29T19:51:56.037000","69f218c618cc26dee7ae01ce","frederik.gelin@gmail.com","false"
"ST-000245","","ST-000003","","3","Acid Techno","true","ST-000001","0","1","common","0","0","music","69f2615c703ebba22c037288","2026-04-29T19:51:56.036000","2026-05-01T13:55:24.920000","69f218c618cc26dee7ae01ce","frederik.gelin@gmail.com","false"
"ST-000098","","ST-000096","","3","Ska","true","ST-000094","0","11","epic","0","0","music","69f2615c703ebba22c03728b","2026-04-29T19:51:56.036000","2026-04-29T19:51:56.036000","69f218c618cc26dee7ae01ce","frederik.gelin@gmail.com","false"
"ST-000092","","ST-000077","","3","Funk","true","ST-000076","0","2","common","0","0","music","69f2615c703ebba22c037291","2026-04-29T19:51:56.036000","2026-04-29T19:51:56.036000","69f218c618cc26dee7ae01ce","frederik.gelin@gmail.com","false"
"ST-000096","","ST-000094","","2","Reggae","true","ST-000094","0","1","common","0","0","music","69f2615c703ebba22c03728d","2026-04-29T19:51:56.036000","2026-04-29T19:51:56.036000","69f218c618cc26dee7ae01ce","frederik.gelin@gmail.com","false"
"ST-000083","","ST-000078","","3","Jazz Rap / Native Tongue","true","ST-000076","0","4","rare","0","0","music","69f2615c703ebba22c037298","2026-04-29T19:51:56.036000","2026-04-29T19:51:56.036000","69f218c618cc26dee7ae01ce","frederik.gelin@gmail.com","false"
"ST-000100","","ST-000096","","2","Roots","true","ST-000094","0","1","common","0","0","music","69f2615c703ebba22c037289","2026-04-29T19:51:56.036000","2026-04-29T19:51:56.036000","69f218c618cc26dee7ae01ce","frederik.gelin@gmail.com","false"
"ST-000097","","ST-000096","","3","Mento","true","ST-000094","0","5","rare","0","0","music","69f2615c703ebba22c03728c","2026-04-29T19:51:56.036000","2026-04-29T19:51:56.036000","69f218c618cc26dee7ae01ce","frederik.gelin@gmail.com","false"
"ST-000093","","ST-000077","","3","Alternative R&B","true","ST-000076","0","1","common","0","0","music","69f2615c703ebba22c037290","2026-04-29T19:51:56.036000","2026-04-29T19:51:56.036000","69f218c618cc26dee7ae01ce","frederik.gelin@gmail.com","false"
"ST-000082","","ST-000078","","3","(West Coast) Gangsta Rap","true","ST-000076","0","1","common","0","0","music","69f2615c703ebba22c037297","2026-04-29T19:51:56.036000","2026-04-29T19:51:56.036000","69f218c618cc26dee7ae01ce","frederik.gelin@gmail.com","false"
"ST-000080","","ST-000078","","3","Golden Age Rap (& Hardcore Rap)","true","ST-000076","0","2","common","0","0","music","69f2615c703ebba22c037295","2026-04-29T19:51:56.036000","2026-04-29T19:51:56.036000","69f218c618cc26dee7ae01ce","frederik.gelin@gmail.com","false"
"ST-000099","","ST-000096","","3","Rocksteady","true","ST-000094","0","9","epic","0","0","music","69f2615c703ebba22c03728a","2026-04-29T19:51:56.036000","2026-04-29T19:51:56.036000","69f218c618cc26dee7ae01ce","frederik.gelin@gmail.com","false"
"ST-000094","","","","1","World Music","true","ST-000094","0","1","common","0","0","music","69f2615c703ebba22c03728f","2026-04-29T19:51:56.036000","2026-04-29T19:51:56.036000","69f218c618cc26dee7ae01ce","frederik.gelin@gmail.com","false"
"ST-000079","","ST-000078","","3","Old Skool Rap Pioneers","true","ST-000076","0","6","rare","0","0","music","69f2615c703ebba22c037294","2026-04-29T19:51:56.036000","2026-04-29T19:51:56.036000","69f218c618cc26dee7ae01ce","frederik.gelin@gmail.com","false"
"ST-000095","","ST-000094","","2","Latin","true","ST-000094","0","1","common","0","0","music","69f2615c703ebba22c03728e","2026-04-29T19:51:56.036000","2026-04-29T19:51:56.036000","69f218c618cc26dee7ae01ce","frederik.gelin@gmail.com","false"
"ST-000091","","ST-000077","","3","Soul","true","ST-000076","0","12","epic","0","0","music","69f2615c703ebba22c037292","2026-04-29T19:51:56.036000","2026-04-29T19:51:56.036000","69f218c618cc26dee7ae01ce","frederik.gelin@gmail.com","false"
"ST-000090","","ST-000077","","3","Rhythm and Blues","true","ST-000076","0","9","epic","0","0","music","69f2615c703ebba22c037293","2026-04-29T19:51:56.036000","2026-04-29T19:51:56.036000","69f218c618cc26dee7ae01ce","frederik.gelin@gmail.com","false"
"ST-000081","","ST-000078","","3","Miami Bass & Bounce","true","ST-000076","0","5","rare","0","0","music","69f2615c703ebba22c037296","2026-04-29T19:51:56.036000","2026-04-29T19:51:56.036000","69f218c618cc26dee7ae01ce","frederik.gelin@gmail.com","false"