vibe,timezone,coverImageUrl,arrondissement,geoLat,iconKey,domainDominantKey,type,geoLng,domainRanking,province,sotsRecent30Score,difficultyTier,totalVotes,domainKey,systemId,active,codePostal,sotsGlobalScore,styleTags,radiusKm,name,adresse,totalEngagements,pays,id,created_date,updated_date,created_by_id,created_by,is_sample
"","America/Toronto","https://res.cloudinary.com/dnp8eionl/image/upload/v1774917070/microrave/avatars/gsxx7a0lgkjytewzyxke.jpg","Ville-Marie","45.51604722839407","🍻","","Bar","-73.55819428832318","[]","QC","0","1","0","","CKP-MPORP9KJ-68HSW3","true","H2L 2E3","0","[]","0.1","LE STEREO NIGHT CLUB","858 rue Sainte-Catherine E","0","CA","6a178f65858c8153b9090a61","2026-05-28T00:42:13.520000","2026-05-28T00:42:13.520000","6a09b5c6ace6051fecd365af","frederik.gelin@gmail.com","false"
"","America/Toronto","https://res.cloudinary.com/dnp8eionl/image/upload/v1774923865/491442479_17910490410109766_6719419939190644166_n_gw4ewc.jpg","Ville-Marie","45.51690368889309","👠","","Cabaret","-73.55743516605705","[]","QC","0","1","0","","CKP-MPORP9KJ-L01155","true","H2L 2E5","0","[]","0.1","Bernard","936 Rue Sainte-Catherine E","0","CA","6a178f65c70ec16ea1eddf32","2026-05-28T00:42:13.195000","2026-05-28T00:42:13.195000","6a09b5c6ace6051fecd365af","frederik.gelin@gmail.com","false"
"","America/Toronto","https://res.cloudinary.com/dnp8eionl/image/upload/v1774923865/30077403_417217265387139_1804913130870931456_n_jztslm.jpg","Le Plateau-Mont-Royal","45.51421222966552","👠","","Cabaret","-73.57217120412236","[]","QC","0","1","0","","CKP-MPORP9KJ-1XQCFB","true","H2X 1S3","0","[]","0.1","Vol de nuit","14 rue Prince-Arthur E","0","CA","6a178f647ed3a3ef7a39eb1e","2026-05-28T00:42:12.886000","2026-05-28T00:42:12.886000","6a09b5c6ace6051fecd365af","frederik.gelin@gmail.com","false"
"","America/Toronto","https://res.cloudinary.com/dnp8eionl/image/upload/v1774916909/575293992_18538224961039613_7019734105126470963_n_pacnk9.jpg","Ville-Marie","45.46580000415213","","","Bar","-73.56681631268911","[]","QC","0","1","0","","CKP-MPORP9KJ-P86302","true","H4G 1V1","0","[]","0.1","La Betise","3807 Rue Wellington","0","CA","6a178f64998be65bd1b20c7c","2026-05-28T00:42:12.586000","2026-05-28T00:42:12.586000","6a09b5c6ace6051fecd365af","frederik.gelin@gmail.com","false"
"","America/Toronto","https://res.cloudinary.com/dnp8eionl/image/upload/v1774918097/microrave/avatars/qaoxbwujk5ynnvpgpi3j.jpg","Rosemont–La Petite-Patrie","45.53970555820031","🍸","","Bistro","-73.59951834039992","[]","QC","0","1","0","","CKP-MPORP9KJ-RPI7GV","true","H2S 1P9","0","[]","0.1","VINVINVIN","1290 rue Beaubien E","0","CA","6a178f640cf3890da008ba85","2026-05-28T00:42:12.268000","2026-05-28T00:42:12.268000","6a09b5c6ace6051fecd365af","frederik.gelin@gmail.com","false"
"","America/Toronto","https://res.cloudinary.com/dnp8eionl/image/upload/v1774923865/microrave/avatars/e5yecpsc7ly0tzxl2rrm.jpg","Rosemont–La Petite-Patrie","45.53111515793257","🍻","","Bar","-73.61095284118728","[]","QC","0","1","0","","CKP-MPORP9KJ-XUANEB","true","H2S 3C6","0","[]","0.1","TAVERNE COBRA","6584 boulevard Saint-Laurent","0","CA","6a178f6357e6675851c991dd","2026-05-28T00:42:11.963000","2026-05-28T00:42:11.963000","6a09b5c6ace6051fecd365af","frederik.gelin@gmail.com","false"
"","America/Toronto","https://res.cloudinary.com/dnp8eionl/image/upload/v1774917246/microrave/avatars/m6tjm7dacqusxnogk0vm.jpg","Ville-Marie","45.52545638005083","👠","","Cabaret","-73.55946308326513","[]","QC","0","1","0","","CKP-MPORP9KJ-UTFLH9","true","H2L 1S7","0","[]","0.1","Lion d'Or","1676 Rue Ontario E","0","CA","6a178f63b27c572b273dc286","2026-05-28T00:42:11.660000","2026-05-28T00:42:11.660000","6a09b5c6ace6051fecd365af","frederik.gelin@gmail.com","false"
"","America/Toronto","https://res.cloudinary.com/dnp8eionl/image/upload/v1774959959/microrave/avatars/e0oy6ms5umzp1e32xsaj.jpg","Villeray–Saint-Michel–Parc-Extension","45.536526137402454","👩‍💼","","Gérance d'artistes","-73.61910295166587","[]","QC","0","1","0","","CKP-MPORP9KJ-SVEA45","true","H2R 1P1","0","[]","0.1","Prémisse","93 rue De Castelnau E","0","CA","6a178f63433aaacf3ac406b5","2026-05-28T00:42:11.268000","2026-05-28T00:42:11.268000","6a09b5c6ace6051fecd365af","frederik.gelin@gmail.com","false"
"","America/Toronto","https://res.cloudinary.com/dnp8eionl/image/upload/v1774923865/438639429_1895276190921899_525122880584801213_n_hdwq77.jpg","Ville-Marie","45.51029950061417","🍻","","Bar","-73.56068329511155","[]","QC","0","1","0","","CKP-MPORP9KJ-W5K52J","true","H2X 2S6","0","[]","0.1","Société des arts technologiques [SAT]","1201 Boul. Saint-Laurent","0","CA","6a178f62dd56f8a663afdbcf","2026-05-28T00:42:10.929000","2026-05-28T00:42:10.929000","6a09b5c6ace6051fecd365af","frederik.gelin@gmail.com","false"
"","America/Toronto","https://res.cloudinary.com/dnp8eionl/image/upload/v1774923865/microrave/avatars/gyjnm2qyyc1nsdppoquw.jpg","Le Plateau-Mont-Royal","45.52911493401518","🍸","","Bistro","-73.57796133117644","[]","QC","0","1","0","","CKP-MPORP9KJ-U7CFRV","true","H2J 1Y1","0","[]","0.1","ROUGE GORGE","1234 avenue du Mont-Royal E","0","CA","6a178f62d512ae61059f57bc","2026-05-28T00:42:10.591000","2026-05-28T00:42:10.591000","6a09b5c6ace6051fecd365af","frederik.gelin@gmail.com","false"
"","America/Toronto","https://res.cloudinary.com/dnp8eionl/image/upload/v1774923865/491438301_1192681322327179_6481598417333188852_n_jpxrp2.jpg","Rosemont–La Petite-Patrie","45.529112798392674","🍻","","Bar","-73.61108448232362","[]","QC","0","1","0","","CKP-MPORP9KJ-3VQTQX","true","H2V 1C3","0","[]","0.1","Bobby's","129 rue Beaubien O","0","CA","6a178f62dee9cd7cd32b00dd","2026-05-28T00:42:10.280000","2026-05-28T00:42:10.280000","6a09b5c6ace6051fecd365af","frederik.gelin@gmail.com","false"
"","America/Toronto","https://res.cloudinary.com/dnp8eionl/image/upload/v1774918753/microrave/avatars/m2r0raf8bozfvf8gdhoh.jpg","Rosemont–La Petite-Patrie","45.52999028797008","🍺","","Pub","-73.6157989155511","[]","QC","0","1","0","","CKP-MPORP9KJ-5CU06Q","true","H2V 4P9","0","[]","0.1","Wills","6729 rue Joseph-Tison","0","CA","6a178f6195bfefb5838a1806","2026-05-28T00:42:09.961000","2026-05-28T00:42:09.961000","6a09b5c6ace6051fecd365af","frederik.gelin@gmail.com","false"
"","America/Toronto","https://res.cloudinary.com/dnp8eionl/image/upload/v1774991575/microrave/avatars/fhzdj68ck85giyi4hbvz.jpg","Saint-Léonard","45.576939562985096","🍻","","Bar","-73.59740185391635","[]","QC","0","1","0","","CKP-MPORP9KJ-82LME1","true","H1R 1X3","0","[]","0.1","Le bistro bar tl","4664 rue Jarry E","0","CA","6a178f61358599d851199fd1","2026-05-28T00:42:09.659000","2026-05-28T00:42:09.659000","6a09b5c6ace6051fecd365af","frederik.gelin@gmail.com","false"
"","America/Toronto","https://res.cloudinary.com/dnp8eionl/image/upload/v1774923865/272689898_113435567770850_7264787673270101810_n_jjpklj.jpg","Le Plateau-Mont-Royal","45.52387925541195","📺","","Radio et télévision","-73.5950310872397","[]","QC","0","1","0","","CKP-MPORP9KJ-JB6FQR","true","H2T 1S1","0","[]","0.1","L'espace Warm up","5214 boulevard Saint-Laurent","0","CA","6a178f612d541b5fa8c87cba","2026-05-28T00:42:09.349000","2026-05-28T00:42:09.349000","6a09b5c6ace6051fecd365af","frederik.gelin@gmail.com","false"
"","America/Toronto","https://res.cloudinary.com/dnp8eionl/image/upload/v1774923865/microrave/avatars/i00tnstqlbmcp5o3e5m1.jpg","Le Plateau-Mont-Royal","45.52832017087725","🍻","","Bar","-73.57869275415413","[]","QC","0","1","0","","CKP-MPORP9KJ-QS2WMW","true","H2J 1X8","0","[]","0.1","BARRACA RHUMERIE & TAPAS INC.","1134 avenue du Mont-Royal E","0","CA","6a178f619e84dad56264f0e8","2026-05-28T00:42:09.049000","2026-05-28T00:42:09.049000","6a09b5c6ace6051fecd365af","frederik.gelin@gmail.com","false"
"","America/Toronto","https://res.cloudinary.com/dnp8eionl/image/upload/v1774919158/microrave/avatars/wlwxaitrmobdbuas9cqj.jpg","Le Plateau-Mont-Royal","45.52716543556797","🍻","","Bar","-73.60214022698214","[]","QC","0","1","0","","CKP-MPORP9KJ-TARBQK","true","H2T 1S8","0","[]","0.1","PING PONG CLUB","5788 boulevard Saint-Laurent","0","CA","6a178f60ef5ff069ddc7fe68","2026-05-28T00:42:08.737000","2026-05-28T00:42:08.737000","6a09b5c6ace6051fecd365af","frederik.gelin@gmail.com","false"
"","America/Toronto","https://res.cloudinary.com/dnp8eionl/image/upload/v1774990111/microrave/avatars/cwnneg9v7lzzllihvccg.jpg","Rosemont–La Petite-Patrie","45.53225211509501","🍻","","Bar","-73.60688328179054","[]","QC","0","1","0","","CKP-MPORP9KJ-DRRVAL","true","H2S 1R5","0","[]","0.1","L'HÉMISPHÈRE GAUCHE","221 rue Beaubien E","0","CA","6a178f60e75ac4daece6e411","2026-05-28T00:42:08.416000","2026-05-28T00:42:08.416000","6a09b5c6ace6051fecd365af","frederik.gelin@gmail.com","false"
"","America/Toronto","https://res.cloudinary.com/dnp8eionl/image/upload/v1774923865/122007302_375829763788079_9219895186653498134_n_yb0osw.jpg","Villeray–Saint-Michel–Parc-Extension","45.540329214742385","🍻","","Gérance d'artistes","-73.62064297284459","[]","QC","0","1","0","","CKP-MPORP9KJ-E6QXE3","true","H2R 2E7","0","[]","0.1","Kenyon wells","7535 rue Saint-Denis","0","CA","6a178f60902b19cf86d3eef7","2026-05-28T00:42:08.061000","2026-05-28T00:42:08.061000","6a09b5c6ace6051fecd365af","frederik.gelin@gmail.com","false"
"","America/Toronto","https://res.cloudinary.com/dnp8eionl/image/upload/v1774923865/316144839_551565130117021_746019496560799442_n_fpsesc.jpg","Rosemont–La Petite-Patrie","45.53581763721002","🍸","","Bistro","-73.60802818286933","[]","QC","0","1","0","","CKP-MPORP9KJ-1RXE03","true","H2S 1L9","0","[]","0.1","Buvette pompette","414 rue Saint-Zotique E","0","CA","6a178f5f01ec6f15b97c12be","2026-05-28T00:42:07.730000","2026-05-28T00:42:07.730000","6a09b5c6ace6051fecd365af","frederik.gelin@gmail.com","false"
"","America/Toronto","https://res.cloudinary.com/dnp8eionl/image/upload/v1774916551/microrave/avatars/sbqrs7jdc5ftxax8utvi.jpg","Ville-Marie","45.512416","🪩","","Club","-73.562192","[]","QC","0","1","0","music","CKP-MPORP9KJ-HPFEZS","true","H2X 3C5","0","[]","0.1","Newspeak","1403 Rue Ste-Élisabeth","0","CA","6a178f5f3426b550bbc40ca7","2026-05-28T00:42:07.408000","2026-05-28T00:42:07.408000","6a09b5c6ace6051fecd365af","frederik.gelin@gmail.com","false"
"","America/Toronto","https://res.cloudinary.com/dnp8eionl/image/upload/v1774917442/microrave/avatars/jdtycelllwhljsnf5nup.jpg","Ville-Marie","45.510589336793544","🎪","","Salle de spectacle","-73.56335011378701","[]","QC","0","1","0","","CKP-MPORP9KJ-QD3AFM","true","H2X 1K5","0","[]","0.1","MTELUS","61 rue Sainte-Catherine E","0","CA","6a178f5f00de528e174155e5","2026-05-28T00:42:07.086000","2026-05-28T00:42:07.086000","6a09b5c6ace6051fecd365af","frederik.gelin@gmail.com","false"
"","America/Toronto","https://res.cloudinary.com/dnp8eionl/image/upload/v1774923865/27893997_348359702334750_2981019972748181504_n_rmjohe.jpg","Ville-Marie","45.52504459425493","🍻","","Bar","-73.56025140156711","[]","QC","0","1","0","","CKP-MPORP9KJ-Z7CPCA","true","H2L 1S5","0","[]","0.1","GRENADE BAR","1603 rue Ontario E","0","CA","6a178f5e1d1823da408b772e","2026-05-28T00:42:06.780000","2026-05-28T00:42:06.780000","6a09b5c6ace6051fecd365af","frederik.gelin@gmail.com","false"
"","America/Toronto","https://res.cloudinary.com/dnp8eionl/image/upload/v1774923865/429955806_1067742364343627_6507722375220395846_n_ysjcog.jpg","Ville-Marie","45.51570097562181","🍻","","Bar","-73.56444561341432","[]","QC","0","1","0","","CKP-MPORP9KJ-UV662N","true","H2X 3K8","0","[]","0.1","Point Bar Lounge","2017 R. Saint-Denis","0","CA","6a178f5ea2a78190ab42e511","2026-05-28T00:42:06.464000","2026-05-28T00:42:06.464000","6a09b5c6ace6051fecd365af","frederik.gelin@gmail.com","false"
"","America/Toronto","https://res.cloudinary.com/dnp8eionl/image/upload/v1774923865/12328003_1550804615213176_1264439090_a_yy9zk3.jpg","Ville-Marie","45.51631484761597","🍻","","Bar","-73.56583924650367","[]","QC","0","1","0","","CKP-MPORP9KJ-744YEB","true","H2X 3K8","0","[]","0.1","ARCADE MTL","2031 rue Saint-Denis","0","CA","6a178f5ed0da9fa4044f1986","2026-05-28T00:42:06.137000","2026-05-28T00:42:06.137000","6a09b5c6ace6051fecd365af","frederik.gelin@gmail.com","false"
"","America/Toronto","https://res.cloudinary.com/dnp8eionl/image/upload/v1774923865/305750224_451209127043148_7392605123994085024_n_maacbx.jpg","Ville-Marie","45.51493553616808","🍻","","Cabaret","-73.5653639172845","[]","QC","0","1","0","","CKP-MPORP9KJ-VATG9K","true","H2X 1H6","0","[]","0.1","Le Bordel Comédie & Club","312 rue Ontario E","0","CA","6a178f5d186ea5c795d341e7","2026-05-28T00:42:05.795000","2026-05-28T00:42:05.795000","6a09b5c6ace6051fecd365af","frederik.gelin@gmail.com","false"
"","America/Toronto","https://res.cloudinary.com/dnp8eionl/image/upload/v1774923865/39304274_668445463535072_6901815567666118656_n_gju4aa.jpg","Ville-Marie","45.5157875524435","🛢️","","Microbrasserie","-73.56462785645058","[]","QC","0","1","0","","CKP-MPORP9KJ-2UNVFA","true","H2X 3K4","0","[]","0.1","LE SAINT-BOCK","1749 rue Saint-Denis","0","CA","6a178f5d813959495abb9244","2026-05-28T00:42:05.487000","2026-05-28T00:42:05.487000","6a09b5c6ace6051fecd365af","frederik.gelin@gmail.com","false"
"","America/Toronto","https://res.cloudinary.com/dnp8eionl/image/upload/v1774923865/463896366_1063353212206633_1272400555806441274_n_bsd9o3.jpg","Ville-Marie","45.505972782432686","🍸","","Bistro","-73.56907613466794","[]","QC","0","1","0","","CKP-MPORP9KJ-3X4KV2","true","H3A 1N9","0","[]","0.1","BAR LE FURCO","425 rue Mayor","0","CA","6a178f5d61c1da1b81915eb3","2026-05-28T00:42:05.181000","2026-05-28T00:42:05.181000","6a09b5c6ace6051fecd365af","frederik.gelin@gmail.com","false"
"","America/Toronto","https://res.cloudinary.com/dnp8eionl/image/upload/v1774923865/495813583_18480619762068080_6575952870997305754_n_kzma4q.jpg","Le Plateau-Mont-Royal","45.51663923593665","🪩","","Club","-73.57893497057005","[]","QC","0","1","0","","CKP-MPORP9KJ-RLES2F","true","H2W 1Y3","0","[]","0.1","Barbossa","3956 boulevard Saint-Laurent","0","CA","6a178f5cd7cf8e1f3b12fe0b","2026-05-28T00:42:04.784000","2026-05-28T00:42:04.784000","6a09b5c6ace6051fecd365af","frederik.gelin@gmail.com","false"
"","America/Toronto","https://res.cloudinary.com/dnp8eionl/image/upload/v1774917701/microrave/avatars/o24y6nbdawnx7slhuxje.jpg","Saint-Laurent","45.51254547645759","🍻","","Bar","-73.69275117189149","[]","QC","0","1","0","","CKP-MPORP9KJ-0C2ND1","true","H4L 5L5","0","[]","0.1","Rosana","1320 boulevard Marcel-Laurin","0","CA","6a178f5c47e71c60ee8141a1","2026-05-28T00:42:04.469000","2026-05-28T00:42:04.469000","6a09b5c6ace6051fecd365af","frederik.gelin@gmail.com","false"
"","America/Toronto","https://res.cloudinary.com/dnp8eionl/image/upload/v1774916287/microrave/avatars/ajjwygj3cu0ga7mwk9em.jpg","Ville-Marie","45.51632645373671","🪩","","Club","-73.56587214741366","[]","QC","0","1","0","","CKP-MPORP9KJ-42YWIH","true","H2X 3K8","0","[]","0.1","Le Red Room","2037 rue Saint-Denis","0","CA","6a178f5cd6a40bbd38859f9a","2026-05-28T00:42:04.135000","2026-05-28T00:42:04.135000","6a09b5c6ace6051fecd365af","frederik.gelin@gmail.com","false"
"","America/Toronto","https://res.cloudinary.com/dnp8eionl/image/upload/v1774923865/272860785_474586504141779_1235107240289661689_n_kyrvgr.jpg","Villeray–Saint-Michel–Parc-Extension","45.55451331600748","🍻","","Bar","-73.60089433374381","[]","QC","0","1","0","","CKP-MPORP9KJ-K3IVEI","true","H2A 1T9","0","[]","0.1","Le Club L","2570 rue Jean-Talon E","0","CA","6a178f5b776e4156848c8129","2026-05-28T00:42:03.691000","2026-05-28T00:42:03.691000","6a09b5c6ace6051fecd365af","frederik.gelin@gmail.com","false"
"","America/Toronto","https://res.cloudinary.com/dnp8eionl/image/upload/v1774923865/10957265_1528030794143986_95085403_a_fsg8hl.jpg","Rosemont–La Petite-Patrie","45.53056276625585","🍸","","Cabaret","-73.60792709454614","[]","QC","0","1","0","","CKP-MPORP9KJ-YWFWV9","true","H2S 1P8","0","[]","0.1","NOTRE DAME DES QUILLES","32 rue Beaubien E","0","CA","6a178f5b2b186f45deb2f4f2","2026-05-28T00:42:03.368000","2026-05-28T00:42:03.368000","6a09b5c6ace6051fecd365af","frederik.gelin@gmail.com","false"
"","America/Toronto","https://res.cloudinary.com/dnp8eionl/image/upload/v1774916745/microrave/avatars/veg7ft7ejngrsbch1dfd.jpg","Rosemont–La Petite-Patrie","45.53577309793415","🍻","","Bar","-73.60255399206761","[]","QC","0","1","0","","CKP-MPORP9KJ-HWZ4IW","true","H2S 2L9","0","[]","0.1","Spaghetti Western","6390 rue Saint-Hubert","0","CA","6a178f5af127b3d9ba59e626","2026-05-28T00:42:02.930000","2026-05-28T00:42:02.930000","6a09b5c6ace6051fecd365af","frederik.gelin@gmail.com","false"
"","America/Toronto","https://res.cloudinary.com/dnp8eionl/image/upload/v1774923865/446906788_3920370461578169_8251164772582519786_n_yhjxjh.jpg","Villeray–Saint-Michel–Parc-Extension","45.54528170218829","🍻","","Bar","-73.62706572671993","[]","QC","0","1","0","","CKP-MPORP9KJ-Y9I358","true","H2P 1V9","0","[]","0.1","LE PETIT 26","694 rue Jarry E","0","CA","6a178f5a1e26d12f864619a0","2026-05-28T00:42:02.592000","2026-05-28T00:42:02.592000","6a09b5c6ace6051fecd365af","frederik.gelin@gmail.com","false"
"","America/Toronto","https://res.cloudinary.com/dnp8eionl/image/upload/v1774923865/657456854_18110924815750433_8948274580580695483_n_konywe.jpg","Ahuntsic–Cartierville","45.54322216225032","🍻","","Bar","-73.65637891319207","[]","QC","0","1","0","","CKP-MPORP9KJ-7Q6X7Q","true","H2N 1A3","0","[]","0.1","Silo","109 rue de Louvain O","0","CA","6a178f5a0f0c9a08e3058d92","2026-05-28T00:42:02.275000","2026-05-28T00:42:02.275000","6a09b5c6ace6051fecd365af","frederik.gelin@gmail.com","false"
"","America/Toronto","https://res.cloudinary.com/dnp8eionl/image/upload/v1774923865/274032128_484387063058821_2918311462132002962_n_mtzd4c.jpg","Le Plateau-Mont-Royal","45.5245695440551","🍸","","Bistro","-73.59659365937426","[]","QC","0","1","0","","CKP-MPORP9KJ-9PQQ89","true","H2T 1S1","0","[]","0.1","LE MOINEAU (SPARROW)","5322 boulevard Saint-Laurent","0","CA","6a178f599e84dad56264f0e6","2026-05-28T00:42:01.926000","2026-05-28T00:42:01.926000","6a09b5c6ace6051fecd365af","frederik.gelin@gmail.com","false"
"","America/Toronto","https://res.cloudinary.com/dnp8eionl/image/upload/v1774959627/microrave/avatars/nyhnp3vqsan1t8gpzau3.jpg","Le Plateau-Mont-Royal","45.5258790176364","🍻","","Bar","-73.58144509378796","[]","QC","0","1","0","","CKP-MPORP9KJ-OHEYXU","true","H2J 1W8","0","[]","0.1","TAVERNE ST-SACREMENT","775 avenue du Mont-Royal E","0","CA","6a178f592ed73e1edfe3040c","2026-05-28T00:42:01.619000","2026-05-28T00:42:01.619000","6a09b5c6ace6051fecd365af","frederik.gelin@gmail.com","false"
"","America/Toronto","https://res.cloudinary.com/dnp8eionl/image/upload/v1774923865/465828023_2894578090680901_2766580446561866585_n_v16thp.jpg","Ville-Marie","45.522551905911385","🍻","","Bar","-73.55187626177997","[]","QC","0","1","0","","CKP-MPORP9KJ-X6B1BI","true","H2K 2H3","0","[]","0.1","BAR LE STUD","1812 rue Sainte-Catherine E","0","CA","6a178f5970b90e749f53ed0d","2026-05-28T00:42:01.298000","2026-05-28T00:42:01.298000","6a09b5c6ace6051fecd365af","frederik.gelin@gmail.com","false"
"","America/Toronto","https://res.cloudinary.com/dnp8eionl/image/upload/v1774916909/microrave/avatars/tmn9kwnypea9g0sueec9.jpg","Le Plateau-Mont-Royal","45.52485719569524","👩‍💻","","Coworking","-73.5964127543962","[]","QC","0","1","0","","CKP-MPORP9KJ-Z9C7OJ","true","H2T 1S5","0","[]","0.1","Aux angles ronds","5333 boulevard Saint-Laurent","0","CA","6a178f583b28a22b7d70a912","2026-05-28T00:42:00.966000","2026-05-28T00:42:00.966000","6a09b5c6ace6051fecd365af","frederik.gelin@gmail.com","false"
"","America/Toronto","https://res.cloudinary.com/dnp8eionl/image/upload/v1774919259/microrave/avatars/yey3lkbzp14nse8yugp0.jpg","Le Plateau-Mont-Royal","45.52682186274183","🍸","","Bistro","-73.58869128783174","[]","QC","0","1","0","","CKP-MPORP9KJ-S20M6D","true","H2J 2L9","0","[]","0.1","Bar la marche à côté","5043 rue Saint-Denis","0","CA","6a178f58c297d33a33bf3648","2026-05-28T00:42:00.639000","2026-05-28T00:42:00.639000","6a09b5c6ace6051fecd365af","frederik.gelin@gmail.com","false"
"","America/Toronto","https://res.cloudinary.com/dnp8eionl/image/upload/v1774923865/41709011_283020902309338_1677261411434102784_n_ww44z9.jpg","Ville-Marie","45.516243357389925","🍻","","Bar","-73.56573840089088","[]","QC","0","1","0","","CKP-MPORP9KJ-HQ9N3S","true","H2X 3K8","0","[]","0.1","LE 4E MUR","2021 rue Saint-Denis","0","CA","6a178f589892930788fe9052","2026-05-28T00:42:00.325000","2026-05-28T00:42:00.325000","6a09b5c6ace6051fecd365af","frederik.gelin@gmail.com","false"
"","America/Toronto","https://res.cloudinary.com/dnp8eionl/image/upload/v1774923865/274032128_484387063058821_2918311462132002962_n_mtzd4c.jpg","Ville-Marie","45.50737524443578","🎤","","Karaoké","-73.55975474376224","[]","QC","0","1","0","","CKP-MPORP9KJ-P0WMTG","true","H2Z 1J9","0","[]","0.1","CEO Karaoke","1008 rue Clark","0","CA","6a178f57d512ae61059f57b6","2026-05-28T00:41:59.970000","2026-05-28T00:41:59.970000","6a09b5c6ace6051fecd365af","frederik.gelin@gmail.com","false"
"","America/Toronto","https://res.cloudinary.com/dnp8eionl/image/upload/v1774923865/572673704_17847533673596223_5080576461406043703_n_debuha.jpg","Lachine","45.43416076942113","🍻","","Bar","-73.69035521903903","[]","QC","0","1","0","","CKP-MPORP9KJ-EO40QI","true","H8S 2H1","0","[]","0.1","Honky Tonk","2915 rue Notre-Dame O","0","CA","6a178f579353d95cff8f242e","2026-05-28T00:41:59.683000","2026-05-28T00:41:59.683000","6a09b5c6ace6051fecd365af","frederik.gelin@gmail.com","false"
"","America/Toronto","https://res.cloudinary.com/dnp8eionl/image/upload/v1774915990/450240956_1645205076265632_7893651800416885369_n_jma5u2.jpg","Ahuntsic–Cartierville","45.53836155219036","🍻","","Bar","-73.65498690113165","[]","QC","0","1","0","","CKP-MPORP9KJ-ESEOU0","true","H2N 1G6","0","[]","0.1","Agence Modroom","555 rue Chabanel O","0","CA","6a178f57efa8ff3d4d73ab64","2026-05-28T00:41:59.365000","2026-05-28T00:41:59.365000","6a09b5c6ace6051fecd365af","frederik.gelin@gmail.com","false"
"","America/Toronto","https://res.cloudinary.com/dnp8eionl/image/upload/v1774923865/403880423_651862813819028_6107675320244293247_n_gxzpld.jpg","Ville-Marie","45.50191906103017","🪩","","Club","-73.55971186992285","[]","QC","0","1","0","","CKP-MPORP9KJ-WGNZT8","true","H2Y 1S1","0","[]","0.1","BORD'ELLE","390 rue Saint-Jacques","0","CA","6a178f57ecbf9a097a63559b","2026-05-28T00:41:59.028000","2026-05-28T00:41:59.028000","6a09b5c6ace6051fecd365af","frederik.gelin@gmail.com","false"
"","America/Toronto","https://res.cloudinary.com/dnp8eionl/image/upload/v1774923865/47689850_461118031386555_6079460812315951104_n_uiqb1e.jpg","Le Plateau-Mont-Royal","45.522453388885886","🍻","","Bar","-73.58405950362973","[]","QC","0","1","0","","CKP-MPORP9KJ-G68UR2","true","H2T 1P5","0","[]","0.1","BAR SALON MR250","250 avenue du Mont-Royal E","0","CA","6a178f56eb3b0edc2fb24978","2026-05-28T00:41:58.722000","2026-05-28T00:41:58.722000","6a09b5c6ace6051fecd365af","frederik.gelin@gmail.com","false"
"","America/Toronto","https://res.cloudinary.com/dnp8eionl/image/upload/v1774923865/639738307_18362659705164576_1880871500698284003_n_jbzrgh.jpg","Ville-Marie","45.5185498489645","🎤","","Karaoké","-73.5559009938338","[]","QC","0","1","0","","CKP-MPORP9KJ-54LFUX","true","H2L 2G9","0","[]","0.1","LE DATE PIANO BAR","1218 rue Sainte-Catherine E","0","CA","6a178f560835176d29b40405","2026-05-28T00:41:58.415000","2026-05-28T00:41:58.415000","6a09b5c6ace6051fecd365af","frederik.gelin@gmail.com","false"
"","America/Toronto","https://res.cloudinary.com/dnp8eionl/image/upload/v1774918419/microrave/avatars/xzxpq9iewrfo53ic4vfj.jpg","Le Plateau-Mont-Royal","45.53377738212121","🍻","","Bar","-73.57393763993718","[]","QC","0","1","0","","CKP-MPORP9KJ-0C6ZFE","true","H2H 2N9","0","[]","0.1","LE TERMINAL","1875 avenue du Mont-Royal E","0","CA","6a178f568a1d48dee25882dd","2026-05-28T00:41:58.101000","2026-05-28T00:41:58.101000","6a09b5c6ace6051fecd365af","frederik.gelin@gmail.com","false"
"","America/Toronto","https://res.cloudinary.com/dnp8eionl/image/upload/v1774923865/29717859_1002460923262719_1661040544022790144_n_h68uyw.jpg","Lachine","45.43483607496061","🛢️","","Microbrasserie","-73.6758960211724","[]","QC","0","1","0","","CKP-MPORP9KJ-053LV2","true","H8S 2C9","0","[]","0.1","BRASSERIE LOUKS","1345 rue Notre-Dame O","0","CA","6a178f556f9adcd67da6eba9","2026-05-28T00:41:57.808000","2026-05-28T00:41:57.808000","6a09b5c6ace6051fecd365af","frederik.gelin@gmail.com","false"
"","America/Toronto","https://res.cloudinary.com/dnp8eionl/image/upload/v1774923139/microrave/avatars/gci3dch6zoeosratbtss.jpg","Le Plateau-Mont-Royal","45.51893020421502","🍸","","Bistro","-73.58400610660487","[]","QC","0","1","0","","CKP-MPORP9KJ-129XET","true","H2W 1Z3","0","[]","0.1","BAR DARLING","4328 boulevard Saint-Laurent","0","CA","6a178f55eb5f113b3407b93c","2026-05-28T00:41:57.501000","2026-05-28T00:41:57.501000","6a09b5c6ace6051fecd365af","frederik.gelin@gmail.com","false"
"","America/Toronto","https://res.cloudinary.com/dnp8eionl/image/upload/v1774923865/336848500_1333722400804887_8827420693988334556_n_pong93.jpg","Ville-Marie","45.51912798327976","🍻","","Bar","-73.55534208303621","[]","QC","0","1","0","","CKP-MPORP9KJ-1P6CCT","true","H2L 3B4","0","[]","0.1","Motel Motel","1276 Rue Sainte-Catherine E","0","CA","6a178f550a158a5db1fc0d3a","2026-05-28T00:41:57.136000","2026-05-28T00:41:57.136000","6a09b5c6ace6051fecd365af","frederik.gelin@gmail.com","false"
"","America/Toronto","https://res.cloudinary.com/dnp8eionl/image/upload/v1774917070/microrave/avatars/gsxx7a0lgkjytewzyxke.jpg","Ville-Marie","45.51836388378321","🍻","","Bar","-73.55649587233674","[]","QC","0","1","0","","CKP-MPORP9KJ-CTEEOR","true","H2L 3G8","0","[]","0.1","BAR DISCOTHEQUE UNITY III","1400 rue Montcalm","0","CA","6a178f5472d4bc70c071fab3","2026-05-28T00:41:56.832000","2026-05-28T00:41:56.832000","6a09b5c6ace6051fecd365af","frederik.gelin@gmail.com","false"
"","America/Toronto","https://res.cloudinary.com/dnp8eionl/image/upload/v1774923513/microrave/avatars/lkchzsloo8eiiud2loyk.jpg","Ville-Marie","45.50899750011303","🛢️","","Microbrasserie","-73.5515258148442","[]","QC","0","1","0","","CKP-MPORP9KJ-ZMWTJG","true","H2Y 1H2","0","[]","0.1","Brasserie Brewskey","350 rue Saint-Paul E","0","CA","6a178f5469af4b5bb049a987","2026-05-28T00:41:56.483000","2026-05-28T00:41:56.483000","6a09b5c6ace6051fecd365af","frederik.gelin@gmail.com","false"
"","America/Toronto","https://res.cloudinary.com/dnp8eionl/image/upload/v1774923865/475879775_1325782325403985_1380516203871949219_n_kn526d.jpg","Le Plateau-Mont-Royal","45.52383100921258","🍻","","Bar","-73.58222107109907","[]","QC","0","1","0","","CKP-MPORP9KJ-M1O7P2","true","H2J 2L2","0","[]","0.1","BAR POW POW","4459 rue Saint-Denis","0","CA","6a178f5447e71c60ee81419c","2026-05-28T00:41:56.168000","2026-05-28T00:41:56.168000","6a09b5c6ace6051fecd365af","frederik.gelin@gmail.com","false"
"","America/Toronto","https://res.cloudinary.com/dnp8eionl/image/upload/v1774923865/26152210_380182455728421_7386347063304257536_n_xi5bow.jpg","Ville-Marie","45.52342863381392","🍻","","Bar","-73.58319087665316","[]","QC","0","1","0","","CKP-MPORP9KJ-8PM6AX","true","H2T 1P9","0","[]","0.1","BILY KUN","354 avenue du Mont-Royal E","0","CA","6a178f531b9f6ea70035d408","2026-05-28T00:41:55.797000","2026-05-28T00:41:55.797000","6a09b5c6ace6051fecd365af","frederik.gelin@gmail.com","false"
"","America/Toronto","https://res.cloudinary.com/dnp8eionl/image/upload/v1774923865/653600283_18350319505232128_5372167067472574541_n_pyf1a0.jpg","Ville-Marie","45.50169409102755","🍸","","Bistro","-73.55920080056957","[]","QC","0","1","0","","CKP-MPORP9KJ-FY9XRJ","true","H2Y 1V3","0","[]","0.1","JIAO BAR A DIM SUM","399 rue Notre-Dame O","0","CA","6a178f5370b90e749f53ed0b","2026-05-28T00:41:55.360000","2026-05-28T00:41:55.360000","6a09b5c6ace6051fecd365af","frederik.gelin@gmail.com","false"
"","America/Toronto","https://res.cloudinary.com/dnp8eionl/image/upload/v1774923865/68768311_453131385275293_181449530598752256_n_p4wxkq.jpg","Ville-Marie","45.51098410144692","🍻","","Bar","-73.56310530022779","[]","QC","0","1","0","","CKP-MPORP9KJ-53WD9A","true","H2X 1K5","0","[]","0.1","LES FOUFOUNES ÉLECTRIQUES","87 rue Sainte-Catherine E","0","CA","6a178f531a73030f761abb05","2026-05-28T00:41:55.051000","2026-05-28T00:41:55.051000","6a09b5c6ace6051fecd365af","frederik.gelin@gmail.com","false"
"","America/Toronto","https://res.cloudinary.com/dnp8eionl/image/upload/v1774922513/microrave/avatars/ix6en9tqjvodvf2eenlo.jpg","Le Plateau-Mont-Royal","45.519898973793055","👩‍💻","","Coworking","-73.59780375091897","[]","QC","0","1","0","","CKP-MPORP9KJ-XT6AER","true","H2V 2G4","0","[]","0.1","Espace Mile End","368 avenue Fairmount O","0","CA","6a178f5272e41e9b5a23d279","2026-05-28T00:41:54.735000","2026-05-28T00:41:54.735000","6a09b5c6ace6051fecd365af","frederik.gelin@gmail.com","false"
"","America/Toronto","https://res.cloudinary.com/dnp8eionl/image/upload/v1774923865/496949433_18477754210070459_3353117229701840775_n_zg5n0z.jpg","Ville-Marie","45.500552058651365","🍻","","Bar","-73.57480092655706","[]","QC","0","1","0","","CKP-MPORP9KJ-WO5W0U","true","H3A 1M7","0","[]","0.1","Soubois","1106 boulevard De Maisonneuve O","0","CA","6a178f5209ff2fab5d316cb8","2026-05-28T00:41:54.433000","2026-05-28T00:41:54.433000","6a09b5c6ace6051fecd365af","frederik.gelin@gmail.com","false"
"","America/Toronto","https://res.cloudinary.com/dnp8eionl/image/upload/v1775059737/microrave/avatars/k0vyz52qyjfxx0wdug9v.jpg","Le Plateau-Mont-Royal","45.52449274540594","🍻","","Bar","-73.58375283838029","[]","QC","0","1","0","","CKP-MPORP9KJ-6SLNQP","true","H2J 2L4","0","[]","0.1","CLEBARD","4557 rue Saint-Denis","0","CA","6a178f52fe5ed489e6ac3a34","2026-05-28T00:41:54.133000","2026-05-28T00:41:54.133000","6a09b5c6ace6051fecd365af","frederik.gelin@gmail.com","false"
"","America/Toronto","https://res.cloudinary.com/dnp8eionl/image/upload/v1774923865/448881631_283041851498075_8385294665605133409_n_swp3qi.jpg","Ville-Marie","45.50227724148789","👩‍💻","","Coworking","-73.55917116754664","[]","QC","0","1","0","","CKP-MPORP9KJ-6FWH1K","true","H2Y 1P5","0","[]","0.1","CREW COLLECTIVE & CAFÉ","360 rue Saint-Jacques","0","CA","6a178f51934fcaf528cfca79","2026-05-28T00:41:53.846000","2026-05-28T00:41:53.846000","6a09b5c6ace6051fecd365af","frederik.gelin@gmail.com","false"
"","America/Toronto","https://res.cloudinary.com/dnp8eionl/image/upload/v1774923865/476112958_971265418302852_1616456603451634587_n_mgqhq8.jpg","Ville-Marie","45.5018647866566","🪩","","Club","-73.55975418807485","[]","QC","0","1","0","","CKP-MPORP9KJ-445OX3","true","H3C 0S5","0","[]","0.1","Francesco's","394 rue Notre-Dame O","0","CA","6a178f51edc368bb03df7c93","2026-05-28T00:41:53.538000","2026-05-28T00:41:53.538000","6a09b5c6ace6051fecd365af","frederik.gelin@gmail.com","false"
"","America/Toronto","https://res.cloudinary.com/dnp8eionl/image/upload/v1774915990/microrave/avatars/o5c5ldshatsl9mlqel12.jpg","Ville-Marie","45.53877","🎙️","","Coworking","-73.56268","[]","QC","0","1","0","","CKP-MPORP9KJ-E7APEJ","true","H2H 1P3","0","[]","0.1","Kampus Coworking","2700 Rue Angus","0","CA","6a178f511b9f6ea70035d405","2026-05-28T00:41:53.206000","2026-05-28T00:41:53.206000","6a09b5c6ace6051fecd365af","frederik.gelin@gmail.com","false"
"","America/Toronto","https://res.cloudinary.com/dnp8eionl/image/upload/v1774923326/microrave/avatars/shbd6ih06isi0nwpdcah.jpg","Le Plateau-Mont-Royal","45.51915354462335","🪩","","Club","-73.58450460363153","[]","QC","0","1","0","","CKP-MPORP9KJ-QCVRRC","true","H2W 1Z5","0","[]","0.1","BAR BALATTOU INC","4372 boulevard Saint-Laurent","0","CA","6a178f50229aaef520c6599a","2026-05-28T00:41:52.895000","2026-05-28T00:41:52.895000","6a09b5c6ace6051fecd365af","frederik.gelin@gmail.com","false"
"","America/Toronto","https://res.cloudinary.com/dnp8eionl/image/upload/v1774921547/microrave/avatars/azzoikouzdqlahguckqp.jpg","Le Plateau-Mont-Royal","45.52009208136126","🍻","","Bar","-73.58608907716406","[]","QC","0","1","0","","CKP-MPORP9KJ-ZX36US","true","H2W 1Z8","0","[]","0.1","LE BELMONT SUR LE BOULEVARD ENR.","4483 boulevard Saint-Laurent","0","CA","6a178f5006617ee10ede3eb4","2026-05-28T00:41:52.591000","2026-05-28T00:41:52.591000","6a09b5c6ace6051fecd365af","frederik.gelin@gmail.com","false"
"","America/Toronto","https://res.cloudinary.com/dnp8eionl/image/upload/v1774923865/430640656_1887793055012320_7578006166869229235_n_csqbcs.jpg","Ville-Marie","45.51938352849866","📺","","Radio et télévision","-73.55335805112855","[]","QC","0","1","0","","CKP-MPORP9KJ-IS2UN5","true","H2L 2Y6","0","[]","0.1","Sartec","1231 rue Panet","0","CA","6a178f50c727271ba41c4a0e","2026-05-28T00:41:52.285000","2026-05-28T00:41:52.285000","6a09b5c6ace6051fecd365af","frederik.gelin@gmail.com","false"
"","America/Toronto","https://res.cloudinary.com/dnp8eionl/image/upload/v1774923865/75266901_538976993613360_7956732361029189632_n_mjqeos.jpg","Rosemont–La Petite-Patrie","45.53532657886021","🍻","","Bar","-73.60107368857264","[]","QC","0","1","0","","CKP-MPORP9KJ-YG0VPW","true","H2H 2N9","0","[]","0.1","BAR NESTOR","6289 rue Saint-Hubert","0","CA","6a178f4fdb3191bf6f88b33e","2026-05-28T00:41:51.989000","2026-05-28T00:41:51.989000","6a09b5c6ace6051fecd365af","frederik.gelin@gmail.com","false"
"","America/Toronto","https://res.cloudinary.com/dnp8eionl/image/upload/v1774923865/450392286_7640579959383725_5520387428235680340_n_wrijwc.jpg","Le Plateau-Mont-Royal","45.52186550923838","🍻","","Bar","-73.59363553817668","[]","QC","0","1","0","","CKP-MPORP9KJ-K41WC2","true","H2T 2N4","0","[]","0.1","BAR DATCHA","98 avenue Laurier O","0","CA","6a178f4fc1e726f1419d210b","2026-05-28T00:41:51.665000","2026-05-28T00:41:51.665000","6a09b5c6ace6051fecd365af","frederik.gelin@gmail.com","false"
"","America/Toronto","https://res.cloudinary.com/dnp8eionl/image/upload/v1774923865/288682913_141056045197118_7827562505669972412_n_subo0l.jpg","Saint-Léonard","45.585075303484686","🪩","","Club","-73.57102331368037","[]","QC","0","1","0","","CKP-MPORP9KJ-T7YRNT","true","H1T 3T4","0","[]","0.1","Café Bar Sasha","6075 rue Bélanger","0","CA","6a178f4fcd02c6111d8c4845","2026-05-28T00:41:51.336000","2026-05-28T00:41:51.336000","6a09b5c6ace6051fecd365af","frederik.gelin@gmail.com","false"
"","America/Toronto","https://res.cloudinary.com/dnp8eionl/image/upload/v1774923865/10808642_336696393186747_170602572_a_jxlwy6.jpg","Ville-Marie","45.502872752933584","🍻","","Bar","-73.56993338259346","[]","QC","0","1","0","","CKP-MPORP9KJ-L12HUW","true","H3B 1C2","0","[]","0.1","PIRANHA BAR","680 rue Sainte-Catherine O","0","CA","6a178f4fbd6fd9ab3fa213e7","2026-05-28T00:41:51.010000","2026-05-28T00:41:51.010000","6a09b5c6ace6051fecd365af","frederik.gelin@gmail.com","false"
"","America/Toronto","https://res.cloudinary.com/dnp8eionl/image/upload/v1774923865/53305639_378869216283294_1880822159522136064_n_imkg9y.jpg","Le Sud-Ouest","45.48826652979577","🍻","","Bar","-73.56843477206007","[]","QC","0","1","0","","CKP-MPORP9KJ-J0JRSI","true","H3J 1M5","0","[]","0.1","Le bird","1800 rue Notre-Dame O","0","CA","6a178f4ec4e67fff1b2029e3","2026-05-28T00:41:50.723000","2026-05-28T00:41:50.723000","6a09b5c6ace6051fecd365af","frederik.gelin@gmail.com","false"
"","America/Toronto","https://res.cloudinary.com/dnp8eionl/image/upload/v1774923865/590429819_18547291318037457_2629474050368946052_n_ajamzg.jpg","Ville-Marie","45.49785600426026","🍻","","Bar","-73.57741307178013","[]","QC","0","1","0","","CKP-MPORP9KJ-7LY65X","true","H3G 2B6","0","[]","0.1","Électric Avenue","1476 Rue Crescent","0","CA","6a178f4e110585c819bf742e","2026-05-28T00:41:50.417000","2026-05-28T00:41:50.417000","6a09b5c6ace6051fecd365af","frederik.gelin@gmail.com","false"
"","America/Toronto","https://res.cloudinary.com/dnp8eionl/image/upload/v1774923865/657261178_18427979434191520_3982869341241935453_n_bmwmel.jpg","Ville-Marie","45.49650830155794","👠","","Cabaret","-73.57672360429362","[]","QC","0","1","0","","CKP-MPORP9KJ-E3JFAQ","true","H3G 1S6","0","[]","0.1","Le Monastère","1439 rue Sainte-Catherine O","0","CA","6a178f4ce370776fda488c6d","2026-05-28T00:41:48.608000","2026-05-28T00:41:48.608000","6a09b5c6ace6051fecd365af","frederik.gelin@gmail.com","false"
"","America/Toronto","https://res.cloudinary.com/dnp8eionl/image/upload/v1774922660/microrave/avatars/codiqb7qooadgle99kht.jpg","Le Plateau-Mont-Royal","45.51484130271333","🍻","","Bar","-73.5743674215586","[]","QC","0","1","0","","CKP-MPORP9KJ-Y3YOUW","true","H2X 2V7","0","[]","0.1","TRH-BAR","3699 boulevard Saint-Laurent","0","CA","6a178f4c47cd2556127d5add","2026-05-28T00:41:48.304000","2026-05-28T00:41:48.304000","6a09b5c6ace6051fecd365af","frederik.gelin@gmail.com","false"
"","America/Toronto","https://res.cloudinary.com/dnp8eionl/image/upload/v1774922090/microrave/avatars/aope1inf1k2a4bts92wy.jpg","Villeray–Saint-Michel–Parc-Extension","45.54238637293574","🛢️","","Microbrasserie","-73.62951527861495","[]","QC","0","1","0","humour","CKP-MPORP9KJ-J3X3ZS","true","H2P 1V1","0","[]","0.1","Brasserie Etoh","8100 rue Saint-Denis","0","CA","6a178f4b2b186f45deb2f4ed","2026-05-28T00:41:47.993000","2026-05-28T00:41:47.993000","6a09b5c6ace6051fecd365af","frederik.gelin@gmail.com","false"
"","America/Toronto","https://res.cloudinary.com/dnp8eionl/image/upload/v1774923865/314001251_226530129716183_8614196091468249289_n_c3keuq.jpg","Ville-Marie","45.49686380626082","🍻","","Bar","-73.57726491222932","[]","QC","0","1","0","","CKP-MPORP9KI-DE1IOW","true","H3G 2E6","0","[]","0.1","MCKIBBIN'S IRISH PUB","1426 rue Bishop","0","CA","6a178f4b686a4117b04f3a36","2026-05-28T00:41:47.669000","2026-05-28T00:41:47.669000","6a09b5c6ace6051fecd365af","frederik.gelin@gmail.com","false"
"","America/Toronto","https://res.cloudinary.com/dnp8eionl/image/upload/v1774923865/432570397_771997387823850_3771604471704177707_n_mce6br.jpg","Le Plateau-Mont-Royal","45.51708694959824","🍻","","Bar","-73.57992839822916","[]","QC","0","1","0","","CKP-MPORP9KI-A0FH0E","true","H2W 1Y8","0","[]","0.1","Bar fly","4062 boulevard Saint-Laurent","0","CA","6a178f4bb1acca8c5a5e0ee7","2026-05-28T00:41:47.361000","2026-05-28T00:41:47.361000","6a09b5c6ace6051fecd365af","frederik.gelin@gmail.com","false"
"","America/Toronto","https://res.cloudinary.com/dnp8eionl/image/upload/v1774923865/314001251_226530129716183_8614196091468249289_n_c3keuq.jpg","Ville-Marie","45.51341475352443","🍻","","Bar","-73.57119870685686","[]","QC","0","1","0","","CKP-MPORP9KI-H9CLO1","true","H2X 2T6","0","[]","0.1","MCKIBBIN'S IRISH PUB","3515 boulevard Saint-Laurent","0","CA","6a178f4bef5ff069ddc7fe5c","2026-05-28T00:41:47.024000","2026-05-28T00:41:47.024000","6a09b5c6ace6051fecd365af","frederik.gelin@gmail.com","false"
"","America/Toronto","https://res.cloudinary.com/dnp8eionl/image/upload/v1774990111/microrave/avatars/cwnneg9v7lzzllihvccg.jpg","Rosemont–La Petite-Patrie","45.53836432088675","🍻","","Bar","-73.61106966235694","[]","QC","0","1","0","","CKP-MPORP9KI-XV3QA6","true","H2S 1G5","0","[]","0.1","One punch Mickey's","521 rue Bélanger","0","CA","6a178f4a6f47b5bbe921ea13","2026-05-28T00:41:46.647000","2026-05-28T00:41:46.647000","6a09b5c6ace6051fecd365af","frederik.gelin@gmail.com","false"
"","America/Toronto","https://res.cloudinary.com/dnp8eionl/image/upload/v1774923865/499047148_18062694491143023_6411126057472833330_n_ket9ju.jpg","Ville-Marie","45.50029458170964","🍻","","Bar","-73.5758137780989","[]","QC","0","1","0","","CKP-MPORP9KI-LA7YOL","true","H3A 1N4","0","[]","0.1","LA CANTINA","2022 rue Stanley","0","CA","6a178f4a3cecf0d89ee08531","2026-05-28T00:41:46.271000","2026-05-28T00:41:46.271000","6a09b5c6ace6051fecd365af","frederik.gelin@gmail.com","false"
"","America/Toronto","https://res.cloudinary.com/dnp8eionl/image/upload/v1774921709/microrave/avatars/lbmyg0hstgiayhykojub.jpg","Ville-Marie","45.51779594255866","👠","","Cabaret","-73.55696786843102","[]","QC","0","1","0","","CKP-MPORP9KI-1O0FGF","true","H2L 2G2","0","[]","0.1","MADO CABARET SPECTACLE","1115 rue Sainte-Catherine E","0","CA","6a178f4970805ef961057c0f","2026-05-28T00:41:45.851000","2026-05-28T00:41:45.851000","6a09b5c6ace6051fecd365af","frederik.gelin@gmail.com","false"
"","America/Toronto","https://res.cloudinary.com/dnp8eionl/image/upload/v1774991412/microrave/avatars/dofwqtdlnyzn3pefjpl1.jpg","Ahuntsic–Cartierville","45.56830952664505","🍻","","Bar","-73.65306616862864","[]","QC","0","1","0","","CKP-MPORP9KI-ZHCR8X","true","H2B 2A1","0","[]","0.1","Brouhaha","10295 avenue Papineau","0","CA","6a178f49885d09e3239990af","2026-05-28T00:41:45.538000","2026-05-28T00:41:45.538000","6a09b5c6ace6051fecd365af","frederik.gelin@gmail.com","false"
"","America/Toronto","https://res.cloudinary.com/dnp8eionl/image/upload/v1774923865/358063100_1644588259353372_2908989546283546745_n_h6k6b2.jpg","Ville-Marie","45.50990826976408","🍻","","Bar","-73.56310407396033","[]","QC","0","1","0","","CKP-MPORP9KI-CS9R9B","true","H2X 2S6","0","[]","0.1","MIDWAY","1219 boulevard Saint-Laurent","0","CA","6a178f49334725ddc2746299","2026-05-28T00:41:45.188000","2026-05-28T00:41:45.188000","6a09b5c6ace6051fecd365af","frederik.gelin@gmail.com","false"
"","America/Toronto","https://res.cloudinary.com/dnp8eionl/image/upload/v1774989977/microrave/avatars/rvirnobsnqjpqze1i5zr.jpg","Ville-Marie","45.51379357952941","📺","","Radio et télévision","-73.56008074600894","[]","QC","0","1","0","","CKP-MPORP9KI-57L6YE","true","H2L 2C5","0","[]","0.1","CHOQ.ca","Pavillon Hubert-Aquin, 400 Rue Sainte-Catherine E","0","CA","6a178f485f697b081d9fbb61","2026-05-28T00:41:44.860000","2026-05-28T00:41:44.860000","6a09b5c6ace6051fecd365af","frederik.gelin@gmail.com","false"
"","America/Toronto","https://res.cloudinary.com/dnp8eionl/image/upload/v1774923865/319701200_139425285318979_8494173660247889845_n_ymx1wu.jpg","Le Plateau-Mont-Royal","45.5219592392629","🍻","","Bar","-73.59357049248479","[]","QC","0","1","0","","CKP-MPORP9KI-5RYXQ0","true","H2T 2N4","0","[]","0.1","Bar kabinet","98 avenue Laurier O","0","CA","6a178f485b368c2c709a32a3","2026-05-28T00:41:44.506000","2026-05-28T00:41:44.506000","6a09b5c6ace6051fecd365af","frederik.gelin@gmail.com","false"
"","America/Toronto","https://res.cloudinary.com/dnp8eionl/image/upload/v1774922090/102526258_287722612409505_6153291039133452112_n_ryqs6a.jpg","Ville-Marie","45.497395730104486","📺","","Radio et télévision","-73.5617386402906","[]","QC","0","1","0","","CKP-MPORP9KI-T2XEI4","true","H3C 1J9","0","[]","0.1","URBANIA","914 rue Notre-Dame O","0","CA","6a178f481e936baec06c9123","2026-05-28T00:41:44.181000","2026-05-28T00:41:44.181000","6a09b5c6ace6051fecd365af","frederik.gelin@gmail.com","false"
"","America/Toronto","https://res.cloudinary.com/dnp8eionl/image/upload/v1774923865/11084929_1571927413087812_1536789383_a_og5x1y.jpg","Le Sud-Ouest","45.47287419929263","🍻","","Bar","-73.58880143498752","[]","QC","0","1","0","","CKP-MPORP9KI-9ZCUPR","true","H4C 1S7","0","[]","0.1","BAR DE COURCELLE","4685 rue Notre-Dame O","0","CA","6a178f4761d8d7ea68f65a38","2026-05-28T00:41:43.855000","2026-05-28T00:41:43.855000","6a09b5c6ace6051fecd365af","frederik.gelin@gmail.com","false"
"","America/Toronto","https://res.cloudinary.com/dnp8eionl/image/upload/v1774922090/20633600_139536143200998_2960597398960734208_a_rnhvjj.jpg","Ville-Marie","45.489744027857924","🍻","","Bar","-73.56676020767824","[]","QC","0","1","0","","CKP-MPORP9KI-FECOAQ","true","H3J 1S6","0","[]","0.1","LE PARLOIR - CAVES PRIVEES","424 rue Guy","0","CA","6a178f47923d45c49812293a","2026-05-28T00:41:43.522000","2026-05-28T00:41:43.522000","6a09b5c6ace6051fecd365af","frederik.gelin@gmail.com","false"
"","America/Toronto","https://res.cloudinary.com/dnp8eionl/image/upload/v1774923865/338954388_541407178072655_9169266687405922253_n_olseht.jpg","Le Plateau-Mont-Royal","45.513868441788965","🍻","","Bar","-73.57216726720159","[]","QC","0","1","0","","CKP-MPORP9KI-091YCA","true","H2X 2T6","0","[]","0.1","El furniture warehouse","3565 boulevard Saint-Laurent","0","CA","6a178f473919d4e63c74e210","2026-05-28T00:41:43.228000","2026-05-28T00:41:43.228000","6a09b5c6ace6051fecd365af","frederik.gelin@gmail.com","false"
"","America/Toronto","https://res.cloudinary.com/dnp8eionl/image/upload/v1774921709/microrave/avatars/lbmyg0hstgiayhykojub.jpg","Rosemont–La Petite-Patrie","45.54180957286436","🍻","","Bar","-73.6030531272008","[]","QC","0","1","0","","CKP-MPORP9KI-I8B7TU","true","H2G 1G5","0","[]","0.1","Le Jockey","1309 rue Saint-Zotique E","0","CA","6a178f46b757dd46268fad4f","2026-05-28T00:41:42.919000","2026-05-28T00:41:42.919000","6a09b5c6ace6051fecd365af","frederik.gelin@gmail.com","false"
"","America/Toronto","https://res.cloudinary.com/dnp8eionl/image/upload/v1775059400/279965941_1319539871886951_4064350656005826682_n_jj2yoh.jpg","Le Plateau-Mont-Royal","45.52387032300939","🍻","","Bar","-73.58230645463159","[]","QC","0","1","0","","CKP-MPORP9KI-15HE89","true","H2J 2L2","0","[]","0.1","L'ESCO BAR SPECTACLE","4461 rue Saint-Denis","0","CA","6a178f46f127b3d9ba59e623","2026-05-28T00:41:42.440000","2026-05-28T00:41:42.440000","6a09b5c6ace6051fecd365af","frederik.gelin@gmail.com","false"
"","America/Toronto","https://res.cloudinary.com/dnp8eionl/image/upload/v1774991698/microrave/avatars/att4q6zckkwsi68eppuk.jpg","Saint-Léonard","45.59750211911606","🍻","","Bar","-73.57988738984749","[]","QC","0","1","0","","CKP-MPORP9KI-XMECO1","true","H1P 1W6","0","[]","0.1","CAFÉ MERCEDES","6715 rue Jarry E","0","CA","6a178f46d419e5c5adec7bad","2026-05-28T00:41:42.118000","2026-05-28T00:41:42.118000","6a09b5c6ace6051fecd365af","frederik.gelin@gmail.com","false"
"","America/Toronto","https://res.cloudinary.com/dnp8eionl/image/upload/v1774959838/microrave/avatars/tjsnubu3jtjziuvppgst.jpg","Rosemont–La Petite-Patrie","45.53197399969469","🍻","","Bar","-73.61264114157555","[]","QC","0","1","0","","CKP-MPORP9KI-2HENGX","true","H2S 3C7","0","[]","0.1","Pretty Dirty","6714 boulevard Saint-Laurent","0","CA","6a178f45ae7ff516584d95db","2026-05-28T00:41:41.785000","2026-05-28T00:41:41.785000","6a09b5c6ace6051fecd365af","frederik.gelin@gmail.com","false"
"","America/Toronto","https://res.cloudinary.com/dnp8eionl/image/upload/v1774923865/604133526_18437532181103260_8319018195318162357_n_x5udyv.jpg","Le Plateau-Mont-Royal","45.51344007515808","🍻","","Bar","-73.5712576445703","[]","QC","0","1","0","","CKP-MPORP9KI-0Z5AJJ","true","H2X 2T6","0","[]","0.1","La porte","3519 boulevard Saint-Laurent","0","CA","6a178f45e9dbf7af3e943992","2026-05-28T00:41:41.470000","2026-05-28T00:41:41.470000","6a09b5c6ace6051fecd365af","frederik.gelin@gmail.com","false"
"","America/Toronto","https://res.cloudinary.com/dnp8eionl/image/upload/v1774917442/microrave/avatars/jdtycelllwhljsnf5nup.jpg","Le Plateau-Mont-Royal","45.523907314808525","🎪","","Salle de spectacle","-73.58248046252557","[]","QC","0","1","0","","CKP-MPORP9KI-ZWA8H0","true","H2J 2L2","0","[]","0.1","LE QUAI DES BRUMES","4481 rue Saint-Denis","0","CA","6a178f450b1ad3297a526e56","2026-05-28T00:41:41.163000","2026-05-28T00:41:41.163000","6a09b5c6ace6051fecd365af","frederik.gelin@gmail.com","false"
"","America/Toronto","https://res.cloudinary.com/dnp8eionl/image/upload/v1774923865/495157979_17965630220910515_796663514611190205_n_sx0aw8.jpg","Ville-Marie","45.497736744986994","🍻","","Bar","","[]","QC","0","1","0","","CKP-MPORP9KI-6PG02X","true","H3G 2B6","0","[]","0.1","Mona Loa","1464 Rue Crescent","0","CA","6a178f4438418b392c86af2d","2026-05-28T00:41:40.868000","2026-05-28T00:41:40.868000","6a09b5c6ace6051fecd365af","frederik.gelin@gmail.com","false"
"","America/Toronto","https://res.cloudinary.com/dnp8eionl/image/upload/v1774991698/microrave/avatars/brc51u1uclguz76x1hv8.jpg","Mercier–Hochelaga-Maisonneuve","45.589085180107936","🍻","","Bar","-73.51682193485975","[]","QC","0","1","0","","CKP-MPORP9KI-C2KX7Y","true","H1L 6E4","0","[]","0.1","Studio Piccolo","1977 rue Lepailleur","0","CA","6a178f44e8087f01b972dc9f","2026-05-28T00:41:40.517000","2026-05-28T00:41:40.517000","6a09b5c6ace6051fecd365af","frederik.gelin@gmail.com","false"
"","America/Toronto","https://res.cloudinary.com/dnp8eionl/image/upload/v1774923865/463399601_2217407201974773_5268018298643546834_n_z0nftb.jpg","Rosemont–La Petite-Patrie","45.55821149425966","🍻","","Gérance d'artistes","-73.59300454292423","[]","QC","0","1","0","","CKP-MPORP9KI-QK2RCD","true","H1X 1A3","0","[]","0.1","Villa des acteurs","3336 rue Bélanger","0","CA","6a178f4495d3d2e50c1fde05","2026-05-28T00:41:40.209000","2026-05-28T00:41:40.209000","6a09b5c6ace6051fecd365af","frederik.gelin@gmail.com","false"
"","America/Toronto","https://res.cloudinary.com/dnp8eionl/image/upload/v1774922090/bdm-bg-white-logo_pshjom.jpg","Le Sud-Ouest","45.48969775375878","🛢️","","Microbrasserie","-73.5643727529726","[]","QC","0","1","0","","CKP-MPORP9KI-05Q0SB","true","H3C 0V6","0","[]","0.1","BRASSEURS DE MONTREAL INC.","1483 rue Ottawa","0","CA","6a178f433b72663497e2d488","2026-05-28T00:41:39.812000","2026-05-28T00:41:39.812000","6a09b5c6ace6051fecd365af","frederik.gelin@gmail.com","false"
"","America/Toronto","https://res.cloudinary.com/dnp8eionl/image/upload/v1774923865/445772976_3724918151127329_5498058462143156400_n_oc2k9w.jpg","Villeray–Saint-Michel–Parc-Extension","45.54367885985299","🍻","","Bar","-73.62021461300381","[]","QC","0","1","0","","CKP-MPORP9KI-N8D5Y0","true","H2R 2N6","0","[]","0.1","LE RECORD","7622 rue Saint-Hubert","0","CA","6a178f43552c7a285e4a4a4d","2026-05-28T00:41:39.474000","2026-05-28T00:41:39.474000","6a09b5c6ace6051fecd365af","frederik.gelin@gmail.com","false"
"","America/Toronto","https://res.cloudinary.com/dnp8eionl/image/upload/v1774923865/632632153_18564592441033549_3738717401179681637_n_mj8v8u.jpg","Ville-Marie","45.51621675047602","🍻","","Bar","-73.56528957192985","[]","QC","0","1","0","","CKP-MPORP9KI-QXNBYX","true","H2L 1N5","0","[]","0.1","PUB L'ABREUVOIR","403 rue Ontario E","0","CA","6a178f4305bc5e85c58cf5ec","2026-05-28T00:41:39.095000","2026-05-28T00:41:39.095000","6a09b5c6ace6051fecd365af","frederik.gelin@gmail.com","false"
"","America/Toronto","https://res.cloudinary.com/dnp8eionl/image/upload/v1774918097/microrave/avatars/qaoxbwujk5ynnvpgpi3j.jpg","Ahuntsic–Cartierville","45.54654844936593","🍻","","Bar","-73.6659086623087","[]","QC","0","1","0","","CKP-MPORP9KI-3YWKP8","true","H3L 1T4","0","[]","0.1","LE 132 BAR VINTAGE","132 rue Fleury O","0","CA","6a178f42992979d9ccdbfc4b","2026-05-28T00:41:38.718000","2026-05-28T00:41:38.718000","6a09b5c6ace6051fecd365af","frederik.gelin@gmail.com","false"
"","America/Toronto","https://res.cloudinary.com/dnp8eionl/image/upload/v1774922090/30076858_189898161793329_8620037691360149504_n_qkyzsi.jpg","Côte-des-Neiges-Notre-Dame-de-Grâce","45.49755652871286","🍻","","Bar","-73.62245129506329","[]","QC","0","1","0","","CKP-MPORP9KI-NVN9QQ","true","H3T 1X2","0","[]","0.1","BAR MAISONNEE","5385 avenue Gatineau","0","CA","6a178f42320156973441f5f9","2026-05-28T00:41:38.352000","2026-05-28T00:41:38.352000","6a09b5c6ace6051fecd365af","frederik.gelin@gmail.com","false"
"","America/Toronto","https://res.cloudinary.com/dnp8eionl/image/upload/v1774923865/472434321_458089920505742_3394494087220764793_n_cp1fhw.jpg","Le Sud-Ouest","45.4713817834902","🍻","","Bar","-73.59021857305858","[]","QC","0","1","0","","CKP-MPORP9KI-NBR8OU","true","H4C 1S9","0","[]","0.1","Bon délire","4855 rue Notre-Dame O","0","CA","6a178f42572bb83733212665","2026-05-28T00:41:38.034000","2026-05-28T00:41:38.034000","6a09b5c6ace6051fecd365af","frederik.gelin@gmail.com","false"
"","America/Toronto","https://res.cloudinary.com/dnp8eionl/image/upload/v1774923865/51803957_789959228056290_6985505835812126720_n_psfphx.jpg","Mercier–Hochelaga-Maisonneuve","45.55008789411314","🍻","","Bar","-73.54155447081199","[]","QC","0","1","0","","CKP-MPORP9KI-THKCQR","true","H1W 1T3","0","[]","0.1","Madame SMITH","4061 Rue Ontario E","0","CA","6a178f41bbbcc61f3bf63ba6","2026-05-28T00:41:37.707000","2026-05-28T00:41:37.707000","6a09b5c6ace6051fecd365af","frederik.gelin@gmail.com","false"
"","America/Toronto","https://res.cloudinary.com/dnp8eionl/image/upload/v1774990261/microrave/avatars/ygihcxosqxvazavixgnd.jpg","Verdun","45.457002901177496","🍻","","Bar","-73.5673587388238","[]","QC","0","1","0","","CKP-MPORP9KI-JSM0BM","true","H4G 1X4","0","[]","0.1","Verdun Beach","4828 rue Wellington","0","CA","6a178f419eaac6fa59d07074","2026-05-28T00:41:37.381000","2026-05-28T00:41:37.381000","6a09b5c6ace6051fecd365af","frederik.gelin@gmail.com","false"
"","America/Toronto","https://res.cloudinary.com/dnp8eionl/image/upload/v1774917868/microrave/avatars/t59vsmibv5qwtmsguhxv.jpg","Rosemont–La Petite-Patrie","45.53679030826266","🍻","","Bar","-73.60272142035491","[]","QC","0","1","0","","CKP-MPORP9KI-938DE3","true","H2S 1T2","0","[]","0.1","NACHO LIBRE","913 rue Beaubien E","0","CA","6a178f41996830dce8d77172","2026-05-28T00:41:37.046000","2026-05-28T00:41:37.047000","6a09b5c6ace6051fecd365af","frederik.gelin@gmail.com","false"
"","America/Toronto","https://res.cloudinary.com/dnp8eionl/image/upload/v1774918419/microrave/avatars/xzxpq9iewrfo53ic4vfj.jpg","Ville-Marie","45.51607997867511","🍻","","Bar","-73.56595455617685","[]","QC","0","1","0","","CKP-MPORP9KI-NTV06C","true","H2X 3K8","0","[]","0.1","BRASSERIE TURBO HAUS","2040 rue Saint-Denis","0","CA","6a178f4031432c85142582f7","2026-05-28T00:41:36.739000","2026-05-28T00:41:36.739000","6a09b5c6ace6051fecd365af","frederik.gelin@gmail.com","false"
"","America/Toronto","https://res.cloudinary.com/dnp8eionl/image/upload/v1774923865/343951851_754168706360649_5814868038921060289_n_vvpl9y.jpg","Ville-Marie","45.5002764244725","🍻","","Bar","-73.55987968059951","[]","QC","0","1","0","","CKP-MPORP9KI-QJ7K9L","true","H3C 1J2","0","[]","0.1","Hang","686 rue Notre-Dame O","0","CA","6a178f404362fb08fdd9f584","2026-05-28T00:41:36.434000","2026-05-28T00:41:36.434000","6a09b5c6ace6051fecd365af","frederik.gelin@gmail.com","false"
"","America/Toronto","https://res.cloudinary.com/dnp8eionl/image/upload/v1774923865/522547795_17994956243814243_4444821110620305629_n_s9gqs4.jpg","Ville-Marie","45.51231859260205","🍺","","Pub","-73.5622728071012","[]","QC","0","1","0","","CKP-MPORP9KI-0674QN","true","H2X 3C6","0","[]","0.1","Pub Le Sainte-Élisabeth","1412 rue Sainte-Élisabeth","0","CA","6a178f4036c6d879284fefc3","2026-05-28T00:41:36.124000","2026-05-28T00:41:36.124000","6a09b5c6ace6051fecd365af","frederik.gelin@gmail.com","false"
"","America/Toronto","https://res.cloudinary.com/dnp8eionl/image/upload/v1774918859/microrave/avatars/qhy21sbrzigntc6b7pxx.jpg","Rosemont–La Petite-Patrie","45.53212100578991","🍸","","Bistro","-73.6129230064309","[]","QC","0","1","0","","CKP-MPORP9KI-PLX8GY","true","H2S 3C7","0","[]","0.1","Bar Bello","6740 boulevard Saint-Laurent","0","CA","6a178f3f3feba254e65bfae8","2026-05-28T00:41:35.777000","2026-05-28T00:41:35.777000","6a09b5c6ace6051fecd365af","frederik.gelin@gmail.com","false"
"","America/Toronto","https://res.cloudinary.com/dnp8eionl/image/upload/v1774990398/microrave/avatars/v0bszn6zgh08jp96y6k6.jpg","Verdun","45.46343974841523","🛢️","","Microbrasserie","-73.56676367060257","[]","QC","0","1","0","","CKP-MPORP9KI-T9EK9V","true","H4G 1V6","0","[]","0.1","BENELUX VERDUN","4026 rue Wellington","0","CA","6a178f3f63ee7ce63084f0a1","2026-05-28T00:41:35.393000","2026-05-28T00:41:35.393000","6a09b5c6ace6051fecd365af","frederik.gelin@gmail.com","false"
"","America/Toronto","https://res.cloudinary.com/dnp8eionl/image/upload/v1774919609/microrave/avatars/g2uqr3eoj93qxzmrioud.jpg","Rosemont–La Petite-Patrie","45.536346134521516","🎪","","Salle de spectacle","-73.60381040477948","[]","QC","0","1","0","","CKP-MPORP9KI-8XWX3A","true","H2S 2J3","0","[]","0.1","Ausgang Plaza","6524 rue Saint-Hubert","0","CA","6a178f3fef5ff069ddc7fe55","2026-05-28T00:41:35.070000","2026-05-28T00:41:35.070000","6a09b5c6ace6051fecd365af","frederik.gelin@gmail.com","false"
"","America/Toronto","https://res.cloudinary.com/dnp8eionl/image/upload/v1774923865/459151703_2004433859993590_1758374058297410792_n_ycxkgh.jpg","Ville-Marie","45.516043458804596","👠","","Cabaret","-73.5777667018006","[]","QC","0","1","0","","CKP-MPORP9KI-IS8W8O","true","H2W 1Y2","0","[]","0.1","The Wiggle Room","3874 Boul. Saint-Laurent","0","CA","6a178f3e301c6f9713bdc244","2026-05-28T00:41:34.670000","2026-05-28T00:41:34.670000","6a09b5c6ace6051fecd365af","frederik.gelin@gmail.com","false"
"","America/Toronto","https://res.cloudinary.com/dnp8eionl/image/upload/v1774923865/52806792_360450637895307_9062429188388028416_n_hpe97f.jpg","Ville-Marie","45.515239459307125","🍻","","Bar","-73.56330184109807","[]","QC","0","1","0","","CKP-MPORP9KI-1ALMPX","true","H2X 3K4","0","[]","0.1","L'Île Noire","1649 R. Saint-Denis","0","CA","6a178f3ef3fbeb82c62a79f2","2026-05-28T00:41:34.316000","2026-05-28T00:41:34.316000","6a09b5c6ace6051fecd365af","frederik.gelin@gmail.com","false"
"","America/Toronto","https://res.cloudinary.com/dnp8eionl/image/upload/v1774922090/435330993_333740595949437_1594163702428009006_n_cafcam.jpg","Ville-Marie","45.49758023602257","🍻","","Bar","-73.57682818339909","[]","QC","0","1","0","","CKP-MPORP9KI-B255KR","true","H3G 2B6","0","[]","0.1","Crescent Warehouse","1446 rue Crescent","0","CA","6a178f3db757dd46268fad48","2026-05-28T00:41:33.998000","2026-05-28T00:41:33.998000","6a09b5c6ace6051fecd365af","frederik.gelin@gmail.com","false"
"","America/Toronto","","Ville-Marie","45.50202797441472","","","Bar","-73.56812778124018","[]","QC","0","1","0","","CKP-MPORP9KI-9Q1HMT","true","H3B 4M7","0","[]","5","Le Cathcart","1 Pl. Monseigneur Charbonneau","0","CA","6a178f3d91751c2bfc0addc4","2026-05-28T00:41:33.692000","2026-05-28T00:41:33.692000","6a09b5c6ace6051fecd365af","frederik.gelin@gmail.com","false"
"","America/Toronto","https://res.cloudinary.com/dnp8eionl/image/upload/v1774923865/569268918_18548245327010207_1062840838255233430_n_l4il2j.jpg","Ville-Marie","45.49798723210582","🍻","","Bar","-73.57702099898988","[]","QC","0","1","0","","CKP-MPORP9KI-YC6NF9","true","H3G 2B2","0","[]","0.1","SIR WINSTON CHURCHILL PUB","1455 Rue Crescent","0","CA","6a178f3d7691ff6271454d08","2026-05-28T00:41:33.336000","2026-05-28T00:41:33.336000","6a09b5c6ace6051fecd365af","frederik.gelin@gmail.com","false"
"","America/Toronto","https://res.cloudinary.com/dnp8eionl/image/upload/v1774923865/543032628_17958827522987344_4927081687787337515_n_z0btl7.jpg","Ville-Marie","45.50528033349305","🍻","","Bar","-73.55327889993175","[]","QC","0","1","0","","CKP-MPORP9KI-ED4173","true","H2Y 2Y3","0","[]","0.1","Cappela","3 De la Commune St W suite A","0","CA","6a178f3c5834998afb74785c","2026-05-28T00:41:32.931000","2026-05-28T00:41:32.931000","6a09b5c6ace6051fecd365af","frederik.gelin@gmail.com","false"
"","America/Toronto","https://res.cloudinary.com/dnp8eionl/image/upload/v1774923865/277661343_959359328276668_6720247336427954602_n_vwvhsc.jpg","Ville-Marie","45.50319739515629","🍻","","Bar","-73.5562322471859","[]","QC","0","1","0","","CKP-MPORP9KI-UEF9G8","true","H2Y 2T3","0","[]","0.1","Clandestino","436 rue Saint-François-Xavier","0","CA","6a178f3c98b98b43fc63d49f","2026-05-28T00:41:32.609000","2026-05-28T00:41:32.609000","6a09b5c6ace6051fecd365af","frederik.gelin@gmail.com","false"
"","America/Toronto","https://res.cloudinary.com/dnp8eionl/image/upload/v1774923865/17663778_1181517961964844_3615028472159666176_a_w0uwxi.jpg","Le Plateau-Mont-Royal","45.5216247924391","🍻","","Bar","-73.59429698531562","[]","QC","0","1","0","","CKP-MPORP9KI-5JEKA8","true","H2T 2N6","0","[]","0.1","BAR HENRIETTA","115 avenue Laurier O","0","CA","6a178f3c9ebf0561c93621e8","2026-05-28T00:41:32.253000","2026-05-28T00:41:32.253000","6a09b5c6ace6051fecd365af","frederik.gelin@gmail.com","false"
"","America/Toronto","https://res.cloudinary.com/dnp8eionl/image/upload/v1774923865/435460874_450944860796654_7446732382978391516_n_ltr1p7.jpg","Ville-Marie","45.50449464980392","🪩","","Club","-73.56342799456566","[]","QC","0","1","0","","CKP-MPORP9KI-HXQJAK","true","H2Z 1N2","0","[]","0.1","Pelicano","1076 rue De Bleury","0","CA","6a178f3bf202c7a6049d374f","2026-05-28T00:41:31.860000","2026-05-28T00:41:31.860000","6a09b5c6ace6051fecd365af","frederik.gelin@gmail.com","false"
"","America/Toronto","https://res.cloudinary.com/dnp8eionl/image/upload/v1774923865/411285811_1419543982240620_3065316919578296948_n_h4m0x5.jpg","Pierrefonds-Roxboro","45.46035924625969","🍻","","Bar","-73.86693530538345","[]","QC","0","1","0","","CKP-MPORP9KI-BPMRBG","true","H9H 3C6","0","[]","0.1","KIRKLAND RESTO BAR","3874 boulevard Saint-Charles","0","CA","6a178f3be9dbf7af3e94398a","2026-05-28T00:41:31.554000","2026-05-28T00:41:31.554000","6a09b5c6ace6051fecd365af","frederik.gelin@gmail.com","false"
"","America/Toronto","https://res.cloudinary.com/dnp8eionl/image/upload/v1774923865/428587523_1766879153832113_4184195874077961259_n_t5hwxl.jpg","Ville-Marie","45.4980931760618","🍻","","Bar","-73.5778816925549","[]","QC","0","1","0","","CKP-MPORP9KI-6CQSBU","true","H3G 2B8","0","[]","0.1","Jet night Club","2020 rue Crescent","0","CA","6a178f3b6a6bb867104e7026","2026-05-28T00:41:31.199000","2026-05-28T00:41:31.199000","6a09b5c6ace6051fecd365af","frederik.gelin@gmail.com","false"
"","America/Toronto","https://res.cloudinary.com/dnp8eionl/image/upload/v1774923865/270145178_693159718525494_27625706393656898_n_w72zqe.jpg","Ville-Marie","45.49938250513681","🪩","","Club","-73.55747949993125","[]","QC","0","1","0","music","CKP-MPORP9KI-GM8D66","true","H3C 1L9","0","[]","0.1","STILLIFE","640 Rue St-Paul Ouest","0","CA","6a178f3a7133597124f69a88","2026-05-28T00:41:30.858000","2026-05-28T00:41:30.858000","6a09b5c6ace6051fecd365af","frederik.gelin@gmail.com","false"
"","America/Toronto","https://res.cloudinary.com/dnp8eionl/image/upload/v1774923865/11111111_fg6uux.jpg","Côte-des-Neiges-Notre-Dame-de-Grâce","45.46870853376047","🍺","","Pub","-73.61888941735825","[]","QC","0","1","0","","CKP-MPORP9KI-JVL25I","true","H4A 1X7","0","[]","0.1","Honey Martin Kavanagh","5916 rue Sherbrooke O","0","CA","6a178f3a5cccd0bbc991571a","2026-05-28T00:41:30.537000","2026-05-28T00:41:30.537000","6a09b5c6ace6051fecd365af","frederik.gelin@gmail.com","false"
"","America/Toronto","https://res.cloudinary.com/dnp8eionl/image/upload/v1774922090/50115160_346878455901660_8879386061713702912_n_ue15lw.jpg","Le Sud-Ouest","45.49732295861433","👩‍💻","","Coworking","-73.56177673756294","[]","QC","0","1","0","","CKP-MPORP9KI-F8HIY9","true","H3C 1J9","0","[]","0.1","La piscine","914 rue Notre-Dame O","0","CA","6a178f3a02e7c7034be563b1","2026-05-28T00:41:30.208000","2026-05-28T00:41:30.208000","6a09b5c6ace6051fecd365af","frederik.gelin@gmail.com","false"
"","America/Toronto","https://res.cloudinary.com/dnp8eionl/image/upload/v1774923865/109815660_1601079540066084_6688472391026923768_n_kyb89w.jpg","Le Sud-Ouest","45.46976085817531","🍻","","Bar","-73.58100932206187","[]","QC","0","1","0","","CKP-MPORP9KI-6IL24H","true","H4E 1A2","0","[]","0.1","Messorem","2233 rue Pitt","0","CA","6a178f393cf7cdd1f7d3fde4","2026-05-28T00:41:29.860000","2026-05-28T00:41:29.860000","6a09b5c6ace6051fecd365af","frederik.gelin@gmail.com","false"
"","America/Toronto","https://res.cloudinary.com/dnp8eionl/image/upload/v1774922090/307795753_486506276419452_8340968905298104566_n_bdo5d6.jpg","Ville-Marie","45.49581261137606","🍻","","Bar","-73.5750419865239","[]","QC","0","1","0","","CKP-MPORP9KI-BN4PNZ","true","H3G 2E3","0","[]","0.1","Afro Lounge","1204 rue Bishop","0","CA","6a178f393fe2a94d0c81699a","2026-05-28T00:41:29.463000","2026-05-28T00:41:29.463000","6a09b5c6ace6051fecd365af","frederik.gelin@gmail.com","false"
"","America/Toronto","https://res.cloudinary.com/dnp8eionl/image/upload/v1774990470/microrave/avatars/auxcfh2t5xbwpcyfdmw1.jpg","Verdun","45.4575903797077","🍻","","Bar","-73.5673033573718","[]","QC","0","1","0","","CKP-MPORP9KI-D16MDW","true","H4G 1X3","0","[]","0.1","LE TREFLE DE VERDUN","4718 rue Wellington","0","CA","6a178f39b5681a2534718161","2026-05-28T00:41:29.099000","2026-05-28T00:41:29.099000","6a09b5c6ace6051fecd365af","frederik.gelin@gmail.com","false"
"","America/Toronto","https://res.cloudinary.com/dnp8eionl/image/upload/v1774923865/447018926_818983160167553_5239999512395721228_n_tcq9t6.jpg","Ville-Marie","45.51966380972727","🍻","","Bar","-73.56211885744261","[]","QC","0","1","0","","CKP-MPORP9KI-0FDRB7","true","H2L 3L6","0","[]","0.1","Chez Miller","1840 rue Atateken","0","CA","6a178f385320a34a188ae46e","2026-05-28T00:41:28.786000","2026-05-28T00:41:28.786000","6a09b5c6ace6051fecd365af","frederik.gelin@gmail.com","false"
"","America/Toronto","https://res.cloudinary.com/dnp8eionl/image/upload/v1774923865/587604254_18318511831216858_1228756440731377792_n_j3xkzr.jpg","Ville-Marie","45.49970495067229","🍻","","Bar","-73.55619437650876","[]","QC","0","1","0","","CKP-MPORP9KI-JI0YT6","true","H2Y 2E5","0","[]","0.1","NhauBar","600 Rue William","0","CA","6a178f389b70f224f220332c","2026-05-28T00:41:28.478000","2026-05-28T00:41:28.478000","6a09b5c6ace6051fecd365af","frederik.gelin@gmail.com","false"
"","America/Toronto","https://res.cloudinary.com/dnp8eionl/image/upload/v1774922090/469089413_1226133975165934_3583599513730524292_n_pswuym.jpg","Le Sud-Ouest","45.49726849050405","👩‍💻","","Coworking","-73.56180453065372","[]","QC","0","1","0","","CKP-MPORP9KI-O6P9HP","true","H3C 1J9","0","[]","0.1","Espace rodier","932 rue Notre-Dame O","0","CA","6a178f38c003a725ae1085c5","2026-05-28T00:41:28.150000","2026-05-28T00:41:28.150000","6a09b5c6ace6051fecd365af","frederik.gelin@gmail.com","false"
"","America/Toronto","https://res.cloudinary.com/dnp8eionl/image/upload/v1774923865/640323333_18419411350187024_5562816095974898875_n_bcqzm2.jpg","Ville-Marie","45.52024122701606","🍻","","Bar","-73.55471164607093","[]","QC","0","1","0","","CKP-MPORP9KI-2F3QY8","true","H2L 2H7","0","[]","0.1","SALON DISTRICT VIDEO","1365 rue Sainte-Catherine E","0","CA","6a178f3761c1da1b81915ea6","2026-05-28T00:41:27.814000","2026-05-28T00:41:27.814000","6a09b5c6ace6051fecd365af","frederik.gelin@gmail.com","false"
"","America/Toronto","https://res.cloudinary.com/dnp8eionl/image/upload/v1774923865/459643198_426436986650678_1454811690224212159_n_uqpvnb.jpg","Beaconsfield","45.41990105838818","🍺","","Pub","-73.88142955092013","[]","QC","0","1","0","","CKP-MPORP9KI-GK126N","true","H9W 4C3","0","[]","0.1","DUKE & DEVINE'S","479 boulevard Beaconsfield","0","CA","6a178f37605b1c9af5b87959","2026-05-28T00:41:27.509000","2026-05-28T00:41:27.509000","6a09b5c6ace6051fecd365af","frederik.gelin@gmail.com","false"
"","America/Toronto","https://res.cloudinary.com/dnp8eionl/image/upload/v1774916909/361269799_996643184820137_7562496551272444716_n_t4z9dx.jpg","Ville-Marie","45.50049061509817","🍻","","Bar","-73.57149874250504","[]","QC","0","1","0","","CKP-MPORP9KI-90D6ZE","true","H3B 2V5","0","[]","0.1","Bar dominion","1245 rue Metcalfe","0","CA","6a178f37e5720d2ceaa998c9","2026-05-28T00:41:27.111000","2026-05-28T00:41:27.111000","6a09b5c6ace6051fecd365af","frederik.gelin@gmail.com","false"
"","America/Toronto","https://res.cloudinary.com/dnp8eionl/image/upload/v1774923865/323199473_2760127697452103_8846627555624877798_n_t6bn0t.jpg","Côte-des-Neiges-Notre-Dame-de-Grâce","45.4982349449837","🍺","","Pub","-73.62613674941608","[]","QC","0","1","0","","CKP-MPORP9KI-YDHG06","true","H3T 1Y8","0","[]","0.1","LA RETENUE BAR","5615 chemin de la Côte-des-Neiges","0","CA","6a178f368333177724dea279","2026-05-28T00:41:26.789000","2026-05-28T00:41:26.789000","6a09b5c6ace6051fecd365af","frederik.gelin@gmail.com","false"
"","America/Toronto","https://res.cloudinary.com/dnp8eionl/image/upload/v1774922090/148027084_1331571107200660_3524552729024704403_n_qsluhz.jpg","Ville-Marie","45.495357588629766","🍻","","Bar","-73.57637972321636","[]","QC","0","1","0","","CKP-MPORP9KI-J7740R","true","H3G 2H4","0","[]","0.1","Upstairs Jazz Bar & Grill","1254 Rue Mackay","0","CA","6a178f365e0894e30bf7b3d3","2026-05-28T00:41:26.477000","2026-05-28T00:41:26.477000","6a09b5c6ace6051fecd365af","frederik.gelin@gmail.com","false"
"","America/Toronto","https://res.cloudinary.com/dnp8eionl/image/upload/v1774923865/435450768_408000648648384_1826128339600689065_n_erpxr4.jpg","Le Sud-Ouest","45.48093297721239","🛢️","","Microbrasserie","-73.55250001402096","[]","QC","0","1","0","","CKP-MPORP9KI-SV4TP1","true","H3K 2A4","0","[]","0.1","Les Sans-Taverne - Coop et Brasserie Artisanale","1900 rue Le Ber","0","CA","6a178f3676903687ad7fc069","2026-05-28T00:41:26.136000","2026-05-28T00:41:26.136000","6a09b5c6ace6051fecd365af","frederik.gelin@gmail.com","false"