checkpointSystemId,playsCount,sotsSumReceived,sotsAvgReceived,lastPlayedAt,sotsCountReceived,userId,domainKey,updatedAt,id,created_date,updated_date,created_by_id,is_sample
"NC-0000000122","2","0","0","2026-04-28T18:59:39.894Z","0","69f0ffc2193f2d4d0a7bcbfa","music","2026-04-28T18:59:39.894Z","69f10399c15e5c5f9d52348c","2026-04-28T18:59:37.985000","2026-04-28T18:59:40.867000","service_eb508f39-ce3d-4391-bb12-d4211c02ede9","false"
"NC-0000000104","1","0","0","2026-04-28T14:39:48.547Z","0","69cbfedd21c3baa494041243","music","2026-04-28T14:39:48.547Z","69f0c6b5bf7161dfb5643eb4","2026-04-28T14:39:49.250000","2026-04-28T14:39:49.250000","service_eb508f39-ce3d-4391-bb12-d4211c02ede9","false"
"NC-0000000160","1","0","0","2026-04-28T12:05:10.053Z","0","698dbbf753d545317578c200","humour","2026-04-28T12:05:10.053Z","69f0a2760e0f12de5585d0c3","2026-04-28T12:05:10.643000","2026-04-28T12:05:10.643000","service_eb508f39-ce3d-4391-bb12-d4211c02ede9","false"
"NC-0000000165","1","0","0","2026-04-24T12:34:51.860Z","0","698dbbf753d545317578c200","music","2026-04-24T12:34:51.860Z","69eb636c772f987895f90ff5","2026-04-24T12:34:52.377000","2026-04-24T12:34:52.377000","service_eb508f39-ce3d-4391-bb12-d4211c02ede9","false"
"NC-0000000165","1","0","0","2026-04-23T13:17:36.855Z","0","69cd302266f2193a99122757","video","2026-04-23T13:17:36.855Z","69ea1bf1d611cab82eb1c78a","2026-04-23T13:17:37.617000","2026-04-23T13:17:37.617000","service_eb508f39-ce3d-4391-bb12-d4211c02ede9","false"
"NC-0000000165","1","0","0","2026-04-23T13:17:33.524Z","0","698dd1b2193c860027a3457a","video","2026-04-23T13:17:33.524Z","69ea1bee91ee4b26f7759162","2026-04-23T13:17:34.659000","2026-04-23T13:17:34.659000","service_eb508f39-ce3d-4391-bb12-d4211c02ede9","false"
"NC-0000000165","1","0","0","2026-04-23T10:24:34.252Z","0","69b48a2b7d5c0db589c6bb1c","video","2026-04-23T10:24:34.252Z","69e9f3622d9516eae4900fee","2026-04-23T10:24:34.796000","2026-04-23T10:24:34.796000","service_eb508f39-ce3d-4391-bb12-d4211c02ede9","false"
"NC-0000000165","2","0","0","2026-04-23T13:17:30.755Z","0","698c747aee05acfdd23ea578","video","2026-04-23T13:17:30.755Z","69e9f36089dbe097429ed12e","2026-04-23T10:24:32.555000","2026-04-23T13:17:31.541000","service_eb508f39-ce3d-4391-bb12-d4211c02ede9","false"
"NC-0000000043","1","0","0","2026-04-23T02:05:53.035Z","0","69cd302266f2193a99122757","music","2026-04-23T02:05:53.035Z","69e97e813fd5275945affed0","2026-04-23T02:05:53.526000","2026-04-23T02:05:53.526000","service_eb508f39-ce3d-4391-bb12-d4211c02ede9","false"
"NC-0000000043","1","0","0","2026-04-23T02:05:50.340Z","0","699c655e40e8dc98eacda675","music","2026-04-23T02:05:50.340Z","69e97e7e599d2406c642821b","2026-04-23T02:05:50.977000","2026-04-23T02:05:50.977000","service_eb508f39-ce3d-4391-bb12-d4211c02ede9","false"
"NC-0000000043","1","0","0","2026-04-23T02:05:47.557Z","0","698c747aee05acfdd23ea578","music","2026-04-23T02:05:47.557Z","69e97e7c40d252e1a2779579","2026-04-23T02:05:48.176000","2026-04-23T02:05:48.176000","service_eb508f39-ce3d-4391-bb12-d4211c02ede9","false"
"NC-0000000058","1","0","0","2026-04-22T19:42:56.089Z","0","69b48a2b7d5c0db589c6bb1c","music","2026-04-22T19:42:56.089Z","69e924c05c5cefceb6c0754a","2026-04-22T19:42:56.743000","2026-04-22T19:42:56.743000","service_eb508f39-ce3d-4391-bb12-d4211c02ede9","false"
"NC-0000000200","1","0","0","2026-04-22T17:33:12.831Z","0","69cd302266f2193a99122757","music","2026-04-22T17:33:12.831Z","69e906598c6b41f0ce5c2ab1","2026-04-22T17:33:13.376000","2026-04-22T17:33:13.376000","service_eb508f39-ce3d-4391-bb12-d4211c02ede9","false"
"NC-0000000200","1","0","0","2026-04-22T17:33:12.444Z","0","69cd302266f2193a99122757","music","2026-04-22T17:33:12.444Z","69e90659b4eea83dfd1c11a9","2026-04-22T17:33:13.214000","2026-04-22T17:33:13.214000","service_eb508f39-ce3d-4391-bb12-d4211c02ede9","false"
"NC-0000000200","1","0","0","2026-04-22T17:33:09.480Z","0","69b48a2b7d5c0db589c6bb1c","music","2026-04-22T17:33:09.480Z","69e906560d5c7902325bccae","2026-04-22T17:33:10.080000","2026-04-22T17:33:10.080000","service_eb508f39-ce3d-4391-bb12-d4211c02ede9","false"
"NC-0000000200","1","0","0","2026-04-22T17:33:09.150Z","0","69b48a2b7d5c0db589c6bb1c","music","2026-04-22T17:33:09.150Z","69e9065510916e9dead72d75","2026-04-22T17:33:09.915000","2026-04-22T17:33:09.915000","service_eb508f39-ce3d-4391-bb12-d4211c02ede9","false"
"NC-0000000200","2","0","0","2026-04-22T17:33:07.641Z","0","698c747aee05acfdd23ea578","music","2026-04-22T17:33:07.641Z","69e906535c70c146a8f51128","2026-04-22T17:33:07.719000","2026-04-22T17:33:08.322000","service_eb508f39-ce3d-4391-bb12-d4211c02ede9","false"
"NC-0000000191","1","0","0","2026-04-22T12:24:35.343Z","0","698dd1b2193c860027a3457a","music","2026-04-22T12:24:35.343Z","69e8be0392ac429adfdd2109","2026-04-22T12:24:35.914000","2026-04-22T12:24:35.914000","service_eb508f39-ce3d-4391-bb12-d4211c02ede9","false"
"NC-0000000191","1","0","0","2026-04-22T12:24:35.196Z","0","698dbd987dbcc355eec0ff7c","music","2026-04-22T12:24:35.196Z","69e8be0371bab4e304f54291","2026-04-22T12:24:35.691000","2026-04-22T12:24:35.691000","service_eb508f39-ce3d-4391-bb12-d4211c02ede9","false"
"NC-0000000165","3","0","0","2026-04-23T20:12:19.196Z","0","699c655e40e8dc98eacda675","humour","2026-04-23T20:12:19.196Z","69e8bdf05c8dc5dee155b8a0","2026-04-22T12:24:16.788000","2026-04-23T20:12:20.184000","service_eb508f39-ce3d-4391-bb12-d4211c02ede9","false"
"NC-0000000089","1","0","0","2026-04-21T17:11:56.727Z","0","69b48a2b7d5c0db589c6bb1c","art","2026-04-21T17:11:56.727Z","69e7afdd45b0ef24db26eddf","2026-04-21T17:11:57.447000","2026-04-21T17:11:57.447000","service_eb508f39-ce3d-4391-bb12-d4211c02ede9","false"
"NC-0000000089","1","0","0","2026-04-21T17:11:54.921Z","0","699c655e40e8dc98eacda675","art","2026-04-21T17:11:54.921Z","69e7afdbeac7fe0680a7ee10","2026-04-21T17:11:55.627000","2026-04-21T17:11:55.627000","service_eb508f39-ce3d-4391-bb12-d4211c02ede9","false"
"NC-0000000089","1","0","0","2026-04-21T17:11:52.641Z","0","69cd302266f2193a99122757","art","2026-04-21T17:11:52.641Z","69e7afd9939d115eb3303903","2026-04-21T17:11:53.409000","2026-04-21T17:11:53.409000","service_eb508f39-ce3d-4391-bb12-d4211c02ede9","false"
"NC-0000000023","1","0","0","2026-04-21T13:56:12.052Z","0","698d204286a5af9808991620","music","2026-04-21T13:56:12.052Z","69e781fc841f75b5f6b716b4","2026-04-21T13:56:12.765000","2026-04-21T13:56:12.765000","service_eb508f39-ce3d-4391-bb12-d4211c02ede9","false"
"NC-0000000023","1","0","0","2026-04-21T13:56:10.076Z","0","698dbd987dbcc355eec0ff7c","music","2026-04-21T13:56:10.076Z","69e781fa2534a680978c309b","2026-04-21T13:56:10.791000","2026-04-21T13:56:10.791000","service_eb508f39-ce3d-4391-bb12-d4211c02ede9","false"
"NC-0000000023","1","0","0","2026-04-21T13:08:20.454Z","0","698dc6f781b400b640a229f6","responsable","2026-04-21T13:08:20.454Z","69e776c585d308298c4fe545","2026-04-21T13:08:21.045000","2026-04-21T13:08:21.046000","service_eb508f39-ce3d-4391-bb12-d4211c02ede9","false"
"NC-0000000023","1","0","0","2026-04-21T13:08:18.670Z","0","698c747aee05acfdd23ea578","responsable","2026-04-21T13:08:18.670Z","69e776c31b85a420bd774dc6","2026-04-21T13:08:19.253000","2026-04-21T13:08:19.253000","service_eb508f39-ce3d-4391-bb12-d4211c02ede9","false"
"NC-0000000104","1","0","0","2026-04-20T12:23:59.644Z","0","698d204286a5af9808991620","music","2026-04-20T12:23:59.644Z","69e61ae0ea341d85e70d98b7","2026-04-20T12:24:00.193000","2026-04-20T12:24:00.193000","service_eb508f39-ce3d-4391-bb12-d4211c02ede9","false"
"NC-0000000104","1","0","0","2026-04-20T12:23:59.594Z","0","699c655e40e8dc98eacda675","music","2026-04-20T12:23:59.594Z","69e61ae00bb00f434faf7170","2026-04-20T12:24:00.126000","2026-04-20T12:24:00.126000","service_eb508f39-ce3d-4391-bb12-d4211c02ede9","false"
"NC-0000000104","2","0","0","2026-04-28T14:39:48.396Z","0","698dbbf753d545317578c200","music","2026-04-28T14:39:48.396Z","69e61ae042957fd121b65f78","2026-04-20T12:24:00.039000","2026-04-28T14:39:49.150000","service_eb508f39-ce3d-4391-bb12-d4211c02ede9","false"
"NC-0000000104","1","0","0","2026-04-20T12:18:53.119Z","0","699c655e40e8dc98eacda675","humour","2026-04-20T12:18:53.119Z","69e619ad4e4c9d0b74fd5ea1","2026-04-20T12:18:53.688000","2026-04-20T12:18:53.688000","service_eb508f39-ce3d-4391-bb12-d4211c02ede9","false"
"NC-0000000104","1","0","0","2026-04-20T12:18:53.015Z","0","698dbbf753d545317578c200","humour","2026-04-20T12:18:53.015Z","69e619adc78f844b15cc6ddb","2026-04-20T12:18:53.531000","2026-04-20T12:18:53.531000","service_eb508f39-ce3d-4391-bb12-d4211c02ede9","false"
"NC-0000000169","1","0","0","2026-04-20T12:17:47.274Z","0","698dbbf753d545317578c200","humour","2026-04-20T12:17:47.274Z","69e6196bb58ae03d9c0b4e2d","2026-04-20T12:17:47.875000","2026-04-20T12:17:47.875000","service_eb508f39-ce3d-4391-bb12-d4211c02ede9","false"
"NC-0000000169","1","0","0","2026-04-20T12:17:47.265Z","0","699c655e40e8dc98eacda675","humour","2026-04-20T12:17:47.265Z","69e6196b3629adfb381d9a3a","2026-04-20T12:17:47.831000","2026-04-20T12:17:47.831000","service_eb508f39-ce3d-4391-bb12-d4211c02ede9","false"
"NC-0000000310","1","0","0","2026-04-20T11:55:24.562Z","0","69b48a2b7d5c0db589c6bb1c","humour","2026-04-20T11:55:24.562Z","69e6142d45add82128e8f394","2026-04-20T11:55:25.020000","2026-04-20T11:55:25.020000","service_eb508f39-ce3d-4391-bb12-d4211c02ede9","false"
"NC-0000000310","1","0","0","2026-04-20T11:55:21.594Z","0","69cd302266f2193a99122757","humour","2026-04-20T11:55:21.594Z","69e6142a1ca476b810ff9ad2","2026-04-20T11:55:22.114000","2026-04-20T11:55:22.114000","service_eb508f39-ce3d-4391-bb12-d4211c02ede9","false"
"NC-0000000310","1","0","0","2026-04-20T11:55:19.815Z","0","698dbbf753d545317578c200","humour","2026-04-20T11:55:19.815Z","69e61428922acb3f05adfceb","2026-04-20T11:55:20.476000","2026-04-20T11:55:20.476000","service_eb508f39-ce3d-4391-bb12-d4211c02ede9","false"
"NC-0000000117","1","0","0","2026-04-20T11:53:59.940Z","0","698c747aee05acfdd23ea578","music","2026-04-20T11:53:59.940Z","69e613d8df2fa135857d1dbd","2026-04-20T11:54:00.479000","2026-04-20T11:54:00.479000","service_eb508f39-ce3d-4391-bb12-d4211c02ede9","false"
"NC-0000000117","1","0","0","2026-04-20T11:53:57.101Z","0","698dc6f781b400b640a229f6","music","2026-04-20T11:53:57.101Z","69e613d53c3f67916889f06c","2026-04-20T11:53:57.599000","2026-04-20T11:53:57.599000","service_eb508f39-ce3d-4391-bb12-d4211c02ede9","false"
"NC-0000000117","1","0","0","2026-04-20T11:53:55.263Z","0","698dbd987dbcc355eec0ff7c","music","2026-04-20T11:53:55.263Z","69e613d37d279544d491b5b9","2026-04-20T11:53:55.813000","2026-04-20T11:53:55.813000","service_eb508f39-ce3d-4391-bb12-d4211c02ede9","false"
"NC-0000000117","1","0","0","2026-04-20T11:53:52.497Z","0","698dd1b2193c860027a3457a","music","2026-04-20T11:53:52.497Z","69e613d1b399ff32e33cb6e7","2026-04-20T11:53:53.085000","2026-04-20T11:53:53.085000","service_eb508f39-ce3d-4391-bb12-d4211c02ede9","false"
"NC-0000000117","1","0","0","2026-04-20T11:53:50.545Z","0","698d204286a5af9808991620","music","2026-04-20T11:53:50.545Z","69e613cf07b532cb0ee3ed38","2026-04-20T11:53:51.380000","2026-04-20T11:53:51.380000","service_eb508f39-ce3d-4391-bb12-d4211c02ede9","false"
"NC-0000000310","1","0","0","2026-04-20T04:02:52.820Z","0","698d204286a5af9808991620","music","2026-04-20T04:02:52.820Z","69e5a56d59d6850bd2a3a672","2026-04-20T04:02:53.364000","2026-04-20T04:02:53.364000","service_eb508f39-ce3d-4391-bb12-d4211c02ede9","false"
"NC-0000000310","1","0","0","2026-04-20T04:02:51.017Z","0","699c655e40e8dc98eacda675","music","2026-04-20T04:02:51.017Z","69e5a56b7c0eded86481041a","2026-04-20T04:02:51.595000","2026-04-20T04:02:51.595000","service_eb508f39-ce3d-4391-bb12-d4211c02ede9","false"
"NC-0000000310","1","0","0","2026-04-20T04:02:46.386Z","0","69cd302266f2193a99122757","music","2026-04-20T04:02:46.386Z","69e5a567397a3e743a0622ca","2026-04-20T04:02:47.446000","2026-04-20T04:02:47.446000","service_eb508f39-ce3d-4391-bb12-d4211c02ede9","false"
"NC-0000000124","1","0","0","2026-04-20T03:22:34.012Z","0","69cd302266f2193a99122757","music","2026-04-20T03:22:34.012Z","69e59bfa99cc707398a63158","2026-04-20T03:22:34.569000","2026-04-20T03:22:34.569000","service_eb508f39-ce3d-4391-bb12-d4211c02ede9","false"
"NC-0000000124","1","0","0","2026-04-20T03:22:33.953Z","0","69b48a2b7d5c0db589c6bb1c","music","2026-04-20T03:22:33.953Z","69e59bfa405b2b0545d2c06b","2026-04-20T03:22:34.477000","2026-04-20T03:22:34.477000","service_eb508f39-ce3d-4391-bb12-d4211c02ede9","false"
"NC-0000000165","3","0","0","2026-04-24T13:59:01.252Z","0","699c655e40e8dc98eacda675","music","2026-04-24T13:59:01.252Z","69e590ba8a9e7b27daac278f","2026-04-20T02:34:34.502000","2026-04-24T13:59:01.911000","service_eb508f39-ce3d-4391-bb12-d4211c02ede9","false"
"NC-0000000165","1","0","0","2026-04-20T02:34:33.874Z","0","699c655e40e8dc98eacda675","music","2026-04-20T02:34:33.874Z","69e590baabcbc0c8fa3ca991","2026-04-20T02:34:34.444000","2026-04-20T02:34:34.444000","service_eb508f39-ce3d-4391-bb12-d4211c02ede9","false"
"NC-0000000165","2","0","0","2026-04-20T02:34:35.893Z","0","69cc8733c3fe5f1da80ba357","music","2026-04-20T02:34:35.893Z","69e590b827c661889587c2c8","2026-04-20T02:34:32.570000","2026-04-20T02:34:36.876000","service_eb508f39-ce3d-4391-bb12-d4211c02ede9","false"
"NC-0000000165","1","0","0","2026-04-20T02:34:31.948Z","0","69cc8733c3fe5f1da80ba357","music","2026-04-20T02:34:31.948Z","69e590b8d305b6bb959ffac9","2026-04-20T02:34:32.424000","2026-04-20T02:34:32.424000","service_eb508f39-ce3d-4391-bb12-d4211c02ede9","false"
"NC-0000000165","6","0","0","2026-04-24T13:58:51.077Z","0","698dc6f781b400b640a229f6","music","2026-04-24T13:58:51.077Z","69e590b51a7e8167073e5c3f","2026-04-20T02:34:29.549000","2026-04-24T13:58:51.839000","service_eb508f39-ce3d-4391-bb12-d4211c02ede9","false"
"NC-0000000011","1","0","0","2026-04-20T02:11:13.489Z","0","69cc8733c3fe5f1da80ba357","music","2026-04-20T02:11:13.489Z","69e58b42dd7167af60a0c32f","2026-04-20T02:11:14.138000","2026-04-20T02:11:14.138000","service_eb508f39-ce3d-4391-bb12-d4211c02ede9","false"
"NC-0000000011","1","0","0","2026-04-20T02:11:13.482Z","0","69b48a2b7d5c0db589c6bb1c","music","2026-04-20T02:11:13.482Z","69e58b424f7db9778eb817f6","2026-04-20T02:11:14.039000","2026-04-20T02:11:14.039000","service_eb508f39-ce3d-4391-bb12-d4211c02ede9","false"
"NC-0000000030","1","0","0","2026-04-20T02:07:22.168Z","0","698dc6f781b400b640a229f6","music","2026-04-20T02:07:22.168Z","69e58a5a55a9b693286af300","2026-04-20T02:07:22.734000","2026-04-20T02:07:22.734000","service_eb508f39-ce3d-4391-bb12-d4211c02ede9","false"
"NC-0000000030","1","0","0","2026-04-20T02:07:22.182Z","0","698d204286a5af9808991620","music","2026-04-20T02:07:22.182Z","69e58a5a7090c7a0ce0154ba","2026-04-20T02:07:22.709000","2026-04-20T02:07:22.709000","service_eb508f39-ce3d-4391-bb12-d4211c02ede9","false"
"NC-0000000104","1","0","0","2026-04-20T01:53:55.911Z","0","698dbd987dbcc355eec0ff7c","music","2026-04-20T01:53:55.911Z","69e58734a2422d9ca0fbcc1f","2026-04-20T01:53:56.487000","2026-04-20T01:53:56.487000","service_eb508f39-ce3d-4391-bb12-d4211c02ede9","false"
"NC-0000000104","1","0","0","2026-04-20T01:53:55.908Z","0","69b48a2b7d5c0db589c6bb1c","music","2026-04-20T01:53:55.908Z","69e58734a10c10d66f9edcb7","2026-04-20T01:53:56.444000","2026-04-20T01:53:56.444000","service_eb508f39-ce3d-4391-bb12-d4211c02ede9","false"
"NC-0000000108","1","0","0","2026-04-20T01:29:37.997Z","0","69be7dd0c77c2ac0d788be7e","music","2026-04-20T01:29:37.997Z","69e58182de80b2d2fa6bbee9","2026-04-20T01:29:38.729000","2026-04-20T01:29:38.729000","service_eb508f39-ce3d-4391-bb12-d4211c02ede9","false"
"NC-0000000108","1","0","0","2026-04-20T01:29:38.064Z","0","69b8923e5da3bfb51a6a8594","music","2026-04-20T01:29:38.064Z","69e58182be7113ae1c3b91c5","2026-04-20T01:29:38.685000","2026-04-20T01:29:38.685000","service_eb508f39-ce3d-4391-bb12-d4211c02ede9","false"
"NC-0000000029","1","0","0","2026-04-19T12:40:52.061Z","0","698dbbf753d545317578c200","music","2026-04-19T12:40:52.061Z","69e4cd547d274ca17de9d306","2026-04-19T12:40:52.586000","2026-04-19T12:40:52.586000","service_eb508f39-ce3d-4391-bb12-d4211c02ede9","false"
"NC-0000000029","1","0","0","2026-04-19T12:40:50.517Z","0","69b48a2b7d5c0db589c6bb1c","music","2026-04-19T12:40:50.517Z","69e4cd53b369d906f713ffa7","2026-04-19T12:40:51.075000","2026-04-19T12:40:51.075000","service_eb508f39-ce3d-4391-bb12-d4211c02ede9","false"
"NC-0000000029","1","0","0","2026-04-19T12:40:48.938Z","0","698c747aee05acfdd23ea578","music","2026-04-19T12:40:48.938Z","69e4cd511e4d7e1fe0180fed","2026-04-19T12:40:49.502000","2026-04-19T12:40:49.502000","service_eb508f39-ce3d-4391-bb12-d4211c02ede9","false"
"NC-0000000029","1","0","0","2026-04-19T12:40:46.727Z","0","698d204286a5af9808991620","music","2026-04-19T12:40:46.727Z","69e4cd4fc060c6068732a5b3","2026-04-19T12:40:47.287000","2026-04-19T12:40:47.287000","service_eb508f39-ce3d-4391-bb12-d4211c02ede9","false"
"NC-0000000057","1","0","0","2026-04-18T16:55:56.158Z","0","698c747aee05acfdd23ea578","music","2026-04-18T16:55:56.158Z","69e3b79ca8ec9d477e561194","2026-04-18T16:55:56.683000","2026-04-18T16:55:56.683000","service_eb508f39-ce3d-4391-bb12-d4211c02ede9","false"
"NC-0000000057","1","0","0","2026-04-18T16:55:52.680Z","0","698dbbf753d545317578c200","music","2026-04-18T16:55:52.680Z","69e3b799b1465cf01ff066e2","2026-04-18T16:55:53.217000","2026-04-18T16:55:53.217000","service_eb508f39-ce3d-4391-bb12-d4211c02ede9","false"
"NC-0000000057","1","0","0","2026-04-18T16:55:50.661Z","0","698d204286a5af9808991620","music","2026-04-18T16:55:50.661Z","69e3b797f9f99c7be6a75320","2026-04-18T16:55:51.164000","2026-04-18T16:55:51.164000","service_eb508f39-ce3d-4391-bb12-d4211c02ede9","false"
"NC-0000000148","1","0","0","2026-04-18T15:54:33.333Z","0","698dbbf753d545317578c200","music","2026-04-18T15:54:33.333Z","69e3a93988b23326f0a0897c","2026-04-18T15:54:33.822000","2026-04-18T15:54:33.822000","service_eb508f39-ce3d-4391-bb12-d4211c02ede9","false"
"NC-0000000163","1","0","0","2026-04-18T14:59:11.771Z","0","698c747aee05acfdd23ea578","humour","2026-04-18T14:59:11.771Z","69e39c406c9f34a85654d21b","2026-04-18T14:59:12.350000","2026-04-18T14:59:12.350000","service_eb508f39-ce3d-4391-bb12-d4211c02ede9","false"
"NC-0000000163","1","0","0","2026-04-18T14:59:09.904Z","0","698dbbf753d545317578c200","humour","2026-04-18T14:59:09.904Z","69e39c3e64b10765119432b3","2026-04-18T14:59:10.368000","2026-04-18T14:59:10.368000","service_eb508f39-ce3d-4391-bb12-d4211c02ede9","false"
"NC-0000000163","1","0","0","2026-04-18T14:59:07.709Z","0","698d204286a5af9808991620","humour","2026-04-18T14:59:07.709Z","69e39c3c40184a70b83bf2c2","2026-04-18T14:59:08.396000","2026-04-18T14:59:08.396000","service_eb508f39-ce3d-4391-bb12-d4211c02ede9","false"
"NC-0000000033","1","0","0","2026-04-18T14:22:37.679Z","0","698dbbf753d545317578c200","video","2026-04-18T14:22:37.679Z","69e393ae1ba13fb2c0fb99f8","2026-04-18T14:22:38.218000","2026-04-18T14:22:38.218000","service_eb508f39-ce3d-4391-bb12-d4211c02ede9","false"
"NC-0000000033","1","0","0","2026-04-18T14:22:35.606Z","0","698c747aee05acfdd23ea578","video","2026-04-18T14:22:35.606Z","69e393ac848607438f984c5a","2026-04-18T14:22:36.265000","2026-04-18T14:22:36.265000","service_eb508f39-ce3d-4391-bb12-d4211c02ede9","false"
"NC-0000000033","1","0","0","2026-04-18T14:22:33.862Z","0","698d204286a5af9808991620","video","2026-04-18T14:22:33.862Z","69e393aa0847bddaf171850b","2026-04-18T14:22:34.395000","2026-04-18T14:22:34.395000","service_eb508f39-ce3d-4391-bb12-d4211c02ede9","false"
"NC-0000000310","2","0","0","2026-04-20T04:02:49.218Z","0","69b48a2b7d5c0db589c6bb1c","music","2026-04-20T04:02:49.218Z","69e2d8fe8224f81f8686d82b","2026-04-18T01:06:06.455000","2026-04-20T04:02:49.780000","service_eb508f39-ce3d-4391-bb12-d4211c02ede9","false"
"NC-0000000310","1","0","0","2026-04-18T01:06:03.350Z","0","698c747aee05acfdd23ea578","music","2026-04-18T01:06:03.350Z","69e2d8fba16ca2141d721b97","2026-04-18T01:06:03.908000","2026-04-18T01:06:03.908000","service_eb508f39-ce3d-4391-bb12-d4211c02ede9","false"
"NC-0000000310","1","0","0","2026-04-18T01:06:00.195Z","0","698dd1b2193c860027a3457a","music","2026-04-18T01:06:00.195Z","69e2d8f8f9d573a9198f84b0","2026-04-18T01:06:00.762000","2026-04-18T01:06:00.762000","service_eb508f39-ce3d-4391-bb12-d4211c02ede9","false"
"NC-0000000165","3","0","0","2026-04-23T20:12:14.660Z","0","698dd1b2193c860027a3457a","humour","2026-04-23T20:12:14.660Z","69e2d21f5aefc2c75bce32ae","2026-04-18T00:36:47.068000","2026-04-23T20:12:15.461000","service_eb508f39-ce3d-4391-bb12-d4211c02ede9","false"
"NC-0000000049","1","0","0","2026-04-17T22:42:19.033Z","0","698c747aee05acfdd23ea578","humour","2026-04-17T22:42:19.033Z","69e2b74b5c9254953d0ee647","2026-04-17T22:42:19.552000","2026-04-17T22:42:19.552000","service_eb508f39-ce3d-4391-bb12-d4211c02ede9","false"
"NC-0000000049","1","0","0","2026-04-17T22:42:17.345Z","0","69b48a2b7d5c0db589c6bb1c","humour","2026-04-17T22:42:17.345Z","69e2b749dad2c6736668c859","2026-04-17T22:42:17.883000","2026-04-17T22:42:17.883000","service_eb508f39-ce3d-4391-bb12-d4211c02ede9","false"
"NC-0000000049","1","0","0","2026-04-17T22:42:14.726Z","0","698d204286a5af9808991620","humour","2026-04-17T22:42:14.726Z","69e2b7471654d027e5cb1860","2026-04-17T22:42:15.315000","2026-04-17T22:42:15.315000","service_eb508f39-ce3d-4391-bb12-d4211c02ede9","false"
"NC-0000000049","1","0","0","2026-04-17T22:42:11.535Z","0","698dd1b2193c860027a3457a","humour","2026-04-17T22:42:11.535Z","69e2b744ee4272a78ba59bc8","2026-04-17T22:42:12.250000","2026-04-17T22:42:12.250000","service_eb508f39-ce3d-4391-bb12-d4211c02ede9","false"
"NC-0000000165","2","0","0","2026-04-24T01:17:39.633Z","0","698dd1b2193c860027a3457a","music","2026-04-24T01:17:39.633Z","69e276b75a49996f4d004b8a","2026-04-17T18:06:47.725000","2026-04-24T01:17:40.202000","service_eb508f39-ce3d-4391-bb12-d4211c02ede9","false"
"NC-0000000165","1","0","0","2026-04-17T18:06:45.544Z","0","69b5fabdcdff0f2e42039d46","music","2026-04-17T18:06:45.544Z","69e276b6444afc73f6ee7899","2026-04-17T18:06:46.150000","2026-04-17T18:06:46.150000","service_eb508f39-ce3d-4391-bb12-d4211c02ede9","false"
"NC-0000000165","1","0","0","2026-04-17T18:06:43.023Z","0","69be7dd0c77c2ac0d788be7e","music","2026-04-17T18:06:43.023Z","69e276b4435862dcccb87193","2026-04-17T18:06:44.241000","2026-04-17T18:06:44.241000","service_eb508f39-ce3d-4391-bb12-d4211c02ede9","false"
"NC-0000000249","1","0","0","2026-04-17T17:40:11.705Z","0","69be7dd0c77c2ac0d788be7e","music","2026-04-17T17:40:11.705Z","69e2707c3d81c39bc65c8f62","2026-04-17T17:40:12.293000","2026-04-17T17:40:12.293000","service_eb508f39-ce3d-4391-bb12-d4211c02ede9","false"
"NC-0000000249","1","0","0","2026-04-17T17:40:11.677Z","0","69b5fabdcdff0f2e42039d46","music","2026-04-17T17:40:11.677Z","69e2707c4fd0d10567b59bd6","2026-04-17T17:40:12.257000","2026-04-17T17:40:12.257000","service_eb508f39-ce3d-4391-bb12-d4211c02ede9","false"
"NC-0000000057","2","0","0","2026-04-18T14:30:49.018Z","0","698c747aee05acfdd23ea578","humour","2026-04-18T14:30:49.018Z","69e183b30a51a36f031eaea1","2026-04-17T00:49:55.522000","2026-04-18T14:30:49.538000","service_eb508f39-ce3d-4391-bb12-d4211c02ede9","false"
"NC-0000000057","2","0","0","2026-04-18T14:30:47.063Z","0","698dbbf753d545317578c200","humour","2026-04-18T14:30:47.063Z","69e183b126a2e85174fc99ec","2026-04-17T00:49:53.028000","2026-04-18T14:30:47.628000","service_eb508f39-ce3d-4391-bb12-d4211c02ede9","false"
"NC-0000000057","2","0","0","2026-04-18T14:30:45.188Z","0","698d204286a5af9808991620","humour","2026-04-18T14:30:45.188Z","69e183ae495e92a0a33cfe97","2026-04-17T00:49:50.658000","2026-04-18T14:30:45.693000","service_eb508f39-ce3d-4391-bb12-d4211c02ede9","false"
"NC-0000000049","1","0","0","2026-04-17T00:19:37.815Z","0","698d204286a5af9808991620","video","2026-04-17T00:19:37.815Z","69e17c9a481c76fd34ec7aa4","2026-04-17T00:19:38.414000","2026-04-17T00:19:38.414000","service_eb508f39-ce3d-4391-bb12-d4211c02ede9","false"
"NC-0000000049","1","0","0","2026-04-17T00:19:35.401Z","0","69a7d3cc06fc3b4f58109b29","video","2026-04-17T00:19:35.401Z","69e17c975f99ae6a7e2855ff","2026-04-17T00:19:35.921000","2026-04-17T00:19:35.921000","service_eb508f39-ce3d-4391-bb12-d4211c02ede9","false"
"NC-0000000049","1","0","0","2026-04-17T00:19:33.533Z","0","698dbd987dbcc355eec0ff7c","video","2026-04-17T00:19:33.533Z","69e17c968123e3bf0b1b663a","2026-04-17T00:19:34.078000","2026-04-17T00:19:34.078000","service_eb508f39-ce3d-4391-bb12-d4211c02ede9","false"
"NC-0000000049","1","0","0","2026-04-17T00:19:30.296Z","0","698dbbf753d545317578c200","video","2026-04-17T00:19:30.296Z","69e17c92783deda22e68a148","2026-04-17T00:19:30.890000","2026-04-17T00:19:30.890000","service_eb508f39-ce3d-4391-bb12-d4211c02ede9","false"
"NC-0000000049","1","0","0","2026-04-17T00:19:26.612Z","0","698c747aee05acfdd23ea578","video","2026-04-17T00:19:26.612Z","69e17c8f45004b14c9bf30c7","2026-04-17T00:19:27.160000","2026-04-17T00:19:27.160000","service_eb508f39-ce3d-4391-bb12-d4211c02ede9","false"
"NC-0000000104","1","0","0","2026-04-16T23:12:50.504Z","0","698c747aee05acfdd23ea578","art","2026-04-16T23:12:50.504Z","69e16cf3c07765187152331f","2026-04-16T23:12:51.119000","2026-04-16T23:12:51.119000","service_eb508f39-ce3d-4391-bb12-d4211c02ede9","false"
"NC-0000000104","1","0","0","2026-04-16T23:12:47.829Z","0","698d204286a5af9808991620","art","2026-04-16T23:12:47.829Z","69e16cf117f157a1894d2880","2026-04-16T23:12:49.300000","2026-04-16T23:12:49.300000","service_eb508f39-ce3d-4391-bb12-d4211c02ede9","false"
"NC-0000000104","1","0","0","2026-04-16T23:12:46.108Z","0","698dbbf753d545317578c200","art","2026-04-16T23:12:46.108Z","69e16cee62e31435175451d7","2026-04-16T23:12:46.635000","2026-04-16T23:12:46.635000","service_eb508f39-ce3d-4391-bb12-d4211c02ede9","false"
"NC-0000000073","1","0","0","2026-04-16T23:02:46.292Z","0","698dbbf753d545317578c200","music","2026-04-16T23:02:46.292Z","69e16a96d365522c40fdedf9","2026-04-16T23:02:46.813000","2026-04-16T23:02:46.813000","service_eb508f39-ce3d-4391-bb12-d4211c02ede9","false"
"NC-0000000035","1","0","0","2026-04-16T22:55:03.508Z","0","698d204286a5af9808991620","music","2026-04-16T22:55:03.508Z","69e168c874fde13f60099b9b","2026-04-16T22:55:04.126000","2026-04-16T22:55:04.126000","service_eb508f39-ce3d-4391-bb12-d4211c02ede9","false"
"NC-0000000035","1","0","0","2026-04-16T22:55:01.671Z","0","69b48a2b7d5c0db589c6bb1c","music","2026-04-16T22:55:01.671Z","69e168c6ceb05d80775338a2","2026-04-16T22:55:02.250000","2026-04-16T22:55:02.250000","service_eb508f39-ce3d-4391-bb12-d4211c02ede9","false"
"NC-0000000035","1","0","0","2026-04-16T22:54:59.921Z","0","698dbbf753d545317578c200","music","2026-04-16T22:54:59.921Z","69e168c456cdcbd4ca00a4bd","2026-04-16T22:55:00.524000","2026-04-16T22:55:00.524000","service_eb508f39-ce3d-4391-bb12-d4211c02ede9","false"
"NC-0000000035","1","0","0","2026-04-16T22:54:58.225Z","0","698c747aee05acfdd23ea578","music","2026-04-16T22:54:58.225Z","69e168c2a093f9569fa8dbe4","2026-04-16T22:54:58.862000","2026-04-16T22:54:58.862000","service_eb508f39-ce3d-4391-bb12-d4211c02ede9","false"
"NC-0000000097","1","0","0","2026-04-16T22:51:50.471Z","0","698d204286a5af9808991620","humour","2026-04-16T22:51:50.471Z","69e16807bb6441a4c03a2e04","2026-04-16T22:51:51.004000","2026-04-16T22:51:51.004000","service_eb508f39-ce3d-4391-bb12-d4211c02ede9","false"
"NC-0000000097","1","0","0","2026-04-16T22:51:48.803Z","0","69b48a2b7d5c0db589c6bb1c","humour","2026-04-16T22:51:48.803Z","69e168058dc30f6572fd2090","2026-04-16T22:51:49.327000","2026-04-16T22:51:49.327000","service_eb508f39-ce3d-4391-bb12-d4211c02ede9","false"
"NC-0000000097","1","0","0","2026-04-16T22:51:46.791Z","0","698c747aee05acfdd23ea578","humour","2026-04-16T22:51:46.791Z","69e168033dae8f20d930db45","2026-04-16T22:51:47.449000","2026-04-16T22:51:47.449000","service_eb508f39-ce3d-4391-bb12-d4211c02ede9","false"
"NC-0000000097","1","0","0","2026-04-16T22:51:43.604Z","0","698dbbf753d545317578c200","humour","2026-04-16T22:51:43.604Z","69e1680058e797619fd68575","2026-04-16T22:51:44.165000","2026-04-16T22:51:44.165000","service_eb508f39-ce3d-4391-bb12-d4211c02ede9","false"
"NC-0000000014","1","0","0","2026-04-16T22:31:54.922Z","0","698dbbf753d545317578c200","responsable","2026-04-16T22:31:54.922Z","69e1635bc76c929629354a7c","2026-04-16T22:31:55.468000","2026-04-16T22:31:55.468000","service_eb508f39-ce3d-4391-bb12-d4211c02ede9","false"
"NC-0000000014","1","0","0","2026-04-16T22:31:53.135Z","0","698c747aee05acfdd23ea578","responsable","2026-04-16T22:31:53.135Z","69e1635981d2c2a738cda02f","2026-04-16T22:31:53.666000","2026-04-16T22:31:53.666000","service_eb508f39-ce3d-4391-bb12-d4211c02ede9","false"
"NC-0000000014","1","0","0","2026-04-16T22:31:50.747Z","0","698d204286a5af9808991620","responsable","2026-04-16T22:31:50.747Z","69e16357c40f40c4000500d2","2026-04-16T22:31:51.409000","2026-04-16T22:31:51.409000","service_eb508f39-ce3d-4391-bb12-d4211c02ede9","false"
"NC-0000000058","1","0","0","2026-04-15T23:53:37.638Z","0","69b48a2b7d5c0db589c6bb1c","humour","2026-04-15T23:53:37.638Z","69e025025bf36ebdb8dd051f","2026-04-15T23:53:38.150000","2026-04-15T23:53:38.150000","service_eb508f39-ce3d-4391-bb12-d4211c02ede9","false"
"NC-0000000058","1","0","0","2026-04-15T23:53:37.439Z","0","69b48a2b7d5c0db589c6bb1c","humour","2026-04-15T23:53:37.439Z","69e025024cc097ef7c914b2f","2026-04-15T23:53:38.029000","2026-04-15T23:53:38.029000","service_eb508f39-ce3d-4391-bb12-d4211c02ede9","false"
"NC-0000000058","2","0","0","2026-04-15T23:53:36.037Z","0","69cd302266f2193a99122757","humour","2026-04-15T23:53:36.037Z","69e02500b9871978f982fdb5","2026-04-15T23:53:36.154000","2026-04-15T23:53:36.549000","service_eb508f39-ce3d-4391-bb12-d4211c02ede9","false"
"NC-0000000058","2","0","0","2026-04-15T23:53:34.429Z","0","698d204286a5af9808991620","humour","2026-04-15T23:53:34.429Z","69e024fe20186056c5b89e39","2026-04-15T23:53:34.542000","2026-04-15T23:53:34.929000","service_eb508f39-ce3d-4391-bb12-d4211c02ede9","false"
"NC-0000000108","1","0","0","2026-04-15T23:41:39.286Z","0","698d204286a5af9808991620","humour","2026-04-15T23:41:39.286Z","69e02233e122e0c18757f8e3","2026-04-15T23:41:39.889000","2026-04-15T23:41:39.889000","service_eb508f39-ce3d-4391-bb12-d4211c02ede9","false"
"NC-0000000108","1","0","0","2026-04-15T23:41:37.637Z","0","69cd302266f2193a99122757","humour","2026-04-15T23:41:37.637Z","69e022324aea90b19438193e","2026-04-15T23:41:38.119000","2026-04-15T23:41:38.119000","service_eb508f39-ce3d-4391-bb12-d4211c02ede9","false"
"NC-0000000108","1","0","0","2026-04-15T23:41:35.844Z","0","698dd1b2193c860027a3457a","humour","2026-04-15T23:41:35.844Z","69e02230712a7993a6020230","2026-04-15T23:41:36.529000","2026-04-15T23:41:36.529000","service_eb508f39-ce3d-4391-bb12-d4211c02ede9","false"
"NC-0000000108","1","0","0","2026-04-15T23:41:34.279Z","0","69b48a2b7d5c0db589c6bb1c","humour","2026-04-15T23:41:34.279Z","69e0222ebea88d349e3edcf6","2026-04-15T23:41:34.916000","2026-04-15T23:41:34.916000","service_eb508f39-ce3d-4391-bb12-d4211c02ede9","false"
"NC-0000000097","1","0","0","2026-04-15T22:03:12.043Z","0","698dd1b2193c860027a3457a","art","2026-04-15T22:03:12.043Z","69e00b200958e71a94f74ff1","2026-04-15T22:03:12.536000","2026-04-15T22:03:12.536000","service_eb508f39-ce3d-4391-bb12-d4211c02ede9","false"
"NC-0000000097","1","0","0","2026-04-15T22:03:10.146Z","0","69b48a2b7d5c0db589c6bb1c","art","2026-04-15T22:03:10.146Z","69e00b1e79072c974e4efabd","2026-04-15T22:03:10.688000","2026-04-15T22:03:10.688000","service_eb508f39-ce3d-4391-bb12-d4211c02ede9","false"
"NC-0000000097","1","0","0","2026-04-15T22:03:08.630Z","0","69cd302266f2193a99122757","art","2026-04-15T22:03:08.630Z","69e00b1d79072c974e4efabc","2026-04-15T22:03:09.108000","2026-04-15T22:03:09.108000","service_eb508f39-ce3d-4391-bb12-d4211c02ede9","false"
"NC-0000000097","1","0","0","2026-04-15T22:03:06.631Z","0","698d204286a5af9808991620","art","2026-04-15T22:03:06.631Z","69e00b1b38b5df666bcfbfaa","2026-04-15T22:03:07.215000","2026-04-15T22:03:07.215000","service_eb508f39-ce3d-4391-bb12-d4211c02ede9","false"
"NC-0000000058","1","0","0","2026-04-15T21:47:06.361Z","0","698c747aee05acfdd23ea578","music","2026-04-15T21:47:06.361Z","69e0075bb4fef0135679e388","2026-04-15T21:47:07.045000","2026-04-15T21:47:07.045000","service_eb508f39-ce3d-4391-bb12-d4211c02ede9","false"
"NC-0000000058","2","0","0","2026-04-22T19:42:58.361Z","0","69cd302266f2193a99122757","music","2026-04-22T19:42:58.361Z","69e0075841b8762da972a962","2026-04-15T21:47:04.612000","2026-04-22T19:42:59.347000","service_eb508f39-ce3d-4391-bb12-d4211c02ede9","false"
"NC-0000000058","1","0","0","2026-04-15T21:47:01.717Z","0","698dd1b2193c860027a3457a","music","2026-04-15T21:47:01.717Z","69e00756830a7e069d93c622","2026-04-15T21:47:02.330000","2026-04-15T21:47:02.330000","service_eb508f39-ce3d-4391-bb12-d4211c02ede9","false"
"NC-0000000058","1","0","0","2026-04-15T21:46:58.850Z","0","698d204286a5af9808991620","music","2026-04-15T21:46:58.850Z","69e00753364efd643b9a7f7b","2026-04-15T21:46:59.521000","2026-04-15T21:46:59.521000","service_eb508f39-ce3d-4391-bb12-d4211c02ede9","false"
"NC-0000000200","1","0","0","2026-04-15T15:58:00.670Z","0","698c747aee05acfdd23ea578","art","2026-04-15T15:58:00.670Z","69dfb589943e432a4c0ab74a","2026-04-15T15:58:01.327000","2026-04-15T15:58:01.327000","service_eb508f39-ce3d-4391-bb12-d4211c02ede9","false"
"NC-0000000200","1","0","0","2026-04-15T15:57:58.470Z","0","698d204286a5af9808991620","art","2026-04-15T15:57:58.470Z","69dfb5870a9b6a6b2a751257","2026-04-15T15:57:59.143000","2026-04-15T15:57:59.143000","service_eb508f39-ce3d-4391-bb12-d4211c02ede9","false"
"NC-0000000200","1","0","0","2026-04-15T15:57:56.126Z","0","698dbbf753d545317578c200","art","2026-04-15T15:57:56.126Z","69dfb5848d26d5bce4b2d93b","2026-04-15T15:57:56.978000","2026-04-15T15:57:56.978000","service_eb508f39-ce3d-4391-bb12-d4211c02ede9","false"
"NC-0000000200","1","0","0","2026-04-15T15:57:53.714Z","0","698dbd987dbcc355eec0ff7c","art","2026-04-15T15:57:53.714Z","69dfb582bf49caee42980202","2026-04-15T15:57:54.759000","2026-04-15T15:57:54.759000","service_eb508f39-ce3d-4391-bb12-d4211c02ede9","false"
"NC-0000000200","1","0","0","2026-04-15T15:57:51.787Z","0","698dc6f781b400b640a229f6","art","2026-04-15T15:57:51.787Z","69dfb580cbedb806c74a3a34","2026-04-15T15:57:52.471000","2026-04-15T15:57:52.471000","service_eb508f39-ce3d-4391-bb12-d4211c02ede9","false"
"NC-0000000200","1","0","0","2026-04-15T15:57:49.743Z","0","69b48a2b7d5c0db589c6bb1c","art","2026-04-15T15:57:49.743Z","69dfb57ee933f8c60c6d7c43","2026-04-15T15:57:50.521000","2026-04-15T15:57:50.521000","service_eb508f39-ce3d-4391-bb12-d4211c02ede9","false"
"NC-0000000200","1","0","0","2026-04-15T15:57:47.693Z","0","69cd302266f2193a99122757","art","2026-04-15T15:57:47.693Z","69dfb57cefeb6981df07b177","2026-04-15T15:57:48.384000","2026-04-15T15:57:48.384000","service_eb508f39-ce3d-4391-bb12-d4211c02ede9","false"
"NC-0000000020","1","0","0","2026-04-15T15:24:11.141Z","0","698d204286a5af9808991620","art","2026-04-15T15:24:11.141Z","69dfad9b7969be37ba98e6f2","2026-04-15T15:24:11.838000","2026-04-15T15:24:11.838000","service_eb508f39-ce3d-4391-bb12-d4211c02ede9","false"
"NC-0000000020","1","0","0","2026-04-15T15:24:09.068Z","0","698c747aee05acfdd23ea578","art","2026-04-15T15:24:09.068Z","69dfad999190f01634a6bacc","2026-04-15T15:24:09.703000","2026-04-15T15:24:09.703000","service_eb508f39-ce3d-4391-bb12-d4211c02ede9","false"
"NC-0000000135","1","0","0","2026-04-15T15:21:10.274Z","0","698d204286a5af9808991620","music","2026-04-15T15:21:10.274Z","69dface62b0552515135d547","2026-04-15T15:21:10.833000","2026-04-15T15:21:10.833000","service_eb508f39-ce3d-4391-bb12-d4211c02ede9","false"
"NC-0000000135","1","0","0","2026-04-15T15:21:10.221Z","0","698c747aee05acfdd23ea578","music","2026-04-15T15:21:10.221Z","69dface6efff9519a3fcd5ce","2026-04-15T15:21:10.734000","2026-04-15T15:21:10.734000","service_eb508f39-ce3d-4391-bb12-d4211c02ede9","false"
"NC-0000000135","1","0","0","2026-04-15T15:21:10.214Z","0","69cd302266f2193a99122757","music","2026-04-15T15:21:10.214Z","69dface64ed75eaa8756d8cb","2026-04-15T15:21:10.732000","2026-04-15T15:21:10.732000","service_eb508f39-ce3d-4391-bb12-d4211c02ede9","false"
"NC-0000000086","1","0","0","2026-04-15T12:01:54.395Z","0","698c747aee05acfdd23ea578","music","2026-04-15T12:01:54.395Z","69df7e32b0ff7b7773799e26","2026-04-15T12:01:54.897000","2026-04-15T12:01:54.897000","service_eb508f39-ce3d-4391-bb12-d4211c02ede9","false"
"NC-0000000086","1","0","0","2026-04-15T12:01:52.553Z","0","69b48a2b7d5c0db589c6bb1c","music","2026-04-15T12:01:52.553Z","69df7e31b6d59ed6559028a7","2026-04-15T12:01:53.039000","2026-04-15T12:01:53.039000","service_eb508f39-ce3d-4391-bb12-d4211c02ede9","false"
"NC-0000000086","1","0","0","2026-04-15T12:01:50.895Z","0","698d204286a5af9808991620","music","2026-04-15T12:01:50.895Z","69df7e2f7adb5f0ebedb7ba1","2026-04-15T12:01:51.409000","2026-04-15T12:01:51.409000","service_eb508f39-ce3d-4391-bb12-d4211c02ede9","false"
"NC-0000000144","1","0","0","2026-04-15T11:55:19.524Z","0","698c747aee05acfdd23ea578","humour","2026-04-15T11:55:19.524Z","69df7ca81d7d8eeb817b247e","2026-04-15T11:55:20.050000","2026-04-15T11:55:20.050000","service_eb508f39-ce3d-4391-bb12-d4211c02ede9","false"
"NC-0000000144","1","0","0","2026-04-15T11:55:18.056Z","0","69b48a2b7d5c0db589c6bb1c","humour","2026-04-15T11:55:18.056Z","69df7ca60a9a36d638d3c27f","2026-04-15T11:55:18.568000","2026-04-15T11:55:18.568000","service_eb508f39-ce3d-4391-bb12-d4211c02ede9","false"
"NC-0000000144","1","0","0","2026-04-15T11:55:15.848Z","0","698d204286a5af9808991620","humour","2026-04-15T11:55:15.848Z","69df7ca4b1dcba3e9868ada0","2026-04-15T11:55:16.468000","2026-04-15T11:55:16.468000","service_eb508f39-ce3d-4391-bb12-d4211c02ede9","false"
"NC-0000000200","1","0","0","2026-04-14T13:56:04.447Z","0","698d204286a5af9808991620","video","2026-04-14T13:56:04.447Z","69de4774140c8e6659b7fb07","2026-04-14T13:56:04.931000","2026-04-14T13:56:04.931000","service_eb508f39-ce3d-4391-bb12-d4211c02ede9","false"
"NC-0000000200","1","0","0","2026-04-14T13:56:02.407Z","0","698c747aee05acfdd23ea578","video","2026-04-14T13:56:02.407Z","69de477258f8641d2a40b7a9","2026-04-14T13:56:02.989000","2026-04-14T13:56:02.989000","service_eb508f39-ce3d-4391-bb12-d4211c02ede9","false"
"NC-0000000014","1","0","0","2026-04-14T13:53:11.442Z","0","698dd1b2193c860027a3457a","humour","2026-04-14T13:53:11.442Z","69de46c8dd50a82178981a28","2026-04-14T13:53:12.044000","2026-04-14T13:53:12.044000","service_eb508f39-ce3d-4391-bb12-d4211c02ede9","false"
"NC-0000000014","1","0","0","2026-04-14T13:53:09.579Z","0","69cd302266f2193a99122757","humour","2026-04-14T13:53:09.579Z","69de46c618b51b9498cdd7c3","2026-04-14T13:53:10.096000","2026-04-14T13:53:10.096000","service_eb508f39-ce3d-4391-bb12-d4211c02ede9","false"
"NC-0000000014","1","0","0","2026-04-14T13:53:07.788Z","0","698c747aee05acfdd23ea578","humour","2026-04-14T13:53:07.788Z","69de46c40cd6aa34d2fcab2c","2026-04-14T13:53:08.389000","2026-04-14T13:53:08.389000","service_eb508f39-ce3d-4391-bb12-d4211c02ede9","false"
"NC-0000000100","1","0","0","2026-04-14T12:11:28.714Z","0","698dbd987dbcc355eec0ff7c","humour","2026-04-14T12:11:28.714Z","69de2ef1ae74a1f990ed9074","2026-04-14T12:11:29.233000","2026-04-14T12:11:29.233000","service_eb508f39-ce3d-4391-bb12-d4211c02ede9","false"
"NC-0000000100","1","0","0","2026-04-14T12:11:27.026Z","0","698d204286a5af9808991620","humour","2026-04-14T12:11:27.026Z","69de2eef0323631acac596bf","2026-04-14T12:11:27.535000","2026-04-14T12:11:27.535000","service_eb508f39-ce3d-4391-bb12-d4211c02ede9","false"
"NC-0000000100","1","0","0","2026-04-14T12:11:25.300Z","0","69cd302266f2193a99122757","humour","2026-04-14T12:11:25.300Z","69de2eed44647d2ba7ee52bd","2026-04-14T12:11:25.782000","2026-04-14T12:11:25.782000","service_eb508f39-ce3d-4391-bb12-d4211c02ede9","false"
"NC-0000000100","1","0","0","2026-04-14T12:11:22.046Z","0","698dd1b2193c860027a3457a","humour","2026-04-14T12:11:22.046Z","69de2eea63962cfd68936610","2026-04-14T12:11:22.734000","2026-04-14T12:11:22.734000","service_eb508f39-ce3d-4391-bb12-d4211c02ede9","false"
"NC-0000000133","1","0","0","2026-04-14T12:04:52.248Z","0","698dbd987dbcc355eec0ff7c","video","2026-04-14T12:04:52.248Z","69de2d64626b0cf2d9b4d8b5","2026-04-14T12:04:52.871000","2026-04-14T12:04:52.871000","service_eb508f39-ce3d-4391-bb12-d4211c02ede9","false"
"NC-0000000133","1","0","0","2026-04-14T12:04:50.728Z","0","69cd302266f2193a99122757","video","2026-04-14T12:04:50.728Z","69de2d63783fdae628fbf2cb","2026-04-14T12:04:51.215000","2026-04-14T12:04:51.215000","service_eb508f39-ce3d-4391-bb12-d4211c02ede9","false"
"NC-0000000133","1","0","0","2026-04-14T12:04:49.028Z","0","698dd1b2193c860027a3457a","video","2026-04-14T12:04:49.028Z","69de2d61cc4e14ea763c4fe0","2026-04-14T12:04:49.684000","2026-04-14T12:04:49.684000","service_eb508f39-ce3d-4391-bb12-d4211c02ede9","false"
"NC-0000000058","1","0","0","2026-04-14T11:55:27.833Z","0","698dbd987dbcc355eec0ff7c","video","2026-04-14T11:55:27.833Z","69de2b30e0f57f069816d6fc","2026-04-14T11:55:28.288000","2026-04-14T11:55:28.288000","service_eb508f39-ce3d-4391-bb12-d4211c02ede9","false"
"NC-0000000058","1","0","0","2026-04-14T11:55:25.444Z","0","698c747aee05acfdd23ea578","video","2026-04-14T11:55:25.444Z","69de2b2d2628e81bccbe5071","2026-04-14T11:55:25.990000","2026-04-14T11:55:25.990000","service_eb508f39-ce3d-4391-bb12-d4211c02ede9","false"
"NC-0000000058","1","0","0","2026-04-14T11:55:23.808Z","0","698dd1b2193c860027a3457a","video","2026-04-14T11:55:23.808Z","69de2b2c88a9fa9ffa63f172","2026-04-14T11:55:24.300000","2026-04-14T11:55:24.300000","service_eb508f39-ce3d-4391-bb12-d4211c02ede9","false"
"NC-0000000052","1","0","0","2026-04-10T17:22:05.755Z","0","698c747aee05acfdd23ea578","music","2026-04-10T17:22:05.755Z","69d931be0be78ee8d087b7c7","2026-04-10T17:22:06.620000","2026-04-10T17:22:06.620000","service_eb508f39-ce3d-4391-bb12-d4211c02ede9","false"
"NC-0000000052","1","0","0","2026-04-10T17:22:02.414Z","0","698dd1b2193c860027a3457a","music","2026-04-10T17:22:02.414Z","69d931bb6538540f3132351b","2026-04-10T17:22:03.030000","2026-04-10T17:22:03.030000","service_eb508f39-ce3d-4391-bb12-d4211c02ede9","false"
"NC-0000000052","1","0","0","2026-04-10T17:21:59.233Z","0","698d204286a5af9808991620","music","2026-04-10T17:21:59.233Z","69d931b794ffe8fe8070883e","2026-04-10T17:21:59.915000","2026-04-10T17:21:59.915000","service_eb508f39-ce3d-4391-bb12-d4211c02ede9","false"
"NC-0000000054","1","0","0","2026-04-10T12:20:03.420Z","0","698c747aee05acfdd23ea578","humour","2026-04-10T12:20:03.420Z","69d8eaf4b10549d11c1b8b49","2026-04-10T12:20:04.072000","2026-04-10T12:20:04.072000","service_eb508f39-ce3d-4391-bb12-d4211c02ede9","false"
"NC-0000000054","1","0","0","2026-04-10T12:20:01.229Z","0","698d204286a5af9808991620","humour","2026-04-10T12:20:01.229Z","69d8eaf1c6e7146daa618169","2026-04-10T12:20:01.801000","2026-04-10T12:20:01.801000","service_eb508f39-ce3d-4391-bb12-d4211c02ede9","false"
"NC-0000000035","1","0","0","2026-04-09T22:19:38.317Z","0","698c747aee05acfdd23ea578","humour","2026-04-09T22:19:38.317Z","69d825fa919278da571deea2","2026-04-09T22:19:38.838000","2026-04-09T22:19:38.838000","service_eb508f39-ce3d-4391-bb12-d4211c02ede9","false"
"NC-0000000035","1","0","0","2026-04-09T22:19:36.112Z","0","698d204286a5af9808991620","humour","2026-04-09T22:19:36.112Z","69d825f8aa36985eed7415f4","2026-04-09T22:19:36.708000","2026-04-09T22:19:36.708000","service_eb508f39-ce3d-4391-bb12-d4211c02ede9","false"
"NC-0000000166","1","0","0","2026-04-09T21:36:11.315Z","0","698c747aee05acfdd23ea578","humour","2026-04-09T21:36:11.315Z","69d81bcbb6d757d4fedde47a","2026-04-09T21:36:11.830000","2026-04-09T21:36:11.830000","service_eb508f39-ce3d-4391-bb12-d4211c02ede9","false"
"NC-0000000166","1","0","0","2026-04-09T21:36:09.188Z","0","698d204286a5af9808991620","humour","2026-04-09T21:36:09.188Z","69d81bc958e5d53bde8dd285","2026-04-09T21:36:09.704000","2026-04-09T21:36:09.704000","service_eb508f39-ce3d-4391-bb12-d4211c02ede9","false"
"NC-0000000160","1","0","0","2026-04-09T21:22:07.459Z","0","698d204286a5af9808991620","humour","2026-04-09T21:22:07.459Z","69d8187f01c18bc976f31ca6","2026-04-09T21:22:07.940000","2026-04-09T21:22:07.940000","service_eb508f39-ce3d-4391-bb12-d4211c02ede9","false"
"NC-0000000160","2","0","0","2026-04-28T12:05:12.159Z","0","698c747aee05acfdd23ea578","humour","2026-04-28T12:05:12.159Z","69d8187d5899c741c81c15d0","2026-04-09T21:22:05.821000","2026-04-28T12:05:12.768000","service_eb508f39-ce3d-4391-bb12-d4211c02ede9","false"
"NC-0000000005","1","0","0","2026-04-09T21:08:52.200Z","0","698d204286a5af9808991620","humour","2026-04-09T21:08:52.200Z","69d81564e3554a6def0dccc7","2026-04-09T21:08:52.977000","2026-04-09T21:08:52.977000","service_eb508f39-ce3d-4391-bb12-d4211c02ede9","false"
"NC-0000000005","1","0","0","2026-04-09T21:08:52.203Z","0","698d204286a5af9808991620","humour","2026-04-09T21:08:52.203Z","69d81564d9ba7e09cf6a37ff","2026-04-09T21:08:52.939000","2026-04-09T21:08:52.939000","service_eb508f39-ce3d-4391-bb12-d4211c02ede9","false"
"NC-0000000005","1","0","0","2026-04-09T21:08:49.878Z","0","698c747aee05acfdd23ea578","humour","2026-04-09T21:08:49.878Z","69d815622c2e0fb0545ccf4f","2026-04-09T21:08:50.445000","2026-04-09T21:08:50.445000","service_eb508f39-ce3d-4391-bb12-d4211c02ede9","false"
"NC-0000000005","1","0","0","2026-04-09T21:08:49.873Z","0","698c747aee05acfdd23ea578","humour","2026-04-09T21:08:49.873Z","69d81562a4c8e6f4c8001e91","2026-04-09T21:08:50.440000","2026-04-09T21:08:50.440000","service_eb508f39-ce3d-4391-bb12-d4211c02ede9","false"
"NC-0000000023","1","0","0","2026-04-09T14:38:08.239Z","0","698c747aee05acfdd23ea578","humour","2026-04-09T14:38:08.239Z","69d7b9d04fa4d8c10e2b5679","2026-04-09T14:38:08.988000","2026-04-09T14:38:08.988000","service_eb508f39-ce3d-4391-bb12-d4211c02ede9","false"
"NC-0000000023","1","0","0","2026-04-09T14:38:05.811Z","0","698d204286a5af9808991620","humour","2026-04-09T14:38:05.811Z","69d7b9ce3a3be4ebe34ac944","2026-04-09T14:38:06.623000","2026-04-09T14:38:06.623000","service_eb508f39-ce3d-4391-bb12-d4211c02ede9","false"
"NC-0000000122","1","0","0","2026-04-08T23:49:57.787Z","0","69b48a2b7d5c0db589c6bb1c","humour","2026-04-08T23:49:57.787Z","69d6e9a68908820d83f0c82b","2026-04-08T23:49:58.300000","2026-04-08T23:49:58.300000","service_eb508f39-ce3d-4391-bb12-d4211c02ede9","false"
"NC-0000000101","1","0","0","2026-04-08T18:12:54.720Z","0","69d6986bf4e0b9a5127f24c0","music","2026-04-08T18:12:54.720Z","69d69aa750789734c37d9cbb","2026-04-08T18:12:55.236000","2026-04-08T18:12:55.236000","service_eb508f39-ce3d-4391-bb12-d4211c02ede9","false"
"NC-0000000101","1","0","0","2026-04-08T18:12:54.666Z","0","698c747aee05acfdd23ea578","music","2026-04-08T18:12:54.666Z","69d69aa7b7732a0cb7a98bcf","2026-04-08T18:12:55.229000","2026-04-08T18:12:55.229000","service_eb508f39-ce3d-4391-bb12-d4211c02ede9","false"
"NC-0000000165","1","0","0","2026-04-06T21:35:17.100Z","0","698dbbf753d545317578c200","humour","2026-04-06T21:35:17.100Z","69d427175d77497ae94b3f59","2026-04-06T21:35:19.026000","2026-04-06T21:35:19.026000","service_eb508f39-ce3d-4391-bb12-d4211c02ede9","false"
"NC-0000000165","2","0","0","2026-04-06T21:35:21.051Z","0","698dc6f781b400b640a229f6","humour","2026-04-06T21:35:21.051Z","69d12616aa0daa5ea4901261","2026-04-04T14:54:14.237000","2026-04-06T21:35:22.028000","service_eb508f39-ce3d-4391-bb12-d4211c02ede9","false"
"NC-0000000169","1","0","0","2026-04-03T16:39:06.018Z","0","69b48a2b7d5c0db589c6bb1c","music","2026-04-03T16:39:06.018Z","69cfed2a578ab4a6caa6daab","2026-04-03T16:39:06.712000","2026-04-03T16:39:06.712000","service_eb508f39-ce3d-4391-bb12-d4211c02ede9","false"
"NC-0000000169","1","0","0","2026-04-03T16:39:06.044Z","0","698d204286a5af9808991620","music","2026-04-03T16:39:06.044Z","69cfed2a95ac5a73fbef212b","2026-04-03T16:39:06.705000","2026-04-03T16:39:06.705000","service_eb508f39-ce3d-4391-bb12-d4211c02ede9","false"
"NC-0000000169","1","0","0","2026-04-03T16:39:05.983Z","0","698dd1b2193c860027a3457a","music","2026-04-03T16:39:05.983Z","69cfed2a6309394aad15d7ff","2026-04-03T16:39:06.660000","2026-04-03T16:39:06.660000","service_eb508f39-ce3d-4391-bb12-d4211c02ede9","false"
"NC-0000000169","1","0","0","2026-04-03T16:39:05.979Z","0","698c747aee05acfdd23ea578","music","2026-04-03T16:39:05.979Z","69cfed2a08f3b104262b385b","2026-04-03T16:39:06.627000","2026-04-03T16:39:06.627000","service_eb508f39-ce3d-4391-bb12-d4211c02ede9","false"
"NC-0000000169","1","0","0","2026-04-03T16:39:05.965Z","0","69cd302266f2193a99122757","music","2026-04-03T16:39:05.965Z","69cfed2a742f196f7d55d2b5","2026-04-03T16:39:06.589000","2026-04-03T16:39:06.589000","service_eb508f39-ce3d-4391-bb12-d4211c02ede9","false"
"NC-0000000165","5","0","0","2026-04-24T13:52:57.991Z","0","69cd302266f2193a99122757","music","2026-04-24T13:52:57.991Z","69cfeab970794528cf786b6f","2026-04-03T16:28:41.006000","2026-04-24T13:52:58.541000","service_eb508f39-ce3d-4391-bb12-d4211c02ede9","false"
"NC-0000000165","10","0","0","2026-04-23T16:20:19.249Z","0","69cd302266f2193a99122757","humour","2026-04-23T16:20:19.249Z","69cfbbc506980385273f6c1c","2026-04-03T13:08:21.806000","2026-04-23T16:20:19.941000","service_eb508f39-ce3d-4391-bb12-d4211c02ede9","false"
"NC-0000000165","15","0","0","2026-04-23T16:20:16.413Z","0","698c747aee05acfdd23ea578","humour","2026-04-23T16:20:16.413Z","69cfabb04bedf97f81ddcbb8","2026-04-03T11:59:44.493000","2026-04-23T16:20:17.129000","service_eb508f39-ce3d-4391-bb12-d4211c02ede9","false"
"NC-0000000165","16","0","0","2026-04-23T14:18:59.788Z","0","69b48a2b7d5c0db589c6bb1c","humour","2026-04-23T14:18:59.788Z","69cfa12d9a30b9c3e6f23dd7","2026-04-03T11:14:53.876000","2026-04-23T14:19:04.482000","service_eb508f39-ce3d-4391-bb12-d4211c02ede9","false"
"NC-0000000165","18","0","0","2026-04-23T20:12:16.995Z","0","698d204286a5af9808991620","humour","2026-04-23T20:12:16.995Z","69cfa12c28816e182ac1a55c","2026-04-03T11:14:52.032000","2026-04-23T20:12:17.670000","service_eb508f39-ce3d-4391-bb12-d4211c02ede9","false"
"NC-0000000095","1","0","0","2026-04-03T10:47:13.540Z","0","698dd1b2193c860027a3457a","music","2026-04-03T10:47:13.540Z","69cf9ab21b592c35e2a9beb0","2026-04-03T10:47:14.105000","2026-04-03T10:47:14.105000","service_eb508f39-ce3d-4391-bb12-d4211c02ede9","false"
"NC-0000000165","6","0","0","2026-04-24T01:17:37.300Z","0","69b48a2b7d5c0db589c6bb1c","music","2026-04-24T01:17:37.300Z","69cf20ababf0896f56f5d198","2026-04-03T02:06:35.983000","2026-04-24T01:17:37.957000","service_eb508f39-ce3d-4391-bb12-d4211c02ede9","false"
"NC-0000000165","5","0","0","2026-04-24T13:53:03.086Z","0","698c747aee05acfdd23ea578","music","2026-04-24T13:53:03.086Z","69cf20a9c2fc5bf989bd6e70","2026-04-03T02:06:33.430000","2026-04-24T13:53:03.766000","service_eb508f39-ce3d-4391-bb12-d4211c02ede9","false"
"NC-0000000130","1","0","0","2026-04-02T21:43:23.185Z","0","698dbbf753d545317578c200","music","2026-04-02T21:43:23.185Z","69cee2fb00edd1340dc48d05","2026-04-02T21:43:23.749000","2026-04-02T21:43:23.749000","service_eb508f39-ce3d-4391-bb12-d4211c02ede9","false"
"NC-0000000130","1","0","0","2026-04-02T21:43:21.536Z","0","698c747aee05acfdd23ea578","music","2026-04-02T21:43:21.536Z","69cee2fa2c329125a4b6ca89","2026-04-02T21:43:22.171000","2026-04-02T21:43:22.171000","service_eb508f39-ce3d-4391-bb12-d4211c02ede9","false"
"NC-0000000105","1","0","0","2026-04-01T18:25:02.119Z","0","69b48a2b7d5c0db589c6bb1c","music","2026-04-01T18:25:02.119Z","69cd62fefa659888860a8499","2026-04-01T18:25:02.735000","2026-04-01T18:25:02.735000","service_eb508f39-ce3d-4391-bb12-d4211c02ede9","false"
"NC-0000000105","1","0","0","2026-04-01T18:25:02.123Z","0","69cd302266f2193a99122757","music","2026-04-01T18:25:02.123Z","69cd62fed82ef321b3e12d8e","2026-04-01T18:25:02.642000","2026-04-01T18:25:02.642000","service_eb508f39-ce3d-4391-bb12-d4211c02ede9","false"
"NC-0000000035","1","0","0","2026-04-01T15:27:30.733Z","0","69cc5fb8d599c99df1e75f81","music","2026-04-01T15:27:30.733Z","69cd3963ccc42205c59ed894","2026-04-01T15:27:31.221000","2026-04-01T15:27:31.221000","service_eb508f39-ce3d-4391-bb12-d4211c02ede9","false"
"NC-0000000035","1","0","0","2026-04-01T15:27:30.747Z","0","69cd302266f2193a99122757","music","2026-04-01T15:27:30.747Z","69cd39632f011e55507decf5","2026-04-01T15:27:31.200000","2026-04-01T15:27:31.200000","service_eb508f39-ce3d-4391-bb12-d4211c02ede9","false"
"NC-0000000123","1","0","0","2026-03-30T22:34:35.678Z","0","698dbbf753d545317578c200","humour","2026-03-30T22:34:35.678Z","69cafa7ca8931def3f2ef758","2026-03-30T22:34:36.288000","2026-03-30T22:34:36.288000","service_eb508f39-ce3d-4391-bb12-d4211c02ede9","false"
"NC-0000000123","1","0","0","2026-03-30T22:34:35.629Z","0","698c747aee05acfdd23ea578","humour","2026-03-30T22:34:35.629Z","69cafa7cb2d847d01597285a","2026-03-30T22:34:36.259000","2026-03-30T22:34:36.259000","service_eb508f39-ce3d-4391-bb12-d4211c02ede9","false"
"NC-0000000156","1","0","0","2026-03-29T01:51:06.172Z","0","698c747aee05acfdd23ea578","music","2026-03-29T01:51:06.172Z","69c8858a33df8fe3ba28a7c0","2026-03-29T01:51:06.747000","2026-03-29T01:51:06.747000","service_eb508f39-ce3d-4391-bb12-d4211c02ede9","false"
"NC-0000000156","1","0","0","2026-03-29T01:51:06.197Z","0","69a0f98dc601eab3812fc043","music","2026-03-29T01:51:06.197Z","69c8858adbd6b286c597e252","2026-03-29T01:51:06.697000","2026-03-29T01:51:06.697000","service_eb508f39-ce3d-4391-bb12-d4211c02ede9","false"
"NC-0000000050","1","0","0","2026-03-28T13:41:48.643Z","0","698dc6f781b400b640a229f6","music","2026-03-28T13:41:48.643Z","69c7da9d73410656a8e7df6a","2026-03-28T13:41:49.353000","2026-03-28T13:41:49.353000","service_eb508f39-ce3d-4391-bb12-d4211c02ede9","false"
"NC-0000000050","1","0","0","2026-03-28T13:41:48.360Z","0","698d204286a5af9808991620","music","2026-03-28T13:41:48.360Z","69c7da9c647eedb2abdf3ac6","2026-03-28T13:41:48.829000","2026-03-28T13:41:48.830000","service_eb508f39-ce3d-4391-bb12-d4211c02ede9","false"
"NC-0000000049","2","0","0","2026-03-28T13:23:13.537Z","0","698dbd987dbcc355eec0ff7c","music","2026-03-28T13:23:13.537Z","69c7d6415486aef31834d1c9","2026-03-28T13:23:13.692000","2026-03-28T13:23:13.966000","service_eb508f39-ce3d-4391-bb12-d4211c02ede9","false"
"NC-0000000049","2","0","0","2026-03-28T13:23:13.713Z","0","698dd1b2193c860027a3457a","music","2026-03-28T13:23:13.713Z","69c7d641d41d3ddd1e10a0bd","2026-03-28T13:23:13.211000","2026-03-28T13:23:14.168000","service_eb508f39-ce3d-4391-bb12-d4211c02ede9","false"
"NC-0000000095","2","0","0","2026-04-03T11:06:23.250Z","0","698d204286a5af9808991620","music","2026-04-03T11:06:23.250Z","69c7d39a8972b16bc4aa3ac4","2026-03-28T13:11:54.571000","2026-04-03T11:06:23.972000","service_eb508f39-ce3d-4391-bb12-d4211c02ede9","false"
"NC-0000000095","2","0","0","2026-04-06T20:43:24.655Z","0","698dc6f781b400b640a229f6","music","2026-04-06T20:43:24.655Z","69c7d39a473da43a865ae1f3","2026-03-28T13:11:54.349000","2026-04-06T20:43:25.191000","service_eb508f39-ce3d-4391-bb12-d4211c02ede9","false"
"NC-0000000095","3","0","0","2026-04-04T10:51:09.064Z","0","698c747aee05acfdd23ea578","music","2026-04-04T10:51:09.064Z","69c3c760895dbfe3476ccbcd","2026-03-25T11:30:40.716000","2026-04-04T10:51:09.585000","service_eb508f39-ce3d-4391-bb12-d4211c02ede9","false"
"NC-0000000095","4","0","0","2026-04-06T20:43:24.560Z","0","69b48a2b7d5c0db589c6bb1c","music","2026-04-06T20:43:24.560Z","69c3c75f4ee1f02a7ad9e44f","2026-03-25T11:30:39.075000","2026-04-06T20:43:25.093000","service_eb508f39-ce3d-4391-bb12-d4211c02ede9","false"
"NC-0000000204","1","0","0","2026-03-24T15:38:09.150Z","0","698d204286a5af9808991620","music","2026-03-24T15:38:09.150Z","69c2afe13ff3f81d8e4d15d1","2026-03-24T15:38:09.684000","2026-03-24T15:38:09.684000","service_eb508f39-ce3d-4391-bb12-d4211c02ede9","false"
"NC-0000000204","1","0","0","2026-03-24T15:38:09.190Z","0","698c747aee05acfdd23ea578","music","2026-03-24T15:38:09.190Z","69c2afe16956f8ab6aa030da","2026-03-24T15:38:09.654000","2026-03-24T15:38:09.654000","service_eb508f39-ce3d-4391-bb12-d4211c02ede9","false"
"NC-0000000204","1","0","0","2026-03-24T15:33:24.780Z","0","698dd1b2193c860027a3457a","music","2026-03-24T15:33:24.780Z","69c2aec51ec1e7f94b0e563c","2026-03-24T15:33:25.280000","2026-03-24T15:33:25.280000","service_eb508f39-ce3d-4391-bb12-d4211c02ede9","false"
"NC-0000000204","1","0","0","2026-03-24T15:33:24.697Z","0","698dc6f781b400b640a229f6","music","2026-03-24T15:33:24.697Z","69c2aec5d09735c6a966fdb1","2026-03-24T15:33:25.247000","2026-03-24T15:33:25.247000","service_eb508f39-ce3d-4391-bb12-d4211c02ede9","false"
"NC-0000000177","2","0","0","2026-03-24T14:53:07.014Z","0","698d204286a5af9808991620","music","2026-03-24T14:53:07.014Z","69c29f7bb5f295c8af838f1e","2026-03-24T14:28:11.991000","2026-03-24T14:53:07.526000","service_eb508f39-ce3d-4391-bb12-d4211c02ede9","false"
"NC-0000000177","2","0","0","2026-03-24T14:53:05.738Z","0","698dc6f781b400b640a229f6","music","2026-03-24T14:53:05.738Z","69c29f7afc74406cfb5f8aff","2026-03-24T14:28:10.088000","2026-03-24T14:53:06.246000","service_eb508f39-ce3d-4391-bb12-d4211c02ede9","false"
"NC-0000000177","1","0","0","2026-03-24T14:26:00.484Z","0","69b48a2b7d5c0db589c6bb1c","music","2026-03-24T14:26:00.484Z","69c29ef839e3a5bf85f976a8","2026-03-24T14:26:00.999000","2026-03-24T14:26:00.999000","service_eb508f39-ce3d-4391-bb12-d4211c02ede9","false"
"NC-0000000177","2","0","0","2026-03-24T14:53:06.661Z","0","698c747aee05acfdd23ea578","music","2026-03-24T14:53:06.661Z","69c29ef653697321d39c42a4","2026-03-24T14:25:58.747000","2026-03-24T14:53:07.147000","service_eb508f39-ce3d-4391-bb12-d4211c02ede9","false"
"NC-0000000129","1","0","0","2026-03-18T13:42:54.541Z","0","698c747aee05acfdd23ea578","music","2026-03-18T13:42:54.541Z","69baabdf20a9a7b962b6cf96","2026-03-18T13:42:55.057000","2026-03-18T13:42:55.057000","service_eb508f39-ce3d-4391-bb12-d4211c02ede9","false"
"NC-0000000129","1","0","0","2026-03-18T13:42:51.795Z","0","698d204286a5af9808991620","music","2026-03-18T13:42:51.795Z","69baabdc6065be8969d357b6","2026-03-18T13:42:52.352000","2026-03-18T13:42:52.352000","service_eb508f39-ce3d-4391-bb12-d4211c02ede9","false"
"NC-0000000053","1","0","0","2026-03-18T12:46:17.896Z","0","698dc6f781b400b640a229f6","music","2026-03-18T12:46:17.896Z","69ba9e9a29e8d1d917a2839e","2026-03-18T12:46:18.383000","2026-03-18T12:46:18.383000","service_eb508f39-ce3d-4391-bb12-d4211c02ede9","false"
"NC-0000000053","1","0","0","2026-03-18T12:46:15.745Z","0","698dd1b2193c860027a3457a","music","2026-03-18T12:46:15.745Z","69ba9e98c581d204f43f1e62","2026-03-18T12:46:16.295000","2026-03-18T12:46:16.295000","service_eb508f39-ce3d-4391-bb12-d4211c02ede9","false"
"NC-0000000302","1","0","0","2026-03-17T23:41:46.259Z","0","698c747aee05acfdd23ea578","music","2026-03-17T23:41:46.259Z","69b9e6bab7377d5da3afda67","2026-03-17T23:41:46.885000","2026-03-17T23:41:46.885000","service_eb508f39-ce3d-4391-bb12-d4211c02ede9","false"
"NC-0000000302","1","0","0","2026-03-17T23:41:30.041Z","0","698dd1b2193c860027a3457a","music","2026-03-17T23:41:30.041Z","69b9e6aabf0893a308e24f71","2026-03-17T23:41:30.642000","2026-03-17T23:41:30.642000","service_eb508f39-ce3d-4391-bb12-d4211c02ede9","false"
"NC-0000000302","2","0","0","2026-03-17T17:27:33.731Z","0","698dc6f781b400b640a229f6","music","2026-03-17T17:27:33.731Z","69b98ed6c2c95a9f572f4015","2026-03-17T17:26:46.076000","2026-03-17T17:27:36.148000","service_eb508f39-ce3d-4391-bb12-d4211c02ede9","false"
"NC-0000000302","3","0","0","2026-03-17T23:41:34.345Z","0","69b48a2b7d5c0db589c6bb1c","music","2026-03-17T23:41:34.345Z","69b98ed0a1c7f23b4b0a9016","2026-03-17T17:26:40.361000","2026-03-17T23:41:36.851000","service_eb508f39-ce3d-4391-bb12-d4211c02ede9","false"
"NC-0000000302","2","0","0","2026-03-17T17:27:10.415Z","0","698dbd987dbcc355eec0ff7c","music","2026-03-17T17:27:10.415Z","69b98eb84125f3cc47ca4592","2026-03-17T17:26:16.456000","2026-03-17T17:27:13.035000","service_eb508f39-ce3d-4391-bb12-d4211c02ede9","false"
"NC-0000000301","1","0","0","2026-03-17T17:17:59.313Z","0","69b48a2b7d5c0db589c6bb1c","music","2026-03-17T17:17:59.313Z","69b98cc73dad531078cd5aeb","2026-03-17T17:17:59.957000","2026-03-17T17:17:59.957000","service_eb508f39-ce3d-4391-bb12-d4211c02ede9","false"
"NC-0000000165","8","0","0","2026-04-24T13:58:59.241Z","0","698d204286a5af9808991620","music","2026-04-24T13:58:59.241Z","69b95d71172a581285106e7d","2026-03-17T13:56:01.792000","2026-04-24T13:58:59.954000","service_eb508f39-ce3d-4391-bb12-d4211c02ede9","false"
"NC-0000000004","2","0","0","2026-03-17T12:49:45.663Z","0","698c747aee05acfdd23ea578","music","2026-03-17T12:49:45.663Z","69b9498fd8104b0d5fb0cf7c","2026-03-17T12:31:11.123000","2026-03-17T12:49:46.304000","service_eb508f39-ce3d-4391-bb12-d4211c02ede9","false"
"NC-0000000004","2","0","0","2026-03-17T12:49:42.560Z","0","69b48a2b7d5c0db589c6bb1c","music","2026-03-17T12:49:42.560Z","69b9498bdbda528ee46c034e","2026-03-17T12:31:07.324000","2026-03-17T12:49:43.274000","service_eb508f39-ce3d-4391-bb12-d4211c02ede9","false"
"NC-0000000073","2","0","0","2026-04-16T23:02:52.741Z","0","69b48a2b7d5c0db589c6bb1c","music","2026-04-16T23:02:52.741Z","69b948eb08f9ec07cb171767","2026-03-17T12:28:27.829000","2026-04-16T23:02:53.266000","service_eb508f39-ce3d-4391-bb12-d4211c02ede9","false"
"NC-0000000073","2","0","0","2026-04-16T23:02:54.395Z","0","698d204286a5af9808991620","music","2026-04-16T23:02:54.395Z","69b948e571766ae8ed038723","2026-03-17T12:28:21.734000","2026-04-16T23:02:54.940000","service_eb508f39-ce3d-4391-bb12-d4211c02ede9","false"
"NC-0000000073","2","0","0","2026-04-16T23:02:49.995Z","0","698c747aee05acfdd23ea578","music","2026-04-16T23:02:49.995Z","69b948e2cd3709f5deab6eb0","2026-03-17T12:28:18.320000","2026-04-16T23:02:50.534000","service_eb508f39-ce3d-4391-bb12-d4211c02ede9","false"
"NC-0000000013","1","0","0","2026-03-17T12:21:58.577Z","0","698c747aee05acfdd23ea578","music","2026-03-17T12:21:58.577Z","69b9476724e19a81c80673de","2026-03-17T12:21:59.064000","2026-03-17T12:21:59.064000","service_eb508f39-ce3d-4391-bb12-d4211c02ede9","false"
"NC-0000000013","1","0","0","2026-03-17T12:21:56.110Z","0","69b48a2b7d5c0db589c6bb1c","music","2026-03-17T12:21:56.110Z","69b9476460678134c58e68a9","2026-03-17T12:21:56.686000","2026-03-17T12:21:56.686000","service_eb508f39-ce3d-4391-bb12-d4211c02ede9","false"
"NC-0000000068","1","0","0","2026-03-16T23:47:53.602Z","0","698dd1b2193c860027a3457a","music","2026-03-16T23:47:53.602Z","69b896aab6edfd3251a96102","2026-03-16T23:47:54.359000","2026-03-16T23:47:54.359000","service_eb508f39-ce3d-4391-bb12-d4211c02ede9","false"
"NC-0000000068","1","0","0","2026-03-16T23:47:51.315Z","0","69b8923e5da3bfb51a6a8594","music","2026-03-16T23:47:51.315Z","69b896a70493bd4a77ad465a","2026-03-16T23:47:51.980000","2026-03-16T23:47:51.980000","service_eb508f39-ce3d-4391-bb12-d4211c02ede9","false"
"NC-0000000196","2","0","0","2026-03-16T19:15:26.181Z","0","69b48a2b7d5c0db589c6bb1c","music","2026-03-16T19:15:26.181Z","69b856c1aad559e769716c2e","2026-03-16T19:15:13.059000","2026-03-16T19:15:27.743000","service_eb508f39-ce3d-4391-bb12-d4211c02ede9","false"
"NC-0000000196","2","0","0","2026-03-16T19:15:15.623Z","0","698d204286a5af9808991620","music","2026-03-16T19:15:15.623Z","69b856b892e832493d88ae4d","2026-03-16T19:15:04.985000","2026-03-16T19:15:16.173000","service_eb508f39-ce3d-4391-bb12-d4211c02ede9","false"
"NC-0000000002","3","0","0","2026-03-16T19:16:29.966Z","0","698d204286a5af9808991620","music","2026-03-16T19:16:29.966Z","69b85628347a2d0d4875cf1b","2026-03-16T19:12:40.478000","2026-03-16T19:16:30.401000","service_eb508f39-ce3d-4391-bb12-d4211c02ede9","false"
"NC-0000000002","3","0","0","2026-03-16T19:16:35.910Z","0","69b48a2b7d5c0db589c6bb1c","music","2026-03-16T19:16:35.910Z","69b8562556b5115cc56cc5c9","2026-03-16T19:12:37.932000","2026-03-16T19:16:36.402000","service_eb508f39-ce3d-4391-bb12-d4211c02ede9","false"
"NC-0000000038","1","0","0","2026-03-16T17:50:11.499Z","0","69b48a2b7d5c0db589c6bb1c","music","2026-03-16T17:50:11.499Z","69b842d30e93ca6cb4bb934e","2026-03-16T17:50:11.956000","2026-03-16T17:50:11.956000","service_eb508f39-ce3d-4391-bb12-d4211c02ede9","false"
"NC-0000000038","1","0","0","2026-03-16T17:50:05.064Z","0","698d204286a5af9808991620","music","2026-03-16T17:50:05.064Z","69b842cd0e28c9804e55bb95","2026-03-16T17:50:05.627000","2026-03-16T17:50:05.627000","service_eb508f39-ce3d-4391-bb12-d4211c02ede9","false"
"NC-0000000003","1","0","0","2026-03-16T17:47:40.280Z","0","69b48a2b7d5c0db589c6bb1c","music","2026-03-16T17:47:40.280Z","69b8423c89a73b04466394a4","2026-03-16T17:47:40.722000","2026-03-16T17:47:40.722000","service_eb508f39-ce3d-4391-bb12-d4211c02ede9","false"
"NC-0000000003","1","0","0","2026-03-16T17:47:34.569Z","0","698d204286a5af9808991620","music","2026-03-16T17:47:34.569Z","69b84237ecd26781fedc2370","2026-03-16T17:47:35.041000","2026-03-16T17:47:35.041000","service_eb508f39-ce3d-4391-bb12-d4211c02ede9","false"
"NC-0000000213","1","0","0","2026-03-16T17:36:38.020Z","0","698d204286a5af9808991620","music","2026-03-16T17:36:38.020Z","69b83fa69c054f49bd28220a","2026-03-16T17:36:38.569000","2026-03-16T17:36:38.569000","service_eb508f39-ce3d-4391-bb12-d4211c02ede9","false"
"NC-0000000213","1","0","0","2026-03-16T17:36:25.228Z","0","698c747aee05acfdd23ea578","music","2026-03-16T17:36:25.228Z","69b83f993fd766aac6143f27","2026-03-16T17:36:25.826000","2026-03-16T17:36:25.826000","service_eb508f39-ce3d-4391-bb12-d4211c02ede9","false"
"NC-0000000213","1","0","0","2026-03-16T17:36:20.865Z","0","69b48a2b7d5c0db589c6bb1c","music","2026-03-16T17:36:20.865Z","69b83f9550be55d3a3fc0a3b","2026-03-16T17:36:21.580000","2026-03-16T17:36:21.580000","service_eb508f39-ce3d-4391-bb12-d4211c02ede9","false"
"NC-0000000155","1","0","0","2026-03-16T15:08:08.371Z","0","69b48a2b7d5c0db589c6bb1c","music","2026-03-16T15:08:08.371Z","69b81cd89075ac3f2a6f26d7","2026-03-16T15:08:08.913000","2026-03-16T15:08:08.913000","service_eb508f39-ce3d-4391-bb12-d4211c02ede9","false"
"NC-0000000148","2","0","0","2026-03-15T02:37:45.771Z","0","698c747aee05acfdd23ea578","video","2026-03-15T02:37:45.771Z","69b61b7660581d74c2e1f967","2026-03-15T02:37:42.387000","2026-03-15T02:37:46.230000","service_eb508f39-ce3d-4391-bb12-d4211c02ede9","false"
"NC-0000000148","2","0","0","2026-03-15T02:37:43.828Z","0","69b5fabdcdff0f2e42039d46","video","2026-03-15T02:37:43.828Z","69b61b742309da031f5c8fc7","2026-03-15T02:37:40.446000","2026-03-15T02:37:44.301000","service_eb508f39-ce3d-4391-bb12-d4211c02ede9","false"
"NC-0000000080","2","0","0","2026-03-14T15:50:41.474Z","0","698dd1b2193c860027a3457a","music","2026-03-14T15:50:41.474Z","69b583c66247cb806aa1128d","2026-03-14T15:50:30.526000","2026-03-14T15:50:41.947000","service_eb508f39-ce3d-4391-bb12-d4211c02ede9","false"
"NC-0000000080","2","0","0","2026-03-14T15:50:39.150Z","0","698dbbf753d545317578c200","music","2026-03-14T15:50:39.150Z","69b583c35cd2d6c47f6d9df4","2026-03-14T15:50:27.056000","2026-03-14T15:50:39.642000","service_eb508f39-ce3d-4391-bb12-d4211c02ede9","false"
"NC-0000000080","2","0","0","2026-03-14T15:50:35.924Z","0","698c747aee05acfdd23ea578","music","2026-03-14T15:50:35.924Z","69b583bfdacac8f16f5dfa45","2026-03-14T15:50:23.698000","2026-03-14T15:50:36.468000","service_eb508f39-ce3d-4391-bb12-d4211c02ede9","false"
"NC-0000000300","1","0","0","2026-03-14T15:05:47.273Z","0","698d204286a5af9808991620","music","2026-03-14T15:05:47.273Z","69b5794cb119798cb5ebd61a","2026-03-14T15:05:48.105000","2026-03-14T15:05:48.105000","service_eb508f39-ce3d-4391-bb12-d4211c02ede9","false"
"NC-0000000300","1","0","0","2026-03-14T15:05:45.489Z","0","698dc6f781b400b640a229f6","music","2026-03-14T15:05:45.489Z","69b5794a6c20a3201ce26235","2026-03-14T15:05:46.055000","2026-03-14T15:05:46.055000","service_eb508f39-ce3d-4391-bb12-d4211c02ede9","false"
"NC-0000000300","1","0","0","2026-03-14T15:05:43.769Z","0","698dd1b2193c860027a3457a","music","2026-03-14T15:05:43.769Z","69b5794806084371a4b0da65","2026-03-14T15:05:44.362000","2026-03-14T15:05:44.362000","service_eb508f39-ce3d-4391-bb12-d4211c02ede9","false"
"NC-0000000300","1","0","0","2026-03-14T15:05:41.740Z","0","69b48a2b7d5c0db589c6bb1c","music","2026-03-14T15:05:41.740Z","69b57946fee723b211d41de0","2026-03-14T15:05:42.389000","2026-03-14T15:05:42.389000","service_eb508f39-ce3d-4391-bb12-d4211c02ede9","false"
"NC-0000000300","1","0","0","2026-03-14T15:05:40.126Z","0","698dbbf753d545317578c200","music","2026-03-14T15:05:40.126Z","69b579445deea660728ced6a","2026-03-14T15:05:40.618000","2026-03-14T15:05:40.618000","service_eb508f39-ce3d-4391-bb12-d4211c02ede9","false"
"NC-0000000300","1","0","0","2026-03-14T15:05:35.229Z","0","698c747aee05acfdd23ea578","music","2026-03-14T15:05:35.229Z","69b5793f56508e1d981b5d5d","2026-03-14T15:05:35.845000","2026-03-14T15:05:35.845000","service_eb508f39-ce3d-4391-bb12-d4211c02ede9","false"
"NC-0000000071","1","0","0","2026-03-14T00:27:29.262Z","0","69b4a88ad33793adbf168b20","music","2026-03-14T00:27:29.262Z","69b4ab71877f3063d013b91e","2026-03-14T00:27:29.813000","2026-03-14T00:27:29.813000","service_eb508f39-ce3d-4391-bb12-d4211c02ede9","false"
"NC-0000000071","1","0","0","2026-03-14T00:27:23.527Z","0","698d204286a5af9808991620","music","2026-03-14T00:27:23.527Z","69b4ab6b712ed89537f911ac","2026-03-14T00:27:23.970000","2026-03-14T00:27:23.970000","service_eb508f39-ce3d-4391-bb12-d4211c02ede9","false"
"NC-0000000071","1","0","0","2026-03-14T00:27:20.776Z","0","69b4a8115562898f235bf638","music","2026-03-14T00:27:20.776Z","69b4ab692ee3bb595d24ba03","2026-03-14T00:27:21.283000","2026-03-14T00:27:21.283000","service_eb508f39-ce3d-4391-bb12-d4211c02ede9","false"
"NC-0000000071","1","0","0","2026-03-14T00:27:18.216Z","0","69b48a2b7d5c0db589c6bb1c","music","2026-03-14T00:27:18.216Z","69b4ab669a47a3d820e4fe60","2026-03-14T00:27:18.731000","2026-03-14T00:27:18.731000","service_eb508f39-ce3d-4391-bb12-d4211c02ede9","false"
"NC-0000000059","1","0","0","2026-03-13T22:09:59.250Z","0","69b48a2b7d5c0db589c6bb1c","music","2026-03-13T22:09:59.250Z","69b48b37f1a3de7bf9957606","2026-03-13T22:09:59.749000","2026-03-13T22:09:59.749000","service_eb508f39-ce3d-4391-bb12-d4211c02ede9","false"
"NC-0000000059","1","0","0","2026-03-13T22:09:57.000Z","0","698dd1b2193c860027a3457a","music","2026-03-13T22:09:57.000Z","69b48b35207bc702e76c65ea","2026-03-13T22:09:57.516000","2026-03-13T22:09:57.516000","service_eb508f39-ce3d-4391-bb12-d4211c02ede9","false"
"NC-0000000010","1","0","0","2026-03-13T15:12:58.799Z","0","698d204286a5af9808991620","music","2026-03-13T15:12:58.799Z","69b4297ba58c516e8296a9bf","2026-03-13T15:12:59.270000","2026-03-13T15:12:59.270000","service_eb508f39-ce3d-4391-bb12-d4211c02ede9","false"
"NC-0000000010","1","0","0","2026-03-13T15:12:57.246Z","0","698dbbf753d545317578c200","music","2026-03-13T15:12:57.246Z","69b42979750cbb081a1a5abf","2026-03-13T15:12:57.772000","2026-03-13T15:12:57.772000","service_eb508f39-ce3d-4391-bb12-d4211c02ede9","false"
"NC-0000000010","1","0","0","2026-03-13T15:12:55.375Z","0","698c747aee05acfdd23ea578","music","2026-03-13T15:12:55.375Z","69b429774e800bfe461daaa5","2026-03-13T15:12:55.904000","2026-03-13T15:12:55.904000","service_eb508f39-ce3d-4391-bb12-d4211c02ede9","false"
"NC-0000000010","1","0","0","2026-03-13T15:12:53.374Z","0","698dd1b2193c860027a3457a","music","2026-03-13T15:12:53.374Z","69b42975962bca51f170d210","2026-03-13T15:12:53.896000","2026-03-13T15:12:53.896000","service_eb508f39-ce3d-4391-bb12-d4211c02ede9","false"
"NC-0000000075","1","0","0","2026-03-13T13:52:47.141Z","0","698d204286a5af9808991620","music","2026-03-13T13:52:47.141Z","69b416afd756120f9eb9fa31","2026-03-13T13:52:47.613000","2026-03-13T13:52:47.613000","service_eb508f39-ce3d-4391-bb12-d4211c02ede9","false"
"NC-0000000075","1","0","0","2026-03-13T13:52:45.328Z","0","698c747aee05acfdd23ea578","music","2026-03-13T13:52:45.328Z","69b416ada438eedef1d73004","2026-03-13T13:52:45.814000","2026-03-13T13:52:45.814000","service_eb508f39-ce3d-4391-bb12-d4211c02ede9","false"
"NC-0000000075","1","0","0","2026-03-13T13:52:43.495Z","0","698dd1b2193c860027a3457a","music","2026-03-13T13:52:43.495Z","69b416ab4fb8ff8e0ae75dae","2026-03-13T13:52:43.975000","2026-03-13T13:52:43.975000","service_eb508f39-ce3d-4391-bb12-d4211c02ede9","false"
"NC-0000000122","2","0","0","2026-04-08T23:49:55.256Z","0","698d204286a5af9808991620","humour","2026-04-08T23:49:55.256Z","69b40fafc838d4b21ddd1206","2026-03-13T13:22:55.533000","2026-04-08T23:49:55.826000","service_eb508f39-ce3d-4391-bb12-d4211c02ede9","false"
"NC-0000000122","1","0","0","2026-03-13T13:22:52.865Z","0","698dd1b2193c860027a3457a","humour","2026-03-13T13:22:52.865Z","69b40fad0cace5c6e76a6fd8","2026-03-13T13:22:53.332000","2026-03-13T13:22:53.332000","service_eb508f39-ce3d-4391-bb12-d4211c02ede9","false"
"NC-0000000122","1","0","0","2026-03-13T13:22:50.787Z","0","698c747aee05acfdd23ea578","humour","2026-03-13T13:22:50.787Z","69b40fab204640a23e532dfd","2026-03-13T13:22:51.334000","2026-03-13T13:22:51.334000","service_eb508f39-ce3d-4391-bb12-d4211c02ede9","false"
"NC-0000000249","1","0","0","2026-03-12T22:28:18.949Z","0","698d204286a5af9808991620","humour","2026-03-12T22:28:18.949Z","69b33e049e0335c3ce163aa3","2026-03-12T22:28:20.027000","2026-03-12T22:28:20.027000","service_eb508f39-ce3d-4391-bb12-d4211c02ede9","false"
"NC-0000000249","1","0","0","2026-03-12T22:28:16.866Z","0","698dd1b2193c860027a3457a","humour","2026-03-12T22:28:16.866Z","69b33e017fcec8f13731f80d","2026-03-12T22:28:17.413000","2026-03-12T22:28:17.413000","service_eb508f39-ce3d-4391-bb12-d4211c02ede9","false"
"NC-0000000249","2","0","0","2026-03-12T22:23:57.664Z","0","698c747aee05acfdd23ea578","music","2026-03-12T22:23:57.664Z","69b33cfd37423c1ccd287d30","2026-03-12T22:23:57.196000","2026-03-12T22:23:58.338000","service_eb508f39-ce3d-4391-bb12-d4211c02ede9","false"
"NC-0000000249","3","0","0","2026-03-12T22:24:06.958Z","0","698d204286a5af9808991620","music","2026-03-12T22:24:06.958Z","69b33bfa5f2df0ed3130f9ca","2026-03-12T22:19:38.918000","2026-03-12T22:24:07.546000","service_eb508f39-ce3d-4391-bb12-d4211c02ede9","false"
"NC-0000000249","2","0","0","2026-04-17T17:40:11.705Z","0","698dd1b2193c860027a3457a","music","2026-04-17T17:40:11.705Z","69b33bf7ad52eaf9e1923139","2026-03-12T22:19:35.403000","2026-04-17T17:40:12.261000","service_eb508f39-ce3d-4391-bb12-d4211c02ede9","false"
"NC-0000000122","1","0","0","2026-03-12T21:56:30.152Z","0","698dd1b2193c860027a3457a","music","2026-03-12T21:56:30.152Z","69b3368f916a3919f5509fa5","2026-03-12T21:56:31.986000","2026-03-12T21:56:31.986000","service_eb508f39-ce3d-4391-bb12-d4211c02ede9","false"
"NC-0000000067","1","0","0","2026-03-12T21:48:33.087Z","0","698d204286a5af9808991620","music","2026-03-12T21:48:33.087Z","69b334b13d3adee46825bf77","2026-03-12T21:48:33.855000","2026-03-12T21:48:33.855000","service_eb508f39-ce3d-4391-bb12-d4211c02ede9","false"
"NC-0000000067","1","0","0","2026-03-12T21:48:30.481Z","0","698dd1b2193c860027a3457a","music","2026-03-12T21:48:30.481Z","69b334af2ed6df29eea85bbe","2026-03-12T21:48:31.022000","2026-03-12T21:48:31.022000","service_eb508f39-ce3d-4391-bb12-d4211c02ede9","false"
"NC-0000000122","2","0","0","2026-03-12T21:38:47.353Z","0","698dbbf753d545317578c200","music","2026-03-12T21:38:47.353Z","69b330c9671ded5c85b7f6d6","2026-03-12T21:31:53.969000","2026-03-12T21:38:47.908000","service_eb508f39-ce3d-4391-bb12-d4211c02ede9","false"
"NC-0000000122","4","0","0","2026-03-12T21:56:33.512Z","0","698d204286a5af9808991620","music","2026-03-12T21:56:33.512Z","69b32dfd892f1695f362a54a","2026-03-12T21:19:57.964000","2026-03-12T21:56:34.184000","service_eb508f39-ce3d-4391-bb12-d4211c02ede9","false"
"NC-0000000122","3","0","0","2026-04-28T18:59:40.094Z","0","698c747aee05acfdd23ea578","music","2026-04-28T18:59:40.094Z","69b32df539e66cd89f0578f3","2026-03-12T21:19:49.754000","2026-04-28T18:59:40.628000","service_eb508f39-ce3d-4391-bb12-d4211c02ede9","false"
"NC-0000000261","1","0","0","2026-03-11T01:58:53.526Z","0","698dbbf753d545317578c200","humour","2026-03-11T01:58:53.526Z","69b0cc5e444f6922e948aa91","2026-03-11T01:58:54.364000","2026-03-11T01:58:54.364000","service_eb508f39-ce3d-4391-bb12-d4211c02ede9","false"
"NC-0000000261","1","0","0","2026-03-11T01:58:51.789Z","0","698c747aee05acfdd23ea578","humour","2026-03-11T01:58:51.789Z","69b0cc5ccd57f2186eb269ea","2026-03-11T01:58:52.258000","2026-03-11T01:58:52.258000","service_eb508f39-ce3d-4391-bb12-d4211c02ede9","false"
"NC-0000000261","1","0","0","2026-03-11T01:58:50.444Z","0","698d204286a5af9808991620","humour","2026-03-11T01:58:50.444Z","69b0cc5ab44f23cf79290d79","2026-03-11T01:58:50.885000","2026-03-11T01:58:50.885000","service_eb508f39-ce3d-4391-bb12-d4211c02ede9","false"
"NC-0000000225","1","0","0","2026-03-11T01:08:32.393Z","0","698dbbf753d545317578c200","music","2026-03-11T01:08:32.393Z","69b0c090717e43403eb13a8b","2026-03-11T01:08:32.819000","2026-03-11T01:08:32.819000","service_eb508f39-ce3d-4391-bb12-d4211c02ede9","false"
"NC-0000000225","1","0","0","2026-03-11T01:08:30.557Z","0","698d204286a5af9808991620","music","2026-03-11T01:08:30.557Z","69b0c08f248f066f59512ac5","2026-03-11T01:08:31.066000","2026-03-11T01:08:31.066000","service_eb508f39-ce3d-4391-bb12-d4211c02ede9","false"
"NC-0000000012","1","0","0","2026-03-06T19:42:22.385Z","0","698dd1b2193c860027a3457a","music","2026-03-06T19:42:22.385Z","69ab2e1e83c9693dc706f652","2026-03-06T19:42:22.841000","2026-03-06T19:42:22.841000","service_eb508f39-ce3d-4391-bb12-d4211c02ede9","false"
"NC-0000000012","1","0","0","2026-03-06T19:42:18.637Z","0","698d204286a5af9808991620","music","2026-03-06T19:42:18.637Z","69ab2e1bc645b3191b8c646e","2026-03-06T19:42:19.458000","2026-03-06T19:42:19.458000","service_eb508f39-ce3d-4391-bb12-d4211c02ede9","false"
"NC-0000000090","1","0","0","2026-03-05T22:39:10.853Z","0","698c747aee05acfdd23ea578","music","2026-03-05T22:39:10.853Z","69aa060ff147fc00cec85201","2026-03-05T22:39:11.481000","2026-03-05T22:39:11.481000","service_eb508f39-ce3d-4391-bb12-d4211c02ede9","false"
"NC-0000000047","1","0","0","2026-03-05T19:36:32.238Z","0","698c747aee05acfdd23ea578","music","2026-03-05T19:36:32.238Z","69a9db4061ba74292354d91c","2026-03-05T19:36:32.771000","2026-03-05T19:36:32.771000","service_eb508f39-ce3d-4391-bb12-d4211c02ede9","false"
"NC-0000000047","1","0","0","2026-03-05T19:36:27.805Z","0","698d204286a5af9808991620","music","2026-03-05T19:36:27.805Z","69a9db3c27d91eff6046a888","2026-03-05T19:36:28.315000","2026-03-05T19:36:28.315000","service_eb508f39-ce3d-4391-bb12-d4211c02ede9","false"
"NC-0000000105","1","0","0","2026-03-05T17:36:27.727Z","0","698d204286a5af9808991620","music","2026-03-05T17:36:27.727Z","69a9bf1c44a8992eb55cf8c8","2026-03-05T17:36:28.193000","2026-03-05T17:36:28.193000","service_eb508f39-ce3d-4391-bb12-d4211c02ede9","false"
"NC-0000000105","1","0","0","2026-03-05T17:36:25.555Z","0","698dbd987dbcc355eec0ff7c","music","2026-03-05T17:36:25.555Z","69a9bf1a094d375c24102258","2026-03-05T17:36:26.032000","2026-03-05T17:36:26.032000","service_eb508f39-ce3d-4391-bb12-d4211c02ede9","false"
"NC-0000000019","1","0","0","2026-03-04T15:00:26.836Z","0","698dd1b2193c860027a3457a","music","2026-03-04T15:00:26.836Z","69a8490bb2401f3f9cf1506d","2026-03-04T15:00:27.268000","2026-03-04T15:00:27.268000","service_eb508f39-ce3d-4391-bb12-d4211c02ede9","false"
"NC-0000000102","1","0","0","2026-03-03T22:58:58.520Z","0","698dd1b2193c860027a3457a","music","2026-03-03T22:58:58.520Z","69a767b27c7d07881fe56b55","2026-03-03T22:58:58.978000","2026-03-03T22:58:58.978000","service_eb508f39-ce3d-4391-bb12-d4211c02ede9","false"
"NC-0000000102","1","0","0","2026-03-03T22:58:55.990Z","0","698d204286a5af9808991620","music","2026-03-03T22:58:55.990Z","69a767b04f74512611252774","2026-03-03T22:58:56.461000","2026-03-03T22:58:56.461000","service_eb508f39-ce3d-4391-bb12-d4211c02ede9","false"
"NC-0000000090","2","0","0","2026-03-03T22:54:40.366Z","0","698dd1b2193c860027a3457a","music","2026-03-03T22:54:40.366Z","69a766988f7a13624fc5668e","2026-03-03T22:54:16.317000","2026-03-03T22:54:40.872000","service_eb508f39-ce3d-4391-bb12-d4211c02ede9","false"
"NC-0000000090","3","0","0","2026-03-05T22:39:21.326Z","0","698d204286a5af9808991620","music","2026-03-05T22:39:21.326Z","69a766931e81ed0938da94ae","2026-03-03T22:54:11.677000","2026-03-05T22:39:21.871000","service_eb508f39-ce3d-4391-bb12-d4211c02ede9","false"
"NC-0000000068","2","0","0","2026-03-02T23:48:46.164Z","0","698dbbf753d545317578c200","video","2026-03-02T23:48:46.164Z","69a621d38a6f3ef841e8b85e","2026-03-02T23:48:35.461000","2026-03-02T23:48:46.620000","service_eb508f39-ce3d-4391-bb12-d4211c02ede9","false"
"NC-0000000068","2","0","0","2026-03-02T23:48:40.272Z","0","698c747aee05acfdd23ea578","video","2026-03-02T23:48:40.272Z","69a621cc36ce3c957210ed00","2026-03-02T23:48:28.268000","2026-03-02T23:48:40.766000","service_eb508f39-ce3d-4391-bb12-d4211c02ede9","false"
"NC-0000000068","2","0","0","2026-03-02T23:48:30.853Z","0","69a61f43b0417a586eff8791","video","2026-03-02T23:48:30.853Z","69a621c3448f87585b65f160","2026-03-02T23:48:19.416000","2026-03-02T23:48:31.418000","service_eb508f39-ce3d-4391-bb12-d4211c02ede9","false"
"NC-0000000159","2","0","0","2026-03-02T23:28:06.715Z","0","698c747aee05acfdd23ea578","music","2026-03-02T23:28:06.715Z","69a61cfa446fbb82f90d98d0","2026-03-02T23:27:54.118000","2026-03-02T23:28:07.252000","service_eb508f39-ce3d-4391-bb12-d4211c02ede9","false"
"NC-0000000159","2","0","0","2026-03-02T23:28:03.369Z","0","698dbbf753d545317578c200","music","2026-03-02T23:28:03.369Z","69a61cf64a39f7721a32086d","2026-03-02T23:27:50.538000","2026-03-02T23:28:04.022000","service_eb508f39-ce3d-4391-bb12-d4211c02ede9","false"
"NC-0000000019","2","0","0","2026-03-04T15:00:23.816Z","0","698dbbf753d545317578c200","music","2026-03-04T15:00:23.816Z","69a61942b856a6121a4d7b32","2026-03-02T23:12:02.962000","2026-03-04T15:00:24.318000","service_eb508f39-ce3d-4391-bb12-d4211c02ede9","false"
"NC-0000000019","2","0","0","2026-03-02T23:12:05.755Z","0","698d204286a5af9808991620","music","2026-03-02T23:12:05.755Z","69a31a6db43763a93e843fa0","2026-02-28T16:40:13.055000","2026-03-02T23:12:06.402000","service_eb508f39-ce3d-4391-bb12-d4211c02ede9","false"
"NC-0000000019","1","0","0","2026-02-28T16:40:06.498Z","0","698c747aee05acfdd23ea578","music","2026-02-28T16:40:06.498Z","69a31a677b6e8e6a35e08f35","2026-02-28T16:40:07.013000","2026-02-28T16:40:07.013000","service_eb508f39-ce3d-4391-bb12-d4211c02ede9","false"
"NC-0000000148","2","0","0","2026-04-18T15:54:31.606Z","0","698d204286a5af9808991620","music","2026-04-18T15:54:31.606Z","69a3196c05fd1f1d4b232205","2026-02-28T16:35:56.763000","2026-04-18T15:54:32.287000","service_eb508f39-ce3d-4391-bb12-d4211c02ede9","false"
"NC-0000000148","2","0","0","2026-04-18T15:54:34.852Z","0","698c747aee05acfdd23ea578","music","2026-04-18T15:54:34.852Z","69a3196ae03f5b8f17c429d6","2026-02-28T16:35:54.793000","2026-04-18T15:54:35.345000","service_eb508f39-ce3d-4391-bb12-d4211c02ede9","false"
"NC-0000000019","1","0","0","2026-02-28T16:02:35.204Z","0","69a3105457642cd985a208eb","video","2026-02-28T16:02:35.204Z","69a3119bc999cff2c6313ca5","2026-02-28T16:02:35.757000","2026-02-28T16:02:35.757000","service_eb508f39-ce3d-4391-bb12-d4211c02ede9","false"
"NC-0000000019","2","0","0","2026-02-28T16:02:37.043Z","0","698d204286a5af9808991620","video","2026-02-28T16:02:37.043Z","69a30677c351d4b137445dae","2026-02-28T15:15:03.249000","2026-02-28T16:02:37.578000","service_eb508f39-ce3d-4391-bb12-d4211c02ede9","false"
"NC-0000000019","1","0","0","2026-02-28T15:14:56.075Z","0","698c747aee05acfdd23ea578","video","2026-02-28T15:14:56.075Z","69a306708f4dfe36352ad4c1","2026-02-28T15:14:56.548000","2026-02-28T15:14:56.548000","service_eb508f39-ce3d-4391-bb12-d4211c02ede9","false"
"NC-0000000152","1","0","0","2026-02-24T00:45:37.061Z","0","6992452c5bcc41af3a3296fa","music","2026-02-24T00:45:37.061Z","699cf4b1ce2556caaebc803f","2026-02-24T00:45:37.611000","2026-02-24T00:45:37.611000","service_eb508f39-ce3d-4391-bb12-d4211c02ede9","false"
"NC-0000000155","3","0","0","2026-03-16T15:08:18.329Z","0","698c747aee05acfdd23ea578","music","2026-03-16T15:08:18.329Z","699cef93f5fa8234999c76f4","2026-02-24T00:23:47.191000","2026-03-16T15:08:18.972000","service_eb508f39-ce3d-4391-bb12-d4211c02ede9","false"
"NC-0000000155","2","0","0","2026-02-28T14:41:03.597Z","0","698dd1b2193c860027a3457a","music","2026-02-28T14:41:03.597Z","699cef910147727c4e442752","2026-02-24T00:23:45.409000","2026-02-28T14:41:04.171000","service_eb508f39-ce3d-4391-bb12-d4211c02ede9","false"
"NC-0000000155","1","0","0","2026-02-24T00:23:43.156Z","0","698dbbf753d545317578c200","music","2026-02-24T00:23:43.156Z","699cef8fb26e4167a0f3e7b0","2026-02-24T00:23:43.652000","2026-02-24T00:23:43.652000","service_eb508f39-ce3d-4391-bb12-d4211c02ede9","false"
"NC-0000000155","3","0","0","2026-03-16T15:08:11.581Z","0","698d204286a5af9808991620","music","2026-03-16T15:08:11.581Z","699cef8d3099d242645ba7c6","2026-02-24T00:23:41.803000","2026-03-16T15:08:12.069000","service_eb508f39-ce3d-4391-bb12-d4211c02ede9","false"
"NC-0000000161","2","0","0","2026-02-23T23:53:19.564Z","0","698dd1b2193c860027a3457a","music","2026-02-23T23:53:19.564Z","699ce02bfba5a008dd08a513","2026-02-23T23:18:03.005000","2026-02-23T23:53:19.938000","service_eb508f39-ce3d-4391-bb12-d4211c02ede9","false"
"NC-0000000161","2","0","0","2026-02-23T23:53:21.354Z","0","698d204286a5af9808991620","music","2026-02-23T23:53:21.354Z","699ce029dfdf0503907425f6","2026-02-23T23:18:01.396000","2026-02-23T23:53:21.769000","service_eb508f39-ce3d-4391-bb12-d4211c02ede9","false"
"NC-0000000152","1","0","0","2026-02-23T23:11:50.615Z","0","698d204286a5af9808991620","music","2026-02-23T23:11:50.615Z","699cdeb7e6861a0e0651d117","2026-02-23T23:11:51.015000","2026-02-23T23:11:51.015000","service_eb508f39-ce3d-4391-bb12-d4211c02ede9","false"
"NC-0000000021","1","0","0","2026-02-23T23:10:39.505Z","0","698d204286a5af9808991620","music","2026-02-23T23:10:39.505Z","699cde6fea1d03c3c687030a","2026-02-23T23:10:39.906000","2026-02-23T23:10:39.906000","service_eb508f39-ce3d-4391-bb12-d4211c02ede9","false"
"NC-0000000021","2","0","0","2026-02-23T12:40:55.559Z","0","698dd1b2193c860027a3457a","music","2026-02-23T12:40:55.559Z","699c4ad272b17fa454ce7545","2026-02-23T12:40:50.850000","2026-02-23T12:40:55.818000","service_eb508f39-ce3d-4391-bb12-d4211c02ede9","false"
"NC-0000000021","3","0","0","2026-02-23T23:10:37.643Z","0","698dbbf753d545317578c200","music","2026-02-23T23:10:37.643Z","699c4ad03e472f36fe8476fc","2026-02-23T12:40:48.658000","2026-02-23T23:10:38.058000","service_eb508f39-ce3d-4391-bb12-d4211c02ede9","false"
"NC-0000000149","4","0","0","2026-02-23T23:14:14.623Z","0","698dbbf753d545317578c200","music","2026-02-23T23:14:14.623Z","699b300b56985ea7b69f0533","2026-02-22T16:34:19.555000","2026-02-23T23:14:15.042000","service_eb508f39-ce3d-4391-bb12-d4211c02ede9","false"
"NC-0000000152","3","0","0","2026-02-22T16:15:12.806Z","0","698dd1b2193c860027a3457a","music","2026-02-22T16:15:12.806Z","699b2b830c213dee7f1007f2","2026-02-22T16:14:59.591000","2026-02-22T16:15:13.142000","service_eb508f39-ce3d-4391-bb12-d4211c02ede9","false"
"NC-0000000152","6","0","0","2026-02-23T23:11:48.609Z","0","698dbbf753d545317578c200","music","2026-02-23T23:11:48.609Z","699b2b821008c600028c33f1","2026-02-22T16:14:58.428000","2026-02-23T23:11:48.991000","service_eb508f39-ce3d-4391-bb12-d4211c02ede9","false"
"NC-0000000152","6","0","0","2026-02-24T00:45:38.780Z","0","698c747aee05acfdd23ea578","music","2026-02-24T00:45:38.780Z","699b2b810792822a647f0157","2026-02-22T16:14:57.028000","2026-02-24T00:45:39.216000","service_eb508f39-ce3d-4391-bb12-d4211c02ede9","false"
"NC-0000000149","5","0","0","2026-02-22T16:34:28.276Z","0","698c747aee05acfdd23ea578","music","2026-02-22T16:34:28.276Z","699b0572e9a849534ea0bb85","2026-02-22T13:32:34.255000","2026-02-22T16:34:28.728000","service_eb508f39-ce3d-4391-bb12-d4211c02ede9","false"
"NC-0000000149","4","0","0","2026-02-22T13:35:40.400Z","0","698d204286a5af9808991620","music","2026-02-22T13:35:40.400Z","699b002281bedfd6d5f26468","2026-02-22T13:09:54.720000","2026-02-22T13:35:41.849000","service_eb508f39-ce3d-4391-bb12-d4211c02ede9","false"
"NC-0000000149","10","0","0","2026-02-23T23:14:17.212Z","0","698dd1b2193c860027a3457a","music","2026-02-23T23:14:17.212Z","699b0021c85160c407b5bf05","2026-02-22T13:09:53.500000","2026-02-23T23:14:17.625000","service_eb508f39-ce3d-4391-bb12-d4211c02ede9","false"