vibe,coverImageUrl,timezone,arrondissement,geoLat,domainDominantKey,iconKey,type,geoLng,domainRanking,province,sotsRecent30Score,difficultyTier,totalVotes,domainKey,systemId,active,codePostal,sotsGlobalScore,styleTags,radiusKm,name,adresse,parentCheckpointId,pays,id,created_date,updated_date,created_by_id,is_sample
"","","America/Toronto","Ville-Marie","45.50202797441472","music","","Bar","-73.56812778124018","[{""weight"":0.5,""key"":""music""},{""weight"":0.25,""key"":""humour""},{""weight"":0.25,""key"":""responsable""}]","QC","0","","0","","NC-0000000310","true","H3B 4M7","0","[]","5","Le Cathcart","1 Pl. Monseigneur Charbonneau","","CA","69e25c85810073bd0cc58d7f","2026-04-17T16:15:01.241000","2026-04-20T14:45:38.274000","698c747aee05acfdd23ea578","false"
"","https://res.cloudinary.com/dnp8eionl/image/upload/v1774990470/microrave/avatars/auxcfh2t5xbwpcyfdmw1.jpg","America/Toronto","Verdun","45.4575903797077","video","🍻","Bar","-73.5673033573718","[{""weight"":0.4,""key"":""video""},{""weight"":0.4,""key"":""music""},{""weight"":0.2,""key"":""humour""}]","QC","0","","0","","NC-0000000049","true","H4G 1X3","0","[]","0.1","LE TREFLE DE VERDUN","4718 rue Wellington","","CA","69ce5852314e03da4ab945df","2026-04-02T11:51:46.974000","2026-04-20T14:45:49.072000","698c747aee05acfdd23ea578","false"
"","https://res.cloudinary.com/dnp8eionl/image/upload/v1774923865/109815660_1601079540066084_6688472391026923768_n_kyb89w.jpg","America/Toronto","Le Sud-Ouest","45.46976085817531","video","🍻","Bar","-73.58100932206187","[{""weight"":1,""key"":""video""}]","QC","0","","0","","NC-0000000033","true","","0","[]","0.1","Messorem","2233 rue Pitt","","CA","69ce5852314e03da4ab945e7","2026-04-02T11:51:46.974000","2026-04-20T14:46:08.053000","698c747aee05acfdd23ea578","false"
"","","America/Toronto","Ville-Marie","45.49710680336271","","🍻","Bar","-73.564762235236","[]","QC","0","","0","","NC-0000000145","false","H3C 1K1","0","[]","0.1","Time Super Club","997 Rue Saint-Jacques door 1A","","CA","69ce5852314e03da4ab945f8","2026-04-02T11:51:46.974000","2026-04-02T11:51:46.974000","698c747aee05acfdd23ea578","false"
"","https://res.cloudinary.com/dnp8eionl/image/upload/v1774923865/323199473_2760127697452103_8846627555624877798_n_t6bn0t.jpg","America/Toronto","Côte-des-Neiges-Notre-Dame-de-Grâce","45.4982349449837","humour","🍺","Pub","-73.62613674941608","[{""weight"":0.5,""key"":""humour""},{""weight"":0.5,""key"":""music""}]","QC","0","","0","","NC-0000000057","true","","0","[]","0.1","LA RETENUE BAR","5615 chemin de la Côte-des-Neiges","","CA","69ce5852314e03da4ab94604","2026-04-02T11:51:46.974000","2026-04-20T14:45:43.363000","698c747aee05acfdd23ea578","false"
"underground","https://res.cloudinary.com/dnp8eionl/image/upload/v1774923865/587604254_18318511831216858_1228756440731377792_n_j3xkzr.jpg","America/Toronto","Ville-Marie","45.49970495067229","music","🍻","Bar","-73.55619437650876","[{""weight"":0.3333,""key"":""music""},{""weight"":0.3333,""key"":""humour""},{""weight"":0.3333,""key"":""art""}]","QC","0","1","0","","NC-0000000073","true","H2Y 2E5","0","[]","0.1","NhauBar","600 Rue William","","CA","69ce5852314e03da4ab9460b","2026-04-02T11:51:46.974000","2026-04-20T14:45:44.947000","698c747aee05acfdd23ea578","false"
"","","America/Toronto","Verdun","45.46280873355341","","🍺","Pub","-73.57119238033103","[]","QC","0","","0","","NC-0000000034","false","H4G 1L3","0","[]","0.1","Church st- Pub.","552 rue de Verdun","","CA","69ce5852314e03da4ab945e1","2026-04-02T11:51:46.974000","2026-04-02T11:51:46.974000","698c747aee05acfdd23ea578","false"
"underground","","America/Toronto","Le Sud-Ouest","45.46756821234086","","🍻","Bar","-73.59081190361482","[]","QC","0","1","0","","NC-0000000001","false","","0","[]","0.1","Terrasse St-Ambroise","5080 rue Saint-Ambroise","","CA","69ce5852314e03da4ab945e4","2026-04-02T11:51:46.974000","2026-04-02T11:51:46.974000","698c747aee05acfdd23ea578","false"
"underground","https://res.cloudinary.com/dnp8eionl/image/upload/v1774922090/469089413_1226133975165934_3583599513730524292_n_pswuym.jpg","America/Toronto","Le Sud-Ouest","45.49726849050405","music","👩‍💻","Coworking","-73.56180453065372","[{""weight"":1,""key"":""music""}]","QC","0","1","0","","NC-0000000191","true","","0","[]","0.1","Espace rodier","932 rue Notre-Dame O","","CA","69ce5852314e03da4ab945f9","2026-04-02T11:51:46.974000","2026-04-22T12:24:34.508000","698c747aee05acfdd23ea578","false"
"underground","https://res.cloudinary.com/dnp8eionl/image/upload/v1774923865/428587523_1766879153832113_4184195874077961259_n_t5hwxl.jpg","America/Toronto","Ville-Marie","45.4980931760618","","🍻","Bar","-73.5778816925549","[]","QC","0","1","0","","NC-0000000113","true","","0","[]","0.1","Jet night Club","2020 rue Crescent","","CA","69ce5852314e03da4ab94603","2026-04-02T11:51:46.974000","2026-04-02T11:51:46.974000","698c747aee05acfdd23ea578","false"
"underground","https://res.cloudinary.com/dnp8eionl/image/upload/v1774923865/411285811_1419543982240620_3065316919578296948_n_h4m0x5.jpg","America/Toronto","Pierrefonds-Roxboro","45.46035924625969","","🍻","Bar","-73.86693530538345","[]","QC","0","1","0","","NC-0000000023","true","","0","[]","0.1","KIRKLAND RESTO BAR","3874 boulevard Saint-Charles","","CA","69ce5852314e03da4ab945e0","2026-04-02T11:51:46.974000","2026-04-02T11:51:46.974000","698c747aee05acfdd23ea578","false"
"","https://res.cloudinary.com/dnp8eionl/image/upload/v1774923865/435450768_408000648648384_1826128339600689065_n_erpxr4.jpg","America/Toronto","Le Sud-Ouest","45.48093297721239","","🛢️","Microbrasserie","-73.55250001402096","[]","QC","0","","0","","NC-0000000042","true","","0","[]","0.1","Les Sans-Taverne - Coop et Brasserie Artisanale","1900 rue Le Ber","","CA","69ce5852314e03da4ab945eb","2026-04-02T11:51:46.974000","2026-04-02T11:51:46.974000","698c747aee05acfdd23ea578","false"
"underground","","America/Toronto","Côte-des-Neiges-Notre-Dame-de-Grâce","45.484553506600214","","🍻","Bar","-73.62792846870387","[]","QC","0","1","0","","NC-0000000013","false","","0","[]","0.1","BAR SASKA","5202 chemin Queen-Mary","","CA","69ce5852314e03da4ab945ed","2026-04-02T11:51:46.974000","2026-04-02T11:51:46.974000","698c747aee05acfdd23ea578","false"
"","https://res.cloudinary.com/dnp8eionl/image/upload/v1774922090/148027084_1331571107200660_3524552729024704403_n_qsluhz.jpg","America/Toronto","Ville-Marie","45.495357588629766","video","🍻","Bar","-73.57637972321636","[{""weight"":1,""key"":""video""}]","QC","0","","0","","NC-0000000133","true","","0","[]","0.1","Upstairs Jazz Bar & Grill","","","CA","69ce5852314e03da4ab945f3","2026-04-02T11:51:46.974000","2026-04-20T14:46:09.635000","698c747aee05acfdd23ea578","false"
"underground","https://res.cloudinary.com/dnp8eionl/image/upload/v1774922090/50115160_346878455901660_8879386061713702912_n_ue15lw.jpg","America/Toronto","Le Sud-Ouest","45.49732295861433","","👩‍💻","Coworking","-73.56177673756294","[]","QC","0","1","0","","NC-0000000192","true","","0","[]","0.1","La piscine","914 rue Notre-Dame O","","CA","69ce5852314e03da4ab945fa","2026-04-02T11:51:46.974000","2026-04-02T11:51:46.974000","698c747aee05acfdd23ea578","false"
"","https://res.cloudinary.com/dnp8eionl/image/upload/v1774923865/270145178_693159718525494_27625706393656898_n_w72zqe.jpg","America/Toronto","Ville-Marie","45.49938250513681","music","🪩","Club","-73.55747949993125","[]","QC","0","","0","music","NC-0000000161","true","H3C 1L9","0","[]","0.1","STILLIFE","640 Rue St-Paul Ouest","","CA","69ce5852314e03da4ab94606","2026-04-02T11:51:46.974000","2026-04-02T11:51:46.974000","698c747aee05acfdd23ea578","false"
"underground","https://res.cloudinary.com/dnp8eionl/image/upload/v1774923865/11111111_fg6uux.jpg","America/Toronto","Côte-des-Neiges-Notre-Dame-de-Grâce","45.46870853376047","","🍺","Pub","-73.61888941735825","[]","QC","0","1","0","","NC-0000000016","true","","0","[]","0.1","Honey Martin Kavanagh","5916 rue Sherbrooke O","","CA","69ce5852314e03da4ab945e5","2026-04-02T11:51:46.974000","2026-04-02T11:51:46.974000","698c747aee05acfdd23ea578","false"
"","","America/Toronto","Le Sud-Ouest","45.47652570407238","","🍻","Bar","-73.58508785322738","[]","QC","0","","0","","NC-0000000170","false","","0","[]","0.1","Perron-Robitaille","4190 rue Notre-Dame O","","CA","69ce5852314e03da4ab945ea","2026-04-02T11:51:46.974000","2026-04-02T11:51:46.974000","698c747aee05acfdd23ea578","false"
"underground","https://res.cloudinary.com/dnp8eionl/image/upload/v1774922090/307795753_486506276419452_8340968905298104566_n_bdo5d6.jpg","America/Toronto","Ville-Marie","45.49581261137606","music","🍻","Bar","-73.5750419865239","[{""weight"":0.6667,""key"":""music""},{""weight"":0.3333,""key"":""humour""}]","QC","0","1","0","","NC-0000000104","true","","0","[]","0.1","Afro Lounge","1204 rue Bishop","","CA","69ce5852314e03da4ab945f4","2026-04-02T11:51:46.974000","2026-04-28T14:39:47.347000","698c747aee05acfdd23ea578","false"
"","https://res.cloudinary.com/dnp8eionl/image/upload/v1774923865/569268918_18548245327010207_1062840838255233430_n_l4il2j.jpg","America/Toronto","Ville-Marie","45.49798723210582","","🍻","Bar","-73.57702099898988","[]","QC","0","","0","","NC-0000000138","true","","0","[]","0.1","SIR WINSTON CHURCHILL PUB","1461 rue Crescent","","CA","69ce5852314e03da4ab94602","2026-04-02T11:51:46.974000","2026-04-02T11:51:46.974000","698c747aee05acfdd23ea578","false"
"","https://res.cloudinary.com/dnp8eionl/image/upload/v1774990398/microrave/avatars/v0bszn6zgh08jp96y6k6.jpg","America/Toronto","Verdun","45.46343974841523","","🛢️","Microbrasserie","-73.56676367060257","[]","QC","0","","0","","NC-0000000051","true","H4G 1V6","0","[]","0.1","BENELUX VERDUN","4026 rue Wellington","","CA","69ce5852314e03da4ab945e2","2026-04-02T11:51:46.974000","2026-04-02T11:51:46.974000","698c747aee05acfdd23ea578","false"
"","https://res.cloudinary.com/dnp8eionl/image/upload/v1774923865/472434321_458089920505742_3394494087220764793_n_cp1fhw.jpg","America/Toronto","Le Sud-Ouest","45.4713817834902","","🍻","Bar","-73.59021857305858","[]","QC","0","","0","","NC-0000000043","true","","0","[]","0.1","Bon délire","4855 rue Notre-Dame O","","CA","69ce5852314e03da4ab945e8","2026-04-02T11:51:46.974000","2026-04-02T11:51:46.974000","698c747aee05acfdd23ea578","false"
"","https://res.cloudinary.com/dnp8eionl/image/upload/v1774922090/20633600_139536143200998_2960597398960734208_a_rnhvjj.jpg","America/Toronto","Ville-Marie","45.489744027857924","","🍻","Bar","-73.56676020767824","[]","QC","0","","0","","NC-0000000052","true","","0","[]","0.1","LE PARLOIR - CAVES PRIVEES","424 rue Guy","","CA","69ce5852314e03da4ab945f0","2026-04-02T11:51:46.974000","2026-04-02T11:51:46.974000","698c747aee05acfdd23ea578","false"
"","","America/Toronto","Le Sud-Ouest","45.49208689890436","","🍻","Bar","-73.56531050888853","[]","QC","0","","0","","NC-0000000168","false","","0","[]","0.1","GESTIAS INC.","1370 rue Notre-Dame O","","CA","69ce5852314e03da4ab945f2","2026-04-02T11:51:46.974000","2026-04-02T11:51:46.974000","698c747aee05acfdd23ea578","false"
"underground","","America/Toronto","Côte-des-Neiges-Notre-Dame-de-Grâce","45.463521311139544","music","🍻","Bar","-73.62780981380936","[{""weight"":0.75,""key"":""music""},{""weight"":0.25,""key"":""humour""}]","QC","0","1","0","","NC-0000000004","false","","0","[]","0.1","Club la roue","3373 boulevard Cavendish","","CA","69ce5852314e03da4ab945e3","2026-04-02T11:51:46.974000","2026-04-02T11:51:46.974000","698c747aee05acfdd23ea578","false"
"","https://res.cloudinary.com/dnp8eionl/image/upload/v1774923865/495157979_17965630220910515_796663514611190205_n_sx0aw8.jpg","America/Toronto","Ville-Marie","45.497736744986994","music","🍻","Bar","","[]","QC","0","1","0","","NC-0000000300","true","H3G 2B6","0","[]","0.1","Mona Loa","1464 Rue Crescent","","CA","69ce5852314e03da4ab945fe","2026-04-02T11:51:46.974000","2026-04-02T11:51:46.974000","698c747aee05acfdd23ea578","false"
"","","America/Toronto","Ville-Marie","45.499529137788294","","📺","Radio et télévision","-73.56499879080583","[]","QC","0","","0","","NC-0000000214","false","","0","[]","0.1","Cogeco Média","800 rue De La Gauchetière O","","CA","69ce5852314e03da4ab9460a","2026-04-02T11:51:46.974000","2026-04-02T11:51:46.974000","698c747aee05acfdd23ea578","false"
"","https://res.cloudinary.com/dnp8eionl/image/upload/v1774922090/bdm-bg-white-logo_pshjom.jpg","America/Toronto","Le Sud-Ouest","45.48969775375878","humour","🛢️","Microbrasserie","-73.5643727529726","[{""weight"":1,""key"":""humour""}]","QC","0","","0","","NC-0000000054","true","","0","[]","0.1","BRASSEURS DE MONTREAL INC.","1483 rue Ottawa","","CA","69ce5852314e03da4ab945ef","2026-04-02T11:51:46.974000","2026-04-20T14:46:11.887000","698c747aee05acfdd23ea578","false"
"","https://res.cloudinary.com/dnp8eionl/image/upload/v1774923865/314001251_226530129716183_8614196091468249289_n_c3keuq.jpg","America/Toronto","Ville-Marie","45.49686380626082","humour","🍻","Bar","-73.57726491222932","[{""weight"":0.5,""key"":""humour""},{""weight"":0.5,""key"":""art""}]","QC","0","","0","","NC-0000000144","true","","0","[]","0.1","MCKIBBIN'S IRISH PUB","1426 rue Bishop","","CA","69ce5852314e03da4ab945f7","2026-04-02T11:51:46.974000","2026-04-20T14:46:11.069000","698c747aee05acfdd23ea578","false"
"","","America/Toronto","Ville-Marie","45.499529137788294","humour","📺","Radio et télévision","-73.56499879080583","[{""weight"":0.3333,""key"":""humour""},{""weight"":0.3333,""key"":""video""},{""weight"":0.3333,""key"":""music""}]","QC","0","","0","","NC-0000000213","false","","0","[]","0.1","98.5 FM","800 rue De La Gauchetière O","","CA","69ce5852314e03da4ab94607","2026-04-02T11:51:46.974000","2026-04-02T11:51:46.974000","698c747aee05acfdd23ea578","false"
"underground","","America/Toronto","Ville-Marie","45.49684258804528","","🍻","Bar","-73.57721890378579","[]","QC","0","1","0","","NC-0000000074","false","","0","[]","0.1","Speakeasy","1426 rue Bishop","","CA","69ce5852314e03da4ab945f6","2026-04-02T11:51:46.974000","2026-04-02T11:51:46.974000","698c747aee05acfdd23ea578","false"
"","https://res.cloudinary.com/dnp8eionl/image/upload/v1774923865/343951851_754168706360649_5814868038921060289_n_vvpl9y.jpg","America/Toronto","Ville-Marie","45.5002764244725","","🍻","Bar","-73.55987968059951","[]","QC","0","","0","","NC-0000000072","true","","0","[]","0.1","Hang","686 rue Notre-Dame O","","CA","69ce5852314e03da4ab9460c","2026-04-02T11:51:46.974000","2026-04-02T11:51:46.974000","698c747aee05acfdd23ea578","false"
"","https://res.cloudinary.com/dnp8eionl/image/upload/v1774923865/11084929_1571927413087812_1536789383_a_og5x1y.jpg","America/Toronto","Le Sud-Ouest","45.47287419929263","video","🍻","Bar","-73.58880143498752","[]","QC","0","","0","","NC-0000000056","true","","0","[]","0.1","BAR DE COURCELLE","4685 rue Notre-Dame O","","CA","69ce5852314e03da4ab945e9","2026-04-02T11:51:46.974000","2026-04-02T11:51:46.974000","698c747aee05acfdd23ea578","false"
"","https://res.cloudinary.com/dnp8eionl/image/upload/v1774923865/657261178_18427979434191520_3982869341241935453_n_bmwmel.jpg","America/Toronto","Ville-Marie","45.49650830155794","","👠","Cabaret","-73.57672360429362","[]","QC","0","1","0","","NC-0000000303","true","","0","[]","0.1","Le Monastère","1439 rue Sainte-Catherine O","","CA","69ce5852314e03da4ab945f5","2026-04-02T11:51:46.974000","2026-04-02T11:51:46.974000","698c747aee05acfdd23ea578","false"
"underground","https://res.cloudinary.com/dnp8eionl/image/upload/v1774923865/590429819_18547291318037457_2629474050368946052_n_ajamzg.jpg","America/Toronto","Ville-Marie","45.49785600426026","","🍻","Bar","-73.57741307178013","[]","QC","0","1","0","","NC-0000000111","true","H3G 2B6","0","[]","0.1","Électric Avenue","1476 Rue Crescent","","CA","69ce5852314e03da4ab94600","2026-04-02T11:51:46.974000","2026-04-02T11:51:46.974000","698c747aee05acfdd23ea578","false"
"","","America/Toronto","Ville-Marie","45.499529137788294","","📺","Radio et télévision","-73.56499879080583","[]","QC","0","","0","","NC-0000000211","false","","0","[]","0.1","CHMP","800 rue De La Gauchetière O","","CA","69ce5852314e03da4ab94609","2026-04-02T11:51:46.974000","2026-04-02T11:51:46.974000","698c747aee05acfdd23ea578","false"
"","https://res.cloudinary.com/dnp8eionl/image/upload/v1774923865/499047148_18062694491143023_6411126057472833330_n_ket9ju.jpg","America/Toronto","Ville-Marie","45.50029458170964","","🍻","Bar","-73.5758137780989","[]","QC","0","","0","","NC-0000000137","true","","0","[]","0.1","LA CANTINA","2022 rue Stanley","","CA","69ce5852314e03da4ab9460d","2026-04-02T11:51:46.974000","2026-04-02T11:51:46.974000","698c747aee05acfdd23ea578","false"
"","","America/Toronto","Le Sud-Ouest","45.4822664432716","","🍻","Bar","-73.57650242060879","[]","QC","0","","0","","NC-0000000055","false","","0","[]","0.1","BAR DRINKERIE SAINT-CUNEGONDE INC.","2657 rue Notre-Dame O","","CA","69ce5852314e03da4ab945ec","2026-04-02T11:51:46.974000","2026-04-02T11:51:46.974000","698c747aee05acfdd23ea578","false"
"underground","","America/Toronto","Ville-Marie","45.49785128443681","","🍻","Bar","-73.57672654409099","[]","QC","0","1","0","","NC-0000000082","false","","0","[]","0.1","Jack saloon","1449 rue Crescent","","CA","69ce5852314e03da4ab945ff","2026-04-02T11:51:46.974000","2026-04-02T11:51:46.974000","698c747aee05acfdd23ea578","false"
"","https://res.cloudinary.com/dnp8eionl/image/upload/v1774990261/microrave/avatars/ygihcxosqxvazavixgnd.jpg","America/Toronto","Verdun","45.457002901177496","music","🍻","Bar","-73.5673587388238","[]","QC","0","","0","","NC-0000000050","true","H4G 1X4","0","[]","0.1","Verdun Beach","4828 rue Wellington","","CA","69ce5852314e03da4ab945de","2026-04-02T11:51:46.974000","2026-04-02T11:51:46.974000","698c747aee05acfdd23ea578","false"
"","https://res.cloudinary.com/dnp8eionl/image/upload/v1774923865/53305639_378869216283294_1880822159522136064_n_imkg9y.jpg","America/Toronto","Le Sud-Ouest","45.48826652979577","music","🍻","Bar","-73.56843477206007","[]","QC","0","","0","","NC-0000000053","true","","0","[]","0.1","Le bird","1800 rue Notre-Dame O","","CA","69ce5852314e03da4ab945ee","2026-04-02T11:51:46.974000","2026-04-02T11:51:46.974000","698c747aee05acfdd23ea578","false"
"","https://res.cloudinary.com/dnp8eionl/image/upload/v1774922090/30076858_189898161793329_8620037691360149504_n_qkyzsi.jpg","America/Toronto","Côte-des-Neiges-Notre-Dame-de-Grâce","45.49755652871286","humour","🍻","Bar","-73.62245129506329","[{""weight"":0.5,""key"":""humour""},{""weight"":0.25,""key"":""music""},{""weight"":0.25,""key"":""video""}]","QC","0","","0","","NC-0000000058","true","","0","[]","0.1","BAR MAISONNEE","5385 avenue Gatineau","","CA","69ce5852314e03da4ab945fc","2026-04-02T11:51:46.974000","2026-04-20T14:45:50.525000","698c747aee05acfdd23ea578","false"
"underground","","America/Toronto","Ville-Marie","45.49792908254569","","🪩","Club","-73.57685249269306","[]","QC","0","1","0","","NC-0000000088","false","","0","[]","0.1","Karina club et lounge","1451 rue Crescent","","CA","69ce5852314e03da4ab94601","2026-04-02T11:51:46.974000","2026-04-02T11:51:46.974000","698c747aee05acfdd23ea578","false"
"","","America/Toronto","Côte-des-Neiges-Notre-Dame-de-Grâce","45.49870141352649","","👩‍💻","Coworking","-73.64859298148366","[]","QC","0","","0","","NC-0000000172","false","","0","[]","0.1","Swivl","4845 rue Jean-Talon O","","CA","69ce5852314e03da4ab94605","2026-04-02T11:51:46.974000","2026-04-02T11:51:46.974000","698c747aee05acfdd23ea578","false"
"","","America/Toronto","Ville-Marie","45.499529137788294","","📺","Radio et télévision","-73.56499879080583","[]","QC","0","","0","","NC-0000000212","false","","0","[]","0.1","CKBE-FM","800 rue De La Gauchetière O","","CA","69ce5852314e03da4ab94608","2026-04-02T11:51:46.974000","2026-04-02T11:51:46.974000","698c747aee05acfdd23ea578","false"
"","","America/Toronto","Côte-des-Neiges-Notre-Dame-de-Grâce","45.46872498973058","","🍻","Bar","-73.6188688875932","[]","QC","0","","0","","NC-0000000032","false","","0","[]","0.1","HONEY MARTIN KAVANAGH","5916 rue Sherbrooke O","","CA","69ce5852314e03da4ab945e6","2026-04-02T11:51:46.974000","2026-04-02T11:51:46.974000","698c747aee05acfdd23ea578","false"
"underground","","America/Toronto","Le Sud-Ouest","45.49207226636339","music","👩‍💻","Coworking","-73.5619570340454","[{""weight"":1,""key"":""music""}]","QC","0","1","0","","NC-0000000196","false","","0","[]","0.1","Amulette","290 rue de la Montagne","","CA","69ce5852314e03da4ab945f1","2026-04-02T11:51:46.974000","2026-04-02T11:51:46.974000","698c747aee05acfdd23ea578","false"
"","https://res.cloudinary.com/dnp8eionl/image/upload/v1774922090/102526258_287722612409505_6153291039133452112_n_ryqs6a.jpg","America/Toronto","Ville-Marie","45.497395730104486","","📺","Radio et télévision","-73.5617386402906","[]","QC","0","","0","","NC-0000000208","true","","0","[]","0.1","URBANIA","914 rue Notre-Dame O","","CA","69ce5852314e03da4ab945fb","2026-04-02T11:51:46.974000","2026-04-02T11:51:46.974000","698c747aee05acfdd23ea578","false"
"underground","https://res.cloudinary.com/dnp8eionl/image/upload/v1774922090/435330993_333740595949437_1594163702428009006_n_cafcam.jpg","America/Toronto","Ville-Marie","45.49758023602257","","🍻","Bar","-73.57682818339909","[]","QC","0","1","0","","NC-0000000084","true","","0","[]","0.1","Crescent Warehouse","1446 rue Crescent","","CA","69ce5852314e03da4ab945fd","2026-04-02T11:51:46.974000","2026-04-02T11:51:46.974000","698c747aee05acfdd23ea578","false"
"","https://res.cloudinary.com/dnp8eionl/image/upload/v1774923865/319701200_139425285318979_8494173660247889845_n_ymx1wu.jpg","America/Toronto","Le Plateau-Mont-Royal","45.5219592392629","music","🍻","Bar","-73.59357049248479","[{""weight"":1,""key"":""music""}]","QC","0","","0","","NC-0000000135","true","","0","[]","0.1","Bar kabinet","98 avenue Laurier O","","CA","69ce5852314e03da4ab945b6","2026-04-02T11:51:46.973000","2026-04-20T14:46:08.872000","698c747aee05acfdd23ea578","false"
"underground","https://res.cloudinary.com/dnp8eionl/image/upload/v1774917442/microrave/avatars/jdtycelllwhljsnf5nup.jpg","America/Toronto","Le Plateau-Mont-Royal","45.523907314808525","","🎪","Salle de spectacle","-73.58248046252557","[]","QC","0","1","0","","NC-0000000085","true","","0","[]","0.1","LE QUAI DES BRUMES","4481 rue Saint-Denis","","CA","69ce5852314e03da4ab945c2","2026-04-02T11:51:46.973000","2026-04-02T11:51:46.973000","698c747aee05acfdd23ea578","false"
"","https://res.cloudinary.com/dnp8eionl/image/upload/v1774923865/10808642_336696393186747_170602572_a_jxlwy6.jpg","America/Toronto","Ville-Marie","45.502872752933584","music","🍻","Bar","-73.56993338259346","[]","QC","0","","0","","NC-0000000129","true","","0","[]","0.1","PIRANHA BAR","680 rue Sainte-Catherine O","","CA","69ce5852314e03da4ab945cd","2026-04-02T11:51:46.973000","2026-04-02T11:51:46.973000","698c747aee05acfdd23ea578","false"
"underground","https://res.cloudinary.com/dnp8eionl/image/upload/v1775059400/279965941_1319539871886951_4064350656005826682_n_jj2yoh.jpg","America/Toronto","Le Plateau-Mont-Royal","45.52387032300939","","🍻","Bar","-73.58230645463159","[]","QC","0","1","0","","NC-0000000115","true","","0","[]","0.1","L'ESCO BAR SPECTACLE","4461 rue Saint-Denis","","CA","69ce5852314e03da4ab945c0","2026-04-02T11:51:46.973000","2026-04-02T11:51:46.973000","698c747aee05acfdd23ea578","false"
"","https://res.cloudinary.com/dnp8eionl/image/upload/v1774916909/361269799_996643184820137_7562496551272444716_n_t4z9dx.jpg","America/Toronto","Ville-Marie","45.50049061509817","","🍻","Bar","-73.57149874250504","[]","QC","0","","0","","NC-0000000131","true","","0","[]","0.1","Bar dominion","1245 rue Metcalfe","","CA","69ce5852314e03da4ab945c6","2026-04-02T11:51:46.973000","2026-04-02T11:51:46.973000","698c747aee05acfdd23ea578","false"
"underground","https://res.cloudinary.com/dnp8eionl/image/upload/v1774923865/459643198_426436986650678_1454811690224212159_n_uqpvnb.jpg","America/Toronto","Beaconsfield","45.41990105838818","","🍺","Pub","-73.88142955092013","[]","QC","0","1","0","","NC-0000000025","true","","0","[]","0.1","DUKE & DEVINE'S","479 boulevard Beaconsfield","","CA","69ce5852314e03da4ab945da","2026-04-02T11:51:46.973000","2026-04-02T11:51:46.973000","698c747aee05acfdd23ea578","false"
"underground","https://res.cloudinary.com/dnp8eionl/image/upload/v1774923865/447018926_818983160167553_5239999512395721228_n_tcq9t6.jpg","America/Toronto","Ville-Marie","45.51966380972727","humour","🍻","Bar","-73.56211885744261","[{""weight"":0.5,""key"":""humour""},{""weight"":0.5,""key"":""art""}]","QC","0","1","0","","NC-0000000097","true","","0","[]","0.1","Chez Miller","1840 rue Atateken","","CA","69ce5852314e03da4ab945ae","2026-04-02T11:51:46.973000","2026-04-20T14:45:46.121000","698c747aee05acfdd23ea578","false"
"underground","https://res.cloudinary.com/dnp8eionl/image/upload/v1774923865/17663778_1181517961964844_3615028472159666176_a_w0uwxi.jpg","America/Toronto","Le Plateau-Mont-Royal","45.5216247924391","","🍻","Bar","-73.59429698531562","[]","QC","0","1","0","","NC-0000000103","true","","0","[]","0.1","BAR HENRIETTA","115 avenue Laurier O","","CA","69ce5852314e03da4ab945b4","2026-04-02T11:51:46.973000","2026-04-02T11:51:46.973000","698c747aee05acfdd23ea578","false"
"","https://res.cloudinary.com/dnp8eionl/image/upload/v1774923865/26152210_380182455728421_7386347063304257536_n_xi5bow.jpg","America/Toronto","Ville-Marie","45.52345210698988","","🍸","Bistro","-73.58316840790495","[]","QC","0","","0","","NC-0000000141","false","","0","[]","0.1","Bily kun","354 avenue du Mont-Royal E","","CA","69ce5852314e03da4ab945bd","2026-04-02T11:51:46.973000","2026-04-02T11:51:46.973000","698c747aee05acfdd23ea578","false"
"underground","","America/Toronto","Ville-Marie","45.50037189939678","","👩‍💻","Coworking","-73.57232968279513","[]","QC","0","1","0","","NC-0000000187","false","","0","[]","0.1","Wework","1010 rue Sainte-Catherine O","","CA","69ce5852314e03da4ab945c5","2026-04-02T11:51:46.973000","2026-04-02T11:51:46.973000","698c747aee05acfdd23ea578","false"
"underground","https://res.cloudinary.com/dnp8eionl/image/upload/v1774923865/435460874_450944860796654_7446732382978391516_n_ltr1p7.jpg","America/Toronto","Ville-Marie","45.50449464980392","music","🪩","Club","-73.56342799456566","[{""weight"":1,""key"":""music""}]","QC","0","1","0","","NC-0000000101","true","","0","[]","0.1","Pelicano","1076 rue De Bleury","","CA","69ce5852314e03da4ab945cf","2026-04-02T11:51:46.973000","2026-04-20T14:46:16.592000","698c747aee05acfdd23ea578","false"
"","","America/Toronto","Le Plateau-Mont-Royal","45.522044396280045","humour","🪩","Club","-73.57780212185449","[]","QC","0","","0","music","NC-0000000154","false","","0","[]","0.1","Cave Montréal venue","410 rue Rachel E","","CA","69ce5852314e03da4ab945b7","2026-04-02T11:51:46.973000","2026-04-02T11:51:46.973000","698c747aee05acfdd23ea578","false"
"","","America/Toronto","Le Plateau-Mont-Royal","45.52330453760614","","🍻","Bar","-73.59291935681202","[]","QC","0","","0","","NC-0000000070","false","","0","[]","0.1","Le Siboire","5101 boulevard Saint-Laurent","","CA","69ce5852314e03da4ab945bb","2026-04-02T11:51:46.973000","2026-04-02T11:51:46.973000","698c747aee05acfdd23ea578","false"
"","https://res.cloudinary.com/dnp8eionl/image/upload/v1774923865/277661343_959359328276668_6720247336427954602_n_vwvhsc.jpg","America/Toronto","Ville-Marie","45.50319739515629","","🍻","Bar","-73.5562322471859","[]","QC","0","","0","","NC-0000000139","true","","0","[]","0.1","Clandestino","436 rue Saint-François-Xavier","","CA","69ce5852314e03da4ab945ce","2026-04-02T11:51:46.973000","2026-04-02T11:51:46.973000","698c747aee05acfdd23ea578","false"
"","https://res.cloudinary.com/dnp8eionl/image/upload/v1774923865/543032628_17958827522987344_4927081687787337515_n_z0btl7.jpg","America/Toronto","Ville-Marie","45.50528033349305","humour","🍻","Bar","-73.55327889993175","[{""weight"":1,""key"":""humour""}]","QC","0","","0","","NC-0000000160","true","H2Y 2Y3","0","[]","0.1","Cappela","3 De la Commune St W suite A","","CA","69ce5852314e03da4ab945d0","2026-04-02T11:51:46.973000","2026-04-20T14:46:14.753000","698c747aee05acfdd23ea578","false"
"underground","","America/Toronto","Ville-Marie","45.52099677429988","music","🍺","Pub","-73.57552975791741","[{""weight"":1,""key"":""music""}]","QC","0","1","0","","NC-0000000080","false","","0","[]","0.1","Pub thailandais","","","CA","69ce5852314e03da4ab945b3","2026-04-02T11:51:46.973000","2026-04-02T11:51:46.973000","698c747aee05acfdd23ea578","false"
"","https://res.cloudinary.com/dnp8eionl/image/upload/v1774923865/640323333_18419411350187024_5562816095974898875_n_bcqzm2.jpg","America/Toronto","Ville-Marie","45.52024122701606","","🍻","Bar","-73.55471164607093","[]","QC","0","","0","","NC-0000000127","true","","0","[]","0.1","SALON DISTRICT VIDEO","1365 rue Sainte-Catherine E","","CA","69ce5852314e03da4ab945b1","2026-04-02T11:51:46.973000","2026-04-02T11:51:46.973000","698c747aee05acfdd23ea578","false"
"","","America/Toronto","Ville-Marie","45.52093403800124","music","🍻","Bar","-73.55369479931035","[{""weight"":0.7143,""key"":""music""},{""weight"":0.1429,""key"":""humour""},{""weight"":0.1429,""key"":""art""}]","QC","0","","0","music","NC-0000000152","false","","0","[]","0.1","Terrasses Sky Club","1478 rue Sainte-Catherine E","","CA","69ce5852314e03da4ab945b2","2026-04-02T11:51:46.973000","2026-04-02T11:51:46.973000","698c747aee05acfdd23ea578","false"
"","","America/Toronto","Ville-Marie","45.52283246067344","","📺","Radio et télévision","-73.55338363363877","[]","QC","0","","0","","NC-0000000207","false","","0","[]","0.1","SETTE INC.","1500 avenue Papineau","","CA","69ce5852314e03da4ab945ba","2026-04-02T11:51:46.973000","2026-04-02T11:51:46.973000","698c747aee05acfdd23ea578","false"
"underground","https://res.cloudinary.com/dnp8eionl/image/upload/v1774923865/463896366_1063353212206633_1272400555806441274_n_bsd9o3.jpg","America/Toronto","Ville-Marie","45.505972782432686","music","🍸","Bistro","-73.56907613466794","[{""weight"":1,""key"":""music""}]","QC","0","1","0","","NC-0000000105","true","","0","[]","0.1","BAR LE FURCO","425 rue Mayor","","CA","69ce5852314e03da4ab945d4","2026-04-02T11:51:46.973000","2026-04-20T14:46:20.646000","698c747aee05acfdd23ea578","false"
"","https://res.cloudinary.com/dnp8eionl/image/upload/v1774923865/438639429_1895276190921899_525122880584801213_n_hdwq77.jpg","America/Toronto","Ville-Marie","45.51029950061417","humour","🍻","Bar","-73.56068329511155","[{""weight"":1,""key"":""humour""}]","QC","0","","0","","NC-0000000163","true","H2X 2S6","0","[]","0.1","Société des arts technologiques [SAT]","1201 Boul. Saint-Laurent","","CA","69ce5852314e03da4ab945d9","2026-04-02T11:51:46.973000","2026-04-20T14:46:07.271000","698c747aee05acfdd23ea578","false"
"underground","https://res.cloudinary.com/dnp8eionl/image/upload/v1774923865/465828023_2894578090680901_2766580446561866585_n_v16thp.jpg","America/Toronto","Ville-Marie","45.522551905911385","","🍻","Bar","-73.55187626177997","[]","QC","0","1","0","","NC-0000000089","true","","0","[]","0.1","BAR LE STUD","1812 rue Sainte-Catherine E","","CA","69ce5852314e03da4ab945b9","2026-04-02T11:51:46.973000","2026-04-02T11:51:46.973000","698c747aee05acfdd23ea578","false"
"","https://res.cloudinary.com/dnp8eionl/image/upload/v1774923865/272689898_113435567770850_7264787673270101810_n_jjpklj.jpg","America/Toronto","Le Plateau-Mont-Royal","45.52387925541195","","📺","Radio et télévision","-73.5950310872397","[]","QC","0","","0","","NC-0000000209","true","","0","[]","0.1","L'espace Warm up","5214 boulevard Saint-Laurent","","CA","69ce5852314e03da4ab945c1","2026-04-02T11:51:46.973000","2026-04-02T11:51:46.973000","698c747aee05acfdd23ea578","false"
"underground","https://res.cloudinary.com/dnp8eionl/image/upload/v1774923865/274032128_484387063058821_2918311462132002962_n_mtzd4c.jpg","America/Toronto","Le Plateau-Mont-Royal","45.5245695440551","","🍸","Bistro","-73.59659365937426","[]","QC","0","1","0","","NC-0000000081","true","","0","[]","0.1","LE MOINEAU (SPARROW)","5322 boulevard Saint-Laurent","","CA","69ce5852314e03da4ab945c4","2026-04-02T11:51:46.973000","2026-04-02T11:51:46.973000","698c747aee05acfdd23ea578","false"
"underground","","America/Toronto","Ville-Marie","45.50573338883353","","👩‍💻","Coworking","-73.56830903011878","[]","QC","0","1","0","","NC-0000000186","false","","0","[]","0.1","GAMEPLAY SPACE","1435 rue Saint-Alexandre","","CA","69ce5852314e03da4ab945d2","2026-04-02T11:51:46.973000","2026-04-02T11:51:46.973000","698c747aee05acfdd23ea578","false"
"underground","","America/Toronto","Ville-Marie","45.50665117916587","","👩‍💻","Coworking","-73.55447350324359","[]","QC","0","1","0","","NC-0000000189","false","","0","[]","0.1","Centre d'affaires St-Gabriel","442 rue Saint-Gabriel","","CA","69ce5852314e03da4ab945d5","2026-04-02T11:51:46.973000","2026-04-02T11:51:46.973000","698c747aee05acfdd23ea578","false"
"underground","https://res.cloudinary.com/dnp8eionl/image/upload/v1774923865/572673704_17847533673596223_5080576461406043703_n_debuha.jpg","America/Toronto","Lachine","45.43416076942113","music","🍻","Bar","-73.69035521903903","[{""weight"":0.5,""key"":""music""},{""weight"":0.5,""key"":""humour""}]","QC","0","1","0","","NC-0000000030","true","","0","[]","0.1","Honky Tonk","2915 rue Notre-Dame O","","CA","69ce5852314e03da4ab945db","2026-04-02T11:51:46.973000","2026-04-20T14:46:01.985000","698c747aee05acfdd23ea578","false"
"","https://res.cloudinary.com/dnp8eionl/image/upload/v1774922513/microrave/avatars/ix6en9tqjvodvf2eenlo.jpg","America/Toronto","Le Plateau-Mont-Royal","45.519898973793055","music","👩‍💻","Coworking","-73.59780375091897","[{""weight"":1,""key"":""music""}]","QC","0","","0","","NC-0000000177","true","","0","[]","0.1","Espace Mile End","368 avenue Fairmount O","","CA","69ce5852314e03da4ab945af","2026-04-02T11:51:46.973000","2026-04-02T11:51:46.973000","698c747aee05acfdd23ea578","false"
"","https://res.cloudinary.com/dnp8eionl/image/upload/v1774923865/496949433_18477754210070459_3353117229701840775_n_zg5n0z.jpg","America/Toronto","Ville-Marie","45.500552058651365","music","🍻","Bar","-73.57480092655706","[{""weight"":1,""key"":""music""}]","QC","0","","0","","NC-0000000124","true","","0","[]","0.1","Soubois","1106 boulevard De Maisonneuve O","","CA","69ce5852314e03da4ab945c7","2026-04-02T11:51:46.973000","2026-04-20T14:45:59.928000","698c747aee05acfdd23ea578","false"
"underground","https://res.cloudinary.com/dnp8eionl/image/upload/v1774923865/653600283_18350319505232128_5372167067472574541_n_pyf1a0.jpg","America/Toronto","Ville-Marie","45.50169409102755","","🍸","Bistro","-73.55920080056957","[]","QC","0","1","0","","NC-0000000091","true","","0","[]","0.1","JIAO BAR A DIM SUM","399 rue Notre-Dame O","","CA","69ce5852314e03da4ab945c9","2026-04-02T11:51:46.973000","2026-04-02T11:51:46.973000","698c747aee05acfdd23ea578","false"
"underground","https://res.cloudinary.com/dnp8eionl/image/upload/v1774923865/476112958_971265418302852_1616456603451634587_n_mgqhq8.jpg","America/Toronto","Ville-Marie","45.5018647866566","music","🪩","Club","-73.55975418807485","[]","QC","0","1","0","","NC-0000000093","true","","0","[]","0.1","Francesco's","394 rue Notre-Dame O","","CA","69ce5852314e03da4ab945ca","2026-04-02T11:51:46.973000","2026-04-02T11:51:46.973000","698c747aee05acfdd23ea578","false"
"underground","","America/Toronto","Ville-Marie","45.501589445336855","","👩‍💻","Coworking","-73.56864655078806","[]","QC","0","1","0","","NC-0000000197","false","","0","[]","0.1","WEWORK","1010 rue Sainte-Catherine O","","CA","69ce5852314e03da4ab945c8","2026-04-02T11:51:46.973000","2026-04-02T11:51:46.973000","698c747aee05acfdd23ea578","false"
"underground","","America/Toronto","Ville-Marie","45.50579550947463","","👩‍💻","Coworking","-73.56925964067547","[]","QC","0","1","0","","NC-0000000188","false","","0","[]","0.1","CAFE PARVIS","433 rue Mayor","","CA","69ce5852314e03da4ab945d3","2026-04-02T11:51:46.973000","2026-04-02T11:51:46.973000","698c747aee05acfdd23ea578","false"
"","https://res.cloudinary.com/dnp8eionl/image/upload/v1774923865/274032128_484387063058821_2918311462132002962_n_mtzd4c.jpg","America/Toronto","Ville-Marie","45.50737524443578","","🎤","Karaoké","-73.55975474376224","[]","QC","0","","0","","NC-0000000157","true","","0","[]","0.1","CEO Karaoke","1008 rue Clark","","CA","69ce5852314e03da4ab945d6","2026-04-02T11:51:46.973000","2026-04-02T11:51:46.973000","698c747aee05acfdd23ea578","false"
"underground","","America/Toronto","Ville-Marie","45.445343088480215","","👩‍💻","Coworking","-73.81397327891283","[]","QC","0","1","0","","NC-0000000199","false","","0","[]","0.1","Fabzone","269 boulevard Saint-Jean","","CA","69ce5852314e03da4ab945dd","2026-04-02T11:51:46.973000","2026-04-02T11:51:46.973000","698c747aee05acfdd23ea578","false"
"","https://res.cloudinary.com/dnp8eionl/image/upload/v1774923865/639738307_18362659705164576_1880871500698284003_n_jbzrgh.jpg","America/Toronto","Ville-Marie","45.5185498489645","","🎤","Karaoké","-73.5559009938338","[]","QC","0","","0","","NC-0000000147","true","","0","[]","0.1","LE DATE PIANO BAR","1218 rue Sainte-Catherine E","","CA","69ce5852314e03da4ab945a8","2026-04-02T11:51:46.973000","2026-04-02T11:51:46.973000","698c747aee05acfdd23ea578","false"
"","https://res.cloudinary.com/dnp8eionl/image/upload/v1774923865/430640656_1887793055012320_7578006166869229235_n_csqbcs.jpg","America/Toronto","Ville-Marie","45.51938352849866","","📺","Radio et télévision","-73.55335805112855","[]","QC","0","","0","","NC-0000000203","true","","0","[]","0.1","Sartec","1231 rue Panet","","CA","69ce5852314e03da4ab945ad","2026-04-02T11:51:46.973000","2026-04-02T11:51:46.973000","698c747aee05acfdd23ea578","false"
"","https://res.cloudinary.com/dnp8eionl/image/upload/v1774921547/microrave/avatars/azzoikouzdqlahguckqp.jpg","America/Toronto","Le Plateau-Mont-Royal","45.52009208136126","music","🍻","Bar","-73.58608907716406","[{""weight"":0.6471,""key"":""music""},{""weight"":0.2353,""key"":""humour""},{""weight"":0.1176,""key"":""video""}]","QC","0","","0","","NC-0000000150","true","","0","[]","0.1","LE BELMONT SUR LE BOULEVARD ENR.","4483 boulevard Saint-Laurent","","CA","69ce5852314e03da4ab945b0","2026-04-02T11:51:46.973000","2026-04-02T11:51:46.973000","698c747aee05acfdd23ea578","false"
"underground","https://res.cloudinary.com/dnp8eionl/image/upload/v1774923865/450392286_7640579959383725_5520387428235680340_n_wrijwc.jpg","America/Toronto","Le Plateau-Mont-Royal","45.52186550923838","music","🍻","Bar","-73.59363553817668","[{""weight"":1,""key"":""music""}]","QC","0","1","0","","NC-0000000117","true","","0","[]","0.1","BAR DATCHA","98 avenue Laurier O","","CA","69ce5852314e03da4ab945b5","2026-04-02T11:51:46.973000","2026-04-20T14:45:57.503000","698c747aee05acfdd23ea578","false"
"","https://res.cloudinary.com/dnp8eionl/image/upload/v1774923865/26152210_380182455728421_7386347063304257536_n_xi5bow.jpg","America/Toronto","Ville-Marie","45.52342863381392","","🍻","Bar","-73.58319087665316","[]","QC","0","","0","","NC-0000000134","true","","0","[]","0.1","BILY KUN","354 avenue du Mont-Royal E","","CA","69ce5852314e03da4ab945bc","2026-04-02T11:51:46.973000","2026-04-02T11:51:46.973000","698c747aee05acfdd23ea578","false"
"underground","https://res.cloudinary.com/dnp8eionl/image/upload/v1774923865/448881631_283041851498075_8385294665605133409_n_swp3qi.jpg","America/Toronto","Ville-Marie","45.50227724148789","","👩‍💻","Coworking","-73.55917116754664","[]","QC","0","1","0","","NC-0000000190","true","","0","[]","0.1","CREW COLLECTIVE & CAFÉ","360 rue Saint-Jacques","","CA","69ce5852314e03da4ab945cc","2026-04-02T11:51:46.973000","2026-04-02T11:51:46.973000","698c747aee05acfdd23ea578","false"
"underground","","America/Toronto","Ville-Marie","45.50764544437705","","👩‍💻","Coworking","-73.56160384236023","[]","QC","0","1","0","","NC-0000000198","false","","0","[]","0.1","URBAN 68","1111 rue Saint-Urbain","","CA","69ce5852314e03da4ab945d7","2026-04-02T11:51:46.973000","2026-04-02T11:51:46.973000","698c747aee05acfdd23ea578","false"
"underground","","America/Toronto","Ville-Marie","45.51879999332221","humour","🍻","Bar","-73.55972027583881","[{""weight"":0.5,""key"":""humour""},{""weight"":0.5,""key"":""music""}]","QC","0","1","0","","NC-0000000075","false","","0","[]","0.1","MINERAL","","","CA","69ce5852314e03da4ab945a9","2026-04-02T11:51:46.973000","2026-04-02T11:51:46.973000","698c747aee05acfdd23ea578","false"
"underground","https://res.cloudinary.com/dnp8eionl/image/upload/v1774923865/475879775_1325782325403985_1380516203871949219_n_kn526d.jpg","America/Toronto","Le Plateau-Mont-Royal","45.52383100921258","","🍻","Bar","-73.58222107109907","[]","QC","0","1","0","","NC-0000000121","true","","0","[]","0.1","BAR POW POW","4459 rue Saint-Denis","","CA","69ce5852314e03da4ab945be","2026-04-02T11:51:46.973000","2026-04-02T11:51:46.973000","698c747aee05acfdd23ea578","false"
"","","America/Toronto","Le Plateau-Mont-Royal","45.52386672233313","","📺","Radio et télévision","-73.59499128301803","[]","QC","0","","0","","NC-0000000205","false","","0","[]","0.1","Radio centre ville 102,3 FM","5212 boulevard Saint-Laurent","","CA","69ce5852314e03da4ab945bf","2026-04-02T11:51:46.973000","2026-04-02T11:51:46.973000","698c747aee05acfdd23ea578","false"
"underground","https://res.cloudinary.com/dnp8eionl/image/upload/v1775059737/microrave/avatars/k0vyz52qyjfxx0wdug9v.jpg","America/Toronto","Le Plateau-Mont-Royal","45.52449274540594","","🍻","Bar","-73.58375283838029","[]","QC","0","1","0","","NC-0000000112","true","","0","[]","0.1","CLEBARD","4557 rue Saint-Denis","","CA","69ce5852314e03da4ab945c3","2026-04-02T11:51:46.973000","2026-04-02T11:51:46.973000","698c747aee05acfdd23ea578","false"
"","https://res.cloudinary.com/dnp8eionl/image/upload/v1774923513/microrave/avatars/lkchzsloo8eiiud2loyk.jpg","America/Toronto","Ville-Marie","45.50899750011303","music","🛢️","Microbrasserie","-73.5515258148442","[{""weight"":0.8125,""key"":""music""},{""weight"":0.125,""key"":""humour""},{""weight"":0.0625,""key"":""video""}]","QC","0","","0","","NC-0000000122","true","","0","[]","0.1","Brasserie Brewskey","350 rue Saint-Paul E","","CA","69ce5852314e03da4ab945d8","2026-04-02T11:51:46.973000","2026-04-28T18:59:39.173000","698c747aee05acfdd23ea578","false"
"","https://res.cloudinary.com/dnp8eionl/image/upload/v1774923865/47689850_461118031386555_6079460812315951104_n_uiqb1e.jpg","America/Toronto","Le Plateau-Mont-Royal","45.522453388885886","","🍻","Bar","-73.58405950362973","[]","QC","0","","0","","NC-0000000069","true","","0","[]","0.1","BAR SALON MR250","250 avenue du Mont-Royal E","","CA","69ce5852314e03da4ab945b8","2026-04-02T11:51:46.973000","2026-04-02T11:51:46.973000","698c747aee05acfdd23ea578","false"
"underground","https://res.cloudinary.com/dnp8eionl/image/upload/v1774923865/403880423_651862813819028_6107675320244293247_n_gxzpld.jpg","America/Toronto","Ville-Marie","45.50191906103017","","🪩","Club","-73.55971186992285","[]","QC","0","1","0","","NC-0000000079","true","","0","[]","0.1","BORD'ELLE","390 rue Saint-Jacques","","CA","69ce5852314e03da4ab945cb","2026-04-02T11:51:46.973000","2026-04-02T11:51:46.973000","698c747aee05acfdd23ea578","false"
"underground","","America/Toronto","Ville-Marie","45.5054547415984","music","🪩","Club","-73.55704263252163","[{""weight"":1,""key"":""music""}]","QC","0","1","0","","NC-0000000092","false","","0","[]","0.1","Lola  Lola Lolita","60 rue Saint-Jacques","","CA","69ce5852314e03da4ab945d1","2026-04-02T11:51:46.973000","2026-04-02T11:51:46.973000","698c747aee05acfdd23ea578","false"
"","https://res.cloudinary.com/dnp8eionl/image/upload/v1774917070/microrave/avatars/gsxx7a0lgkjytewzyxke.jpg","America/Toronto","Ville-Marie","45.51836388378321","music","🍻","Bar","-73.55649587233674","[{""weight"":1,""key"":""music""}]","QC","0","","0","","NC-0000000156","true","","0","[]","0.1","BAR DISCOTHEQUE UNITY III","1400 rue Montcalm","","CA","69ce5852314e03da4ab945a7","2026-04-02T11:51:46.973000","2026-04-02T11:51:46.973000","698c747aee05acfdd23ea578","false"
"","https://res.cloudinary.com/dnp8eionl/image/upload/v1774923139/microrave/avatars/gci3dch6zoeosratbtss.jpg","America/Toronto","Le Plateau-Mont-Royal","45.51893020421502","art","🍸","Bistro","-73.58400610660487","[{""weight"":1,""key"":""art""}]","QC","0","","0","","NC-0000000148","true","","0","[]","0.1","BAR DARLING","4328 boulevard Saint-Laurent","","CA","69ce5852314e03da4ab945aa","2026-04-02T11:51:46.973000","2026-04-20T14:46:06.347000","698c747aee05acfdd23ea578","false"
"","https://res.cloudinary.com/dnp8eionl/image/upload/v1774923865/336848500_1333722400804887_8827420693988334556_n_pong93.jpg","America/Toronto","Ville-Marie","45.51912798327976","","🍻","Bar","-73.55534208303621","[]","QC","0","1","0","","NC-0000000307","true","H2L 3B4","0","[]","0.1","Motel Motel","1276 Rue Sainte-Catherine E","","CA","69ce5852314e03da4ab945ab","2026-04-02T11:51:46.973000","2026-04-02T11:51:46.973000","698c747aee05acfdd23ea578","false"
"","https://res.cloudinary.com/dnp8eionl/image/upload/v1774923326/microrave/avatars/shbd6ih06isi0nwpdcah.jpg","America/Toronto","Le Plateau-Mont-Royal","45.51915354462335","humour","🪩","Club","-73.58450460363153","[{""weight"":0.5,""key"":""humour""},{""weight"":0.5,""key"":""music""}]","QC","0","","0","","NC-0000000159","true","","0","[]","0.1","BAR BALATTOU INC","4372 boulevard Saint-Laurent","","CA","69ce5852314e03da4ab945ac","2026-04-02T11:51:46.973000","2026-04-02T11:51:46.973000","698c747aee05acfdd23ea578","false"
"underground","https://res.cloudinary.com/dnp8eionl/image/upload/v1774923865/29717859_1002460923262719_1661040544022790144_n_h68uyw.jpg","America/Toronto","Lachine","45.43483607496061","humour","🛢️","Microbrasserie","-73.6758960211724","[{""weight"":0.5,""key"":""humour""},{""weight"":0.25,""key"":""music""},{""weight"":0.25,""key"":""responsable""}]","QC","0","1","0","","NC-0000000014","true","","0","[]","0.1","BRASSERIE LOUKS","1345 rue Notre-Dame O","","CA","69ce5852314e03da4ab945dc","2026-04-02T11:51:46.973000","2026-04-20T14:45:59.227000","698c747aee05acfdd23ea578","false"
"","https://res.cloudinary.com/dnp8eionl/image/upload/v1774923865/75266901_538976993613360_7956732361029189632_n_mjqeos.jpg","America/Toronto","Rosemont–La Petite-Patrie","45.53532657886021","","🍻","Bar","-73.60107368857264","[]","QC","0","","0","","NC-0000000062","true","","0","[]","0.1","BAR NESTOR","6289 rue Saint-Hubert","","CA","69ce5852314e03da4ab94554","2026-04-02T11:51:46.972000","2026-04-02T11:51:46.972000","698c747aee05acfdd23ea578","false"
"underground","","America/Toronto","Mercier–Hochelaga-Maisonneuve","45.603922702889214","","🍺","Pub","-73.51867262973047","[]","QC","0","1","0","","NC-0000000099","false","","0","[]","0.1","PUB ROMANA","8933 rue Hochelaga","","CA","69ce5852314e03da4ab9457d","2026-04-02T11:51:46.972000","2026-04-02T11:51:46.972000","698c747aee05acfdd23ea578","false"
"underground","","America/Toronto","Le Plateau-Mont-Royal","45.531673783273966","music","🛢️","Microbrasserie","-73.57555101953426","[{""weight"":1,""key"":""music""}]","QC","0","1","0","","NC-0000000076","false","","0","[]","0.1","PUB WEST SHEFFORD INC.","1562 avenue du Mont-Royal E","","CA","69ce5852314e03da4ab9454d","2026-04-02T11:51:46.972000","2026-04-02T11:51:46.972000","698c747aee05acfdd23ea578","false"
"underground","https://res.cloudinary.com/dnp8eionl/image/upload/v1774918419/microrave/avatars/xzxpq9iewrfo53ic4vfj.jpg","America/Toronto","Le Plateau-Mont-Royal","45.53377738212121","humour","🍻","Bar","-73.57393763993718","[{""weight"":0.6667,""key"":""humour""},{""weight"":0.3333,""key"":""music""}]","QC","0","1","0","","NC-0000000108","true","","0","[]","0.1","LE TERMINAL","1875 avenue du Mont-Royal E","","CA","69ce5852314e03da4ab94553","2026-04-02T11:51:46.972000","2026-04-20T14:45:51.851000","698c747aee05acfdd23ea578","false"
"","https://res.cloudinary.com/dnp8eionl/image/upload/v1774915990/450240956_1645205076265632_7893651800416885369_n_jma5u2.jpg","America/Toronto","Ahuntsic–Cartierville","45.53836155219036","music","🍻","Bar","-73.65498690113165","[{""weight"":0.6667,""key"":""music""},{""weight"":0.3333,""key"":""humour""}]","QC","0","","0","","NC-0000000169","true","","0","[]","0.1","Agence Modroom","555 rue Chabanel O","","CA","69ce5852314e03da4ab9455a","2026-04-02T11:51:46.972000","2026-04-20T14:45:56.229000","698c747aee05acfdd23ea578","false"
"","https://res.cloudinary.com/dnp8eionl/image/upload/v1774915990/microrave/avatars/o5c5ldshatsl9mlqel12.jpg","America/Toronto","Ville-Marie","45.53877","humour","🎙️","Coworking","-73.56268","[{""weight"":0.6667,""key"":""humour""},{""weight"":0.2593,""key"":""music""},{""weight"":0.0741,""key"":""art""}]","QC","0","","0","","NC-0000000165","true","H2H 1P3","0","[]","0.1","Kampus Coworking","2700 Rue Angus","NC-0000000165","CA","69ce5852314e03da4ab9455c","2026-04-02T11:51:46.972000","2026-04-20T14:45:40.446000","698c747aee05acfdd23ea578","false"
"underground","https://res.cloudinary.com/dnp8eionl/image/upload/v1774923865/288682913_141056045197118_7827562505669972412_n_subo0l.jpg","America/Toronto","Saint-Léonard","45.585075303484686","video","🪩","Club","-73.57102331368037","[]","QC","0","1","0","","NC-0000000024","true","","0","[]","0.1","Café Bar Sasha","6075 rue Bélanger","","CA","69ce5852314e03da4ab94579","2026-04-02T11:51:46.972000","2026-04-02T11:51:46.972000","698c747aee05acfdd23ea578","false"
"underground","https://res.cloudinary.com/dnp8eionl/image/upload/v1774923865/68768311_453131385275293_181449530598752256_n_p4wxkq.jpg","America/Toronto","Ville-Marie","45.51098410144692","","🍻","Bar","-73.56310530022779","[]","QC","0","1","0","","NC-0000000109","true","","0","[]","0.1","LES FOUFOUNES ÉLECTRIQUES","87 rue Sainte-Catherine E","","CA","69ce5852314e03da4ab94585","2026-04-02T11:51:46.972000","2026-04-02T11:51:46.972000","698c747aee05acfdd23ea578","false"
"underground","","America/Toronto","Le Plateau-Mont-Royal","45.51197590583777","","👩‍💻","Coworking","-73.57023173847833","[]","QC","0","1","0","","NC-0000000184","false","","0","[]","0.1","Café Osmo","51 rue Sherbrooke O","","CA","69ce5852314e03da4ab94587","2026-04-02T11:51:46.972000","2026-04-02T11:51:46.972000","698c747aee05acfdd23ea578","false"
"underground","https://res.cloudinary.com/dnp8eionl/image/upload/v1774923865/604133526_18437532181103260_8319018195318162357_n_x5udyv.jpg","America/Toronto","Le Plateau-Mont-Royal","45.51344007515808","","🍻","Bar","-73.5712576445703","[]","QC","0","1","0","","NC-0000000098","true","","0","[]","0.1","La porte","3519 boulevard Saint-Laurent","","CA","69ce5852314e03da4ab9458d","2026-04-02T11:51:46.972000","2026-04-02T11:51:46.972000","698c747aee05acfdd23ea578","false"
"","https://res.cloudinary.com/dnp8eionl/image/upload/v1774989977/microrave/avatars/rvirnobsnqjpqze1i5zr.jpg","America/Toronto","Ville-Marie","45.51379357952941","music","📺","Radio et télévision","-73.56008074600894","[]","QC","0","1","0","","NC-0000000301","true","H2L 2C5","0","[]","0.1","CHOQ.ca","Pavillon Hubert-Aquin, 400 Rue Sainte-Catherine E","","CA","69ce5852314e03da4ab9458e","2026-04-02T11:51:46.972000","2026-04-02T11:51:46.972000","698c747aee05acfdd23ea578","false"
"","https://res.cloudinary.com/dnp8eionl/image/upload/v1774923865/463399601_2217407201974773_5268018298643546834_n_z0nftb.jpg","America/Toronto","Rosemont–La Petite-Patrie","45.55821149425966","humour","🍻","Gérance d'artistes","-73.59300454292423","[{""weight"":1,""key"":""humour""}]","QC","0","","0","","NC-0000000166","true","","0","[]","0.1","Villa des acteurs","3336 rue Bélanger","","CA","69ce5852314e03da4ab94573","2026-04-02T11:51:46.972000","2026-04-20T14:46:14.039000","698c747aee05acfdd23ea578","false"
"underground","https://res.cloudinary.com/dnp8eionl/image/upload/v1774991412/microrave/avatars/dofwqtdlnyzn3pefjpl1.jpg","America/Toronto","Ahuntsic–Cartierville","45.56830952664505","","🍻","Bar","-73.65306616862864","[]","QC","0","1","0","","NC-0000000007","true","","0","[]","0.1","Brouhaha","10295 avenue Papineau","","CA","69ce5852314e03da4ab94576","2026-04-02T11:51:46.972000","2026-04-02T11:51:46.972000","698c747aee05acfdd23ea578","false"
"underground","https://res.cloudinary.com/dnp8eionl/image/upload/v1774991698/microrave/avatars/att4q6zckkwsi68eppuk.jpg","America/Toronto","Saint-Léonard","45.59750211911606","humour","🍻","Bar","-73.57988738984749","[{""weight"":1,""key"":""humour""}]","QC","0","1","0","","NC-0000000005","true","","0","[]","0.1","CAFÉ MERCEDES","6715 rue Jarry E","","CA","69ce5852314e03da4ab9457b","2026-04-02T11:51:46.972000","2026-04-20T14:46:15.608000","698c747aee05acfdd23ea578","false"
"","","America/Toronto","Ville-Marie","45.621054402830694","music","🍻","Bar","-73.58883782603505","[{""weight"":1,""key"":""music""}]","QC","0","","0","","NC-0000000048","false","","0","[]","0.1","Players","7545 boulevard Henri-Bourassa E","","CA","69ce5852314e03da4ab94580","2026-04-02T11:51:46.972000","2026-04-02T11:51:46.972000","698c747aee05acfdd23ea578","false"
"","https://res.cloudinary.com/dnp8eionl/image/upload/v1774923865/52806792_360450637895307_9062429188388028416_n_hpe97f.jpg","America/Toronto","Ville-Marie","45.515239459307125","","🍻","Bar","-73.56330184109807","[]","QC","0","","0","","NC-0000000164","true","H2X 3K4","0","[]","0.1","L'Île Noire","1649 R. Saint-Denis","","CA","69ce5852314e03da4ab94594","2026-04-02T11:51:46.972000","2026-04-02T11:51:46.972000","698c747aee05acfdd23ea578","false"
"","https://res.cloudinary.com/dnp8eionl/image/upload/v1774923865/459151703_2004433859993590_1758374058297410792_n_ycxkgh.jpg","America/Toronto","Ville-Marie","45.516043458804596","","👠","Cabaret","-73.5777667018006","[]","QC","0","1","0","","NC-0000000304","true","H2W 1Y2","0","[]","0.1","The Wiggle Room","3874 Boul. Saint-Laurent","","CA","69ce5852314e03da4ab94597","2026-04-02T11:51:46.972000","2026-04-02T11:51:46.972000","698c747aee05acfdd23ea578","false"
"underground","","America/Toronto","Le Plateau-Mont-Royal","45.51764102345686","","🍻","Bar","-73.5811318138636","[]","QC","0","1","0","","NC-0000000078","false","","0","[]","0.1","BAYOU CAFE BAR","4134 boulevard Saint-Laurent","","CA","69ce5852314e03da4ab945a5","2026-04-02T11:51:46.972000","2026-04-02T11:51:46.972000","698c747aee05acfdd23ea578","false"
"","https://res.cloudinary.com/dnp8eionl/image/upload/v1774921709/microrave/avatars/lbmyg0hstgiayhykojub.jpg","America/Toronto","Ville-Marie","45.51779594255866","music","👠","Cabaret","-73.55696786843102","[{""weight"":0.6875,""key"":""music""},{""weight"":0.1875,""key"":""video""},{""weight"":0.125,""key"":""humour""}]","QC","0","","0","","NC-0000000153","true","","0","[]","0.1","MADO CABARET SPECTACLE","1115 rue Sainte-Catherine E","","CA","69ce5852314e03da4ab945a6","2026-04-02T11:51:46.972000","2026-04-02T11:51:46.972000","698c747aee05acfdd23ea578","false"
"","","America/Toronto","Rosemont–La Petite-Patrie","45.53314845766387","","👩‍💻","Coworking","-73.61888904702302","[]","QC","0","","0","","NC-0000000180","false","","0","[]","0.1","Café coworking","7154 rue Saint-Urbain","","CA","69ce5852314e03da4ab94552","2026-04-02T11:51:46.972000","2026-04-02T11:51:46.972000","698c747aee05acfdd23ea578","false"
"","https://res.cloudinary.com/dnp8eionl/image/upload/v1774990111/microrave/avatars/cwnneg9v7lzzllihvccg.jpg","America/Toronto","Rosemont–La Petite-Patrie","45.53836432088675","","🍻","Bar","-73.61106966235694","[]","QC","0","","0","","NC-0000000036","true","","0","[]","0.1","One punch Mickey's","521 rue Bélanger","","CA","69ce5852314e03da4ab9455b","2026-04-02T11:51:46.972000","2026-04-02T11:51:46.972000","698c747aee05acfdd23ea578","false"
"underground","https://res.cloudinary.com/dnp8eionl/image/upload/v1774921709/microrave/avatars/lbmyg0hstgiayhykojub.jpg","America/Toronto","Rosemont–La Petite-Patrie","45.54180957286436","humour","🍻","Bar","-73.6030531272008","[{""weight"":0.5,""key"":""humour""},{""weight"":0.5,""key"":""music""}]","QC","0","1","0","","NC-0000000010","true","","0","[]","0.1","Le Jockey","1309 rue Saint-Zotique E","","CA","69ce5852314e03da4ab94564","2026-04-02T11:51:46.972000","2026-04-02T11:51:46.972000","698c747aee05acfdd23ea578","false"
"","https://res.cloudinary.com/dnp8eionl/image/upload/v1774918097/microrave/avatars/qaoxbwujk5ynnvpgpi3j.jpg","America/Toronto","Ahuntsic–Cartierville","45.54654844936593","","🍻","Bar","-73.6659086623087","[]","QC","0","","0","","NC-0000000065","true","","0","[]","0.1","LE 132 BAR VINTAGE","132 rue Fleury O","","CA","69ce5852314e03da4ab9456e","2026-04-02T11:51:46.972000","2026-04-02T11:51:46.972000","698c747aee05acfdd23ea578","false"
"underground","https://res.cloudinary.com/dnp8eionl/image/upload/v1774923865/51803957_789959228056290_6985505835812126720_n_psfphx.jpg","America/Toronto","Mercier–Hochelaga-Maisonneuve","45.55008789411314","","🍻","Bar","-73.54155447081199","[]","QC","0","1","0","","NC-0000000100","true","H1W 1T3","0","[]","0.1","Madame SMITH","4061 Rue Ontario E","","CA","69ce5852314e03da4ab94570","2026-04-02T11:51:46.972000","2026-04-02T11:51:46.972000","698c747aee05acfdd23ea578","false"
"","https://res.cloudinary.com/dnp8eionl/image/upload/v1774923865/314001251_226530129716183_8614196091468249289_n_c3keuq.jpg","America/Toronto","Ville-Marie","45.51341475352443","","🍻","Bar","-73.57119870685686","[]","QC","0","","0","","NC-0000000126","true","","0","[]","0.1","MCKIBBIN'S IRISH PUB","3515 boulevard Saint-Laurent","","CA","69ce5852314e03da4ab9458c","2026-04-02T11:51:46.972000","2026-04-02T11:51:46.972000","698c747aee05acfdd23ea578","false"
"","https://res.cloudinary.com/dnp8eionl/image/upload/v1774919609/microrave/avatars/g2uqr3eoj93qxzmrioud.jpg","America/Toronto","Rosemont–La Petite-Patrie","45.536346134521516","music","🎪","Salle de spectacle","-73.60381040477948","[{""weight"":0.5,""key"":""music""},{""weight"":0.5,""key"":""video""}]","QC","0","","0","","NC-0000000249","true","","0","[]","0.1","Ausgang Plaza","6524 rue Saint-Hubert","","CA","69ce5852314e03da4ab94557","2026-04-02T11:51:46.972000","2026-04-20T14:45:41.766000","698c747aee05acfdd23ea578","false"
"underground","https://res.cloudinary.com/dnp8eionl/image/upload/v1774923865/338954388_541407178072655_9169266687405922253_n_olseht.jpg","America/Toronto","Le Plateau-Mont-Royal","45.513868441788965","","🍻","Bar","-73.57216726720159","[]","QC","0","1","0","","NC-0000000110","true","","0","[]","0.1","El furniture warehouse","3565 boulevard Saint-Laurent","","CA","69ce5852314e03da4ab9458f","2026-04-02T11:51:46.972000","2026-04-02T11:51:46.972000","698c747aee05acfdd23ea578","false"
"","https://res.cloudinary.com/dnp8eionl/image/upload/v1774918419/microrave/avatars/xzxpq9iewrfo53ic4vfj.jpg","America/Toronto","Ville-Marie","45.51607997867511","","🍻","Bar","-73.56595455617685","[]","QC","0","","0","","NC-0000000132","true","","0","[]","0.1","BRASSERIE TURBO HAUS","2040 rue Saint-Denis","","CA","69ce5852314e03da4ab94599","2026-04-02T11:51:46.972000","2026-04-02T11:51:46.972000","698c747aee05acfdd23ea578","false"
"","https://res.cloudinary.com/dnp8eionl/image/upload/v1774923865/632632153_18564592441033549_3738717401179681637_n_mj8v8u.jpg","America/Toronto","Ville-Marie","45.51621675047602","","🍻","Bar","-73.56528957192985","[]","QC","0","","0","","NC-0000000151","true","","0","[]","0.1","PUB L'ABREUVOIR","403 rue Ontario E","","CA","69ce5852314e03da4ab9459b","2026-04-02T11:51:46.972000","2026-04-02T11:51:46.972000","698c747aee05acfdd23ea578","false"
"","https://res.cloudinary.com/dnp8eionl/image/upload/v1774923865/432570397_771997387823850_3771604471704177707_n_mce6br.jpg","America/Toronto","Le Plateau-Mont-Royal","45.51708694959824","art","🍻","Bar","-73.57992839822916","[{""weight"":1,""key"":""art""}]","QC","0","","0","","NC-0000000130","true","","0","[]","0.1","Bar fly","4062 boulevard Saint-Laurent","","CA","69ce5852314e03da4ab945a2","2026-04-02T11:51:46.972000","2026-04-20T14:46:19.814000","698c747aee05acfdd23ea578","false"
"underground","https://res.cloudinary.com/dnp8eionl/image/upload/v1774923865/445772976_3724918151127329_5498058462143156400_n_oc2k9w.jpg","America/Toronto","Villeray–Saint-Michel–Parc-Extension","45.54367885985299","","🍻","Bar","-73.62021461300381","[]","QC","0","1","0","","NC-0000000009","true","","0","[]","0.1","LE RECORD","7622 rue Saint-Hubert","","CA","69ce5852314e03da4ab94569","2026-04-02T11:51:46.972000","2026-04-02T11:51:46.972000","698c747aee05acfdd23ea578","false"
"underground","","America/Toronto","Ville-Marie","45.511870163463584","","👩‍💻","Coworking","-73.56228793010006","[]","QC","0","1","0","","NC-0000000193","false","","0","[]","0.1","Espace ville autrement","201 rue Sainte-Catherine E","","CA","69ce5852314e03da4ab94586","2026-04-02T11:51:46.972000","2026-04-02T11:51:46.972000","698c747aee05acfdd23ea578","false"
"underground","","America/Toronto","Le Plateau-Mont-Royal","45.51742066587246","","🍻","Bar","-73.59010497652248","[]","QC","0","1","0","","NC-0000000116","false","","0","[]","0.1","MONSIEUR RICARD","4543 avenue du Parc","","CA","69ce5852314e03da4ab945a4","2026-04-02T11:51:46.972000","2026-04-02T11:51:46.972000","698c747aee05acfdd23ea578","false"
"","https://res.cloudinary.com/dnp8eionl/image/upload/v1774918859/microrave/avatars/qhy21sbrzigntc6b7pxx.jpg","America/Toronto","Rosemont–La Petite-Patrie","45.53212100578991","music","🍸","Bistro","-73.6129230064309","[{""weight"":0.6667,""key"":""music""},{""weight"":0.3333,""key"":""art""}]","QC","0","","0","","NC-0000000059","true","","0","[]","0.1","Bar Bello","6740 boulevard Saint-Laurent","","CA","69ce5852314e03da4ab9454f","2026-04-02T11:51:46.972000","2026-04-02T11:51:46.972000","698c747aee05acfdd23ea578","false"
"underground","https://res.cloudinary.com/dnp8eionl/image/upload/v1774917868/microrave/avatars/t59vsmibv5qwtmsguhxv.jpg","America/Toronto","Rosemont–La Petite-Patrie","45.53679030826266","","🍻","Bar","-73.60272142035491","[]","QC","0","1","0","","NC-0000000006","true","","0","[]","0.1","NACHO LIBRE","913 rue Beaubien E","","CA","69ce5852314e03da4ab94559","2026-04-02T11:51:46.972000","2026-04-02T11:51:46.972000","698c747aee05acfdd23ea578","false"
"underground","","America/Toronto","Ahuntsic–Cartierville","45.543867106238025","","👩‍💻","Coworking","-73.6495770975626","[]","QC","0","1","0","","NC-0000000194","false","","0","[]","0.1","Atelier des métaux Saint-Laurent","9180 boulevard Saint-Laurent","","CA","69ce5852314e03da4ab9456a","2026-04-02T11:51:46.972000","2026-04-02T11:51:46.972000","698c747aee05acfdd23ea578","false"
"","","America/Toronto","Villeray–Saint-Michel–Parc-Extension","45.559555080553466","","🎤","Karaoké","-73.59737949713488","[]","QC","0","","0","","NC-0000000066","false","","0","[]","0.1","ZOE BAR","3296 rue Jean-Talon E","","CA","69ce5852314e03da4ab94574","2026-04-02T11:51:46.972000","2026-04-02T11:51:46.972000","698c747aee05acfdd23ea578","false"
"","","America/Toronto","Mercier–Hochelaga-Maisonneuve","45.605601755009786","","👩‍💻","Coworking","-73.51770080094705","[]","QC","0","","0","","NC-0000000171","false","","0","[]","0.1","Quartier Général","9085 rue Hochelaga","","CA","69ce5852314e03da4ab9457e","2026-04-02T11:51:46.972000","2026-04-02T11:51:46.972000","698c747aee05acfdd23ea578","false"
"","","America/Toronto","Ville-Marie","45.510721836749504","","📺","Radio et télévision","-73.55078753493109","[]","QC","0","","0","","NC-0000000206","false","","0","[]","0.1","TV5 QUEBEC CANADA","460 rue Saint-Paul E","","CA","69ce5852314e03da4ab94584","2026-04-02T11:51:46.972000","2026-04-02T11:51:46.972000","698c747aee05acfdd23ea578","false"
"","","America/Toronto","Le Plateau-Mont-Royal","45.53978282376106","","📺","Radio et télévision","-73.56800140029746","[]","QC","0","","0","","NC-0000000210","false","","0","[]","0.1","TVA","4545 rue Frontenac","","CA","69ce5852314e03da4ab9455f","2026-04-02T11:51:46.972000","2026-04-02T11:51:46.972000","698c747aee05acfdd23ea578","false"
"underground","https://res.cloudinary.com/dnp8eionl/image/upload/v1774922090/microrave/avatars/aope1inf1k2a4bts92wy.jpg","America/Toronto","Villeray–Saint-Michel–Parc-Extension","45.54238637293574","music","🛢️","Microbrasserie","-73.62951527861495","[{""weight"":0.6,""key"":""music""},{""weight"":0.4,""key"":""humour""}]","QC","0","1","0","humour","NC-0000000021","true","","0","[]","0.1","Brasserie Etoh","8100 rue Saint-Denis","","CA","69ce5852314e03da4ab94566","2026-04-02T11:51:46.972000","2026-04-02T11:51:46.972000","698c747aee05acfdd23ea578","false"
"underground","https://res.cloudinary.com/dnp8eionl/image/upload/v1774991698/microrave/avatars/brc51u1uclguz76x1hv8.jpg","America/Toronto","Mercier–Hochelaga-Maisonneuve","45.589085180107936","","🍻","Bar","-73.51682193485975","[]","QC","0","1","0","","NC-0000000200","true","","0","[]","0.1","Studio Piccolo","1977 rue Lepailleur","","CA","69ce5852314e03da4ab9457a","2026-04-02T11:51:46.972000","2026-04-02T11:51:46.972000","698c747aee05acfdd23ea578","false"
"underground","https://res.cloudinary.com/dnp8eionl/image/upload/v1774923865/358063100_1644588259353372_2908989546283546745_n_h6k6b2.jpg","America/Toronto","Ville-Marie","45.50990826976408","","🍻","Bar","-73.56310407396033","[]","QC","0","1","0","","NC-0000000119","true","","0","[]","0.1","MIDWAY","1219 boulevard Saint-Laurent","","CA","69ce5852314e03da4ab94581","2026-04-02T11:51:46.972000","2026-04-02T11:51:46.972000","698c747aee05acfdd23ea578","false"
"underground","https://res.cloudinary.com/dnp8eionl/image/upload/v1774923865/522547795_17994956243814243_4444821110620305629_n_s9gqs4.jpg","America/Toronto","Ville-Marie","45.51231859260205","","🍺","Pub","-73.5622728071012","[]","QC","0","1","0","","NC-0000000094","true","","0","[]","0.1","Pub Le Sainte-Élisabeth","1412 rue Sainte-Élisabeth","","CA","69ce5852314e03da4ab94588","2026-04-02T11:51:46.972000","2026-04-02T11:51:46.972000","698c747aee05acfdd23ea578","false"
"underground","","America/Toronto","Ville-Marie","45.51257126301188","","🍻","Bar","-73.55747587120162","[]","QC","0","1","0","","NC-0000000202","false","","0","[]","0.1","Hihop musique","1085 rue Saint-Denis","","CA","69ce5852314e03da4ab9458b","2026-04-02T11:51:46.972000","2026-04-02T11:51:46.972000","698c747aee05acfdd23ea578","false"
"","https://res.cloudinary.com/dnp8eionl/image/upload/v1774922660/microrave/avatars/codiqb7qooadgle99kht.jpg","America/Toronto","Le Plateau-Mont-Royal","45.51484130271333","music","🍻","Bar","-73.5743674215586","[{""weight"":0.5,""key"":""music""},{""weight"":0.5,""key"":""humour""}]","QC","0","","0","","NC-0000000123","true","","0","[]","0.1","TRH-BAR","3699 boulevard Saint-Laurent","","CA","69ce5852314e03da4ab94592","2026-04-02T11:51:46.972000","2026-04-02T11:51:46.972000","698c747aee05acfdd23ea578","false"
"","https://res.cloudinary.com/dnp8eionl/image/upload/v1774959838/microrave/avatars/tjsnubu3jtjziuvppgst.jpg","America/Toronto","Rosemont–La Petite-Patrie","45.53197399969469","","🍻","Bar","-73.61264114157555","[]","QC","0","","0","","NC-0000000060","true","","0","[]","0.1","Pretty Dirty","6714 boulevard Saint-Laurent","","CA","69ce5852314e03da4ab9454e","2026-04-02T11:51:46.972000","2026-04-02T11:51:46.972000","698c747aee05acfdd23ea578","false"
"underground","","America/Toronto","Villeray–Saint-Michel–Parc-Extension","45.541589980520705","","👩‍💻","Coworking","-73.62140374298892","[]","QC","0","1","0","","NC-0000000182","false","","0","[]","0.1","Espace Thèsez-vous","7640 rue Lajeunesse","","CA","69ce5852314e03da4ab94563","2026-04-02T11:51:46.972000","2026-04-02T11:51:46.972000","698c747aee05acfdd23ea578","false"
"underground","","America/Toronto","Villeray–Saint-Michel–Parc-Extension","45.544030804641466","","👩‍💻","Coworking","-73.62096412132603","[]","QC","0","1","0","","NC-0000000183","false","","0","[]","0.1","AUTHENTIK CANADA","7680 rue Saint-Hubert","","CA","69ce5852314e03da4ab9456b","2026-04-02T11:51:46.972000","2026-04-02T11:51:46.972000","698c747aee05acfdd23ea578","false"
"underground","","America/Toronto","Villeray–Saint-Michel–Parc-Extension","45.563927807212714","","🍻","Bar","-73.60491801331897","[]","QC","0","1","0","","NC-0000000201","false","","0","[]","0.1","CPAM AM 1410","3390 boulevard Crémazie E","","CA","69ce5852314e03da4ab94575","2026-04-02T11:51:46.972000","2026-04-02T11:51:46.972000","698c747aee05acfdd23ea578","false"
"underground","https://res.cloudinary.com/dnp8eionl/image/upload/v1774991575/microrave/avatars/fhzdj68ck85giyi4hbvz.jpg","America/Toronto","Saint-Léonard","45.576939562985096","","🍻","Bar","-73.59740185391635","[]","QC","0","1","0","","NC-0000000020","true","","0","[]","0.1","Le bistro bar tl","4664 rue Jarry E","","CA","69ce5852314e03da4ab94577","2026-04-02T11:51:46.972000","2026-04-02T11:51:46.972000","698c747aee05acfdd23ea578","false"
"underground","","America/Toronto","Saint-Laurent","45.51618110048892","video","🍻","Bar","-73.69619001929436","[{""weight"":0.3333,""key"":""video""},{""weight"":0.3333,""key"":""humour""},{""weight"":0.3333,""key"":""music""}]","QC","0","1","0","","NC-0000000003","false","","0","[]","0.1","LYLAC","1625 boulevard Marcel-Laurin","","CA","69ce5852314e03da4ab9459a","2026-04-02T11:51:46.972000","2026-04-02T11:51:46.972000","698c747aee05acfdd23ea578","false"
"energetic","https://res.cloudinary.com/dnp8eionl/image/upload/v1774916287/microrave/avatars/ajjwygj3cu0ga7mwk9em.jpg","America/Toronto","Ville-Marie","45.51632645373671","music","🪩","Club","-73.56587214741366","[{""weight"":0.875,""key"":""music""},{""weight"":0.125,""key"":""video""}]","QC","0","1","0","","NC-0000000095","true","","0","[]","0.1","Le Red Room","2037 rue Saint-Denis","","CA","69ce5852314e03da4ab9459f","2026-04-02T11:51:46.972000","2026-04-20T14:46:18.990000","698c747aee05acfdd23ea578","false"
"underground","","America/Toronto","Ville-Marie","45.51731720518026","music","🍻","Bar","-73.55647161593159","[{""weight"":1,""key"":""music""}]","QC","0","1","0","","NC-0000000102","false","","0","[]","0.1","BAR LE NORMANDIE","1295 rue Atateken","","CA","69ce5852314e03da4ab945a3","2026-04-02T11:51:46.972000","2026-04-02T11:51:46.972000","698c747aee05acfdd23ea578","false"
"","","America/Toronto","Le Plateau-Mont-Royal","45.53313120708295","","🍻","Bar","-73.57549772091197","[]","QC","0","","0","","NC-0000000146","false","","0","[]","0.1","LOBBY BAR","4538 avenue Papineau","","CA","69ce5852314e03da4ab94551","2026-04-02T11:51:46.972000","2026-04-02T11:51:46.972000","698c747aee05acfdd23ea578","false"
"","","America/Toronto","Villeray–Saint-Michel–Parc-Extension","45.54079944692556","music","🍻","Bar","-73.62218827588661","[{""weight"":1,""key"":""music""}]","QC","0","","0","","NC-0000000044","false","","0","[]","0.1","Huit Clos","7659 rue Saint-Denis","","CA","69ce5852314e03da4ab94562","2026-04-02T11:51:46.972000","2026-04-02T11:51:46.972000","698c747aee05acfdd23ea578","false"
"","","America/Toronto","Ville-Marie","45.51396866742427","music","🪩","Club","-73.57296899438646","[{""weight"":0.5714,""key"":""music""},{""weight"":0.2857,""key"":""humour""},{""weight"":0.1429,""key"":""video""}]","QC","0","","0","music","NC-0000000155","false","H2X 2V4","0","[]","0.1","PEOPL","3604 Boul. Saint-Laurent","","CA","69ce5852314e03da4ab94590","2026-04-02T11:51:46.972000","2026-04-02T11:51:46.972000","698c747aee05acfdd23ea578","false"
"underground","https://res.cloudinary.com/dnp8eionl/image/upload/v1774923865/30077403_417217265387139_1804913130870931456_n_jztslm.jpg","America/Toronto","Le Plateau-Mont-Royal","45.51421222966552","music","👠","Cabaret","-73.57217120412236","[{""weight"":1,""key"":""music""}]","QC","0","1","0","","NC-0000000107","true","","0","[]","0.1","Vol de nuit","14 rue Prince-Arthur E","","CA","69ce5852314e03da4ab94591","2026-04-02T11:51:46.972000","2026-04-20T14:46:04.450000","698c747aee05acfdd23ea578","false"
"underground","https://res.cloudinary.com/dnp8eionl/image/upload/v1774923865/316144839_551565130117021_746019496560799442_n_fpsesc.jpg","America/Toronto","Rosemont–La Petite-Patrie","45.53581763721002","","🍸","Bistro","-73.60802818286933","[]","QC","0","1","0","","NC-0000000018","true","","0","[]","0.1","Buvette pompette","414 rue Saint-Zotique E","","CA","69ce5852314e03da4ab94556","2026-04-02T11:51:46.972000","2026-04-02T11:51:46.972000","698c747aee05acfdd23ea578","false"
"underground","https://res.cloudinary.com/dnp8eionl/image/upload/v1774959959/microrave/avatars/e0oy6ms5umzp1e32xsaj.jpg","America/Toronto","Villeray–Saint-Michel–Parc-Extension","45.536526137402454","","👩‍💼","Gérance d'artistes","-73.61910295166587","[]","QC","0","1","0","","NC-0000000181","true","","0","[]","0.1","Prémisse","93 rue De Castelnau E","","CA","69ce5852314e03da4ab94558","2026-04-02T11:51:46.972000","2026-04-02T11:51:46.972000","698c747aee05acfdd23ea578","false"
"","","America/Toronto","Villeray–Saint-Michel–Parc-Extension","45.54246086497773","","🍻","Bar","-73.62949536156248","[]","QC","0","","0","","NC-0000000041","false","","0","[]","0.1","BRASSERIE ETOH","8100 rue Saint-Denis","","CA","69ce5852314e03da4ab94567","2026-04-02T11:51:46.972000","2026-04-02T11:51:46.972000","698c747aee05acfdd23ea578","false"
"","","America/Toronto","Rosemont–La Petite-Patrie","45.545796773543934","music","🍻","Bar","-73.60382161615885","[{""weight"":1,""key"":""music""}]","QC","0","","0","","NC-0000000047","false","","0","[]","0.1","BAR LE BERBER","1650 rue Bélanger","","CA","69ce5852314e03da4ab9456d","2026-04-02T11:51:46.972000","2026-04-02T11:51:46.972000","698c747aee05acfdd23ea578","false"
"underground","","America/Toronto","Saint-Léonard","45.60310186330919","","👩‍💻","Coworking","-73.60836017457213","[]","QC","0","1","0","","NC-0000000195","false","","0","[]","0.1","Metspace","6205 boulevard des Grandes-Prairies","","CA","69ce5852314e03da4ab9457c","2026-04-02T11:51:46.972000","2026-04-02T11:51:46.972000","698c747aee05acfdd23ea578","false"
"underground","","America/Toronto","Ville-Marie","45.60924751035128","","🍻","Bar","-73.61371990021462","[]","QC","0","1","0","","NC-0000000017","false","","0","[]","0.1","CAFÉ MOTTA","6227 boulevard Henri-Bourassa E","","CA","69ce5852314e03da4ab9457f","2026-04-02T11:51:46.972000","2026-04-02T11:51:46.972000","698c747aee05acfdd23ea578","false"
"","https://res.cloudinary.com/dnp8eionl/image/upload/v1774917701/microrave/avatars/o24y6nbdawnx7slhuxje.jpg","America/Toronto","Saint-Laurent","45.51254547645759","video","🍻","Bar","-73.69275117189149","[{""weight"":0.3333,""key"":""video""},{""weight"":0.3333,""key"":""humour""},{""weight"":0.3333,""key"":""music""}]","QC","0","","0","","NC-0000000038","true","","0","[]","0.1","Rosana","1320 boulevard Marcel-Laurin","","CA","69ce5852314e03da4ab9458a","2026-04-02T11:51:46.972000","2026-04-02T11:51:46.972000","698c747aee05acfdd23ea578","false"
"underground","https://res.cloudinary.com/dnp8eionl/image/upload/v1774923865/39304274_668445463535072_6901815567666118656_n_gju4aa.jpg","America/Toronto","Ville-Marie","45.5157875524435","","🛢️","Microbrasserie","-73.56462785645058","[]","QC","0","1","0","","NC-0000000077","true","","0","[]","0.1","LE SAINT-BOCK","1749 rue Saint-Denis","","CA","69ce5852314e03da4ab94596","2026-04-02T11:51:46.972000","2026-04-02T11:51:46.972000","698c747aee05acfdd23ea578","false"
"","https://res.cloudinary.com/dnp8eionl/image/upload/v1774923865/122007302_375829763788079_9219895186653498134_n_yb0osw.jpg","America/Toronto","Villeray–Saint-Michel–Parc-Extension","45.540329214742385","","🍻","Gérance d'artistes","-73.62064297284459","[]","QC","0","","0","","NC-0000000167","true","","0","[]","0.1","Kenyon wells","7535 rue Saint-Denis","","CA","69ce5852314e03da4ab94560","2026-04-02T11:51:46.972000","2026-04-02T11:51:46.972000","698c747aee05acfdd23ea578","false"
"underground","","America/Toronto","Ville-Marie","45.57951292529623","","🍻","Bar","-73.64439634270846","[]","QC","0","1","0","","NC-0000000022","false","","0","[]","0.1","BISTRO FLEURY","3163 rue Fleury E","","CA","69ce5852314e03da4ab94578","2026-04-02T11:51:46.972000","2026-04-02T11:51:46.972000","698c747aee05acfdd23ea578","false"
"","https://res.cloudinary.com/dnp8eionl/image/upload/v1774917442/microrave/avatars/jdtycelllwhljsnf5nup.jpg","America/Toronto","Ville-Marie","45.510589336793544","music","🎪","Salle de spectacle","-73.56335011378701","[{""weight"":1,""key"":""music""}]","QC","0","1","0","","NC-0000000302","true","","0","[]","0.1","MTELUS","61 rue Sainte-Catherine E","","CA","69ce5852314e03da4ab94583","2026-04-02T11:51:46.972000","2026-04-02T11:51:46.972000","698c747aee05acfdd23ea578","false"
"underground","https://res.cloudinary.com/dnp8eionl/image/upload/v1774923865/305750224_451209127043148_7392605123994085024_n_maacbx.jpg","America/Toronto","Ville-Marie","45.51493553616808","","🍻","Cabaret","-73.5653639172845","[]","QC","0","1","0","","NC-0000000120","true","","0","[]","0.1","Le Bordel Comédie & Club","312 rue Ontario E","","CA","69ce5852314e03da4ab94593","2026-04-02T11:51:46.972000","2026-04-02T11:51:46.972000","698c747aee05acfdd23ea578","false"
"","","America/Toronto","Rosemont–La Petite-Patrie","45.5404951235879","music","📺","Radio et télévision","-73.59047988047155","[{""weight"":1,""key"":""music""}]","QC","0","","0","","NC-0000000204","false","","0","[]","0.1","Evanov","5875 avenue Papineau","","CA","69ce5852314e03da4ab94561","2026-04-02T11:51:46.972000","2026-04-02T11:51:46.972000","698c747aee05acfdd23ea578","false"
"","https://res.cloudinary.com/dnp8eionl/image/upload/v1774923865/657456854_18110924815750433_8948274580580695483_n_konywe.jpg","America/Toronto","Ahuntsic–Cartierville","45.54322216225032","","🍻","Bar","-73.65637891319207","[]","QC","0","","0","","NC-0000000064","true","","0","[]","0.1","Silo","109 rue de Louvain O","","CA","69ce5852314e03da4ab94568","2026-04-02T11:51:46.972000","2026-04-02T11:51:46.972000","698c747aee05acfdd23ea578","false"
"","https://res.cloudinary.com/dnp8eionl/image/upload/v1774923865/446906788_3920370461578169_8251164772582519786_n_yhjxjh.jpg","America/Toronto","Villeray–Saint-Michel–Parc-Extension","45.54528170218829","humour","🍻","Bar","-73.62706572671993","[{""weight"":0.6667,""key"":""humour""},{""weight"":0.3333,""key"":""music""}]","QC","0","","0","","NC-0000000035","true","","0","[]","0.1","LE PETIT 26","694 rue Jarry E","","CA","69ce5852314e03da4ab9456c","2026-04-02T11:51:46.972000","2026-04-20T14:45:47.441000","698c747aee05acfdd23ea578","false"
"","","America/Toronto","Rosemont–La Petite-Patrie","45.55763268735361","","👩‍💻","Coworking","-73.56967235716857","[]","QC","0","","0","","NC-0000000174","false","","0","[]","0.1","Espace Masson","3943 rue Masson","","CA","69ce5852314e03da4ab94572","2026-04-02T11:51:46.972000","2026-04-02T11:51:46.972000","698c747aee05acfdd23ea578","false"
"underground","","America/Toronto","Saint-Laurent","45.510486609696756","music","🍻","Bar","-73.6867554616859","[{""weight"":1,""key"":""music""}]","QC","0","1","0","","NC-0000000002","false","","0","[]","0.1","District 961","1814 boulevard de la Côte-Vertu","","CA","69ce5852314e03da4ab94582","2026-04-02T11:51:46.972000","2026-04-02T11:51:46.972000","698c747aee05acfdd23ea578","false"
"underground","https://res.cloudinary.com/dnp8eionl/image/upload/v1774923865/41709011_283020902309338_1677261411434102784_n_ww44z9.jpg","America/Toronto","Ville-Marie","45.516243357389925","","🍻","Bar","-73.56573840089088","[]","QC","0","1","0","","NC-0000000114","true","","0","[]","0.1","LE 4E MUR","2021 rue Saint-Denis","","CA","69ce5852314e03da4ab9459d","2026-04-02T11:51:46.972000","2026-04-02T11:51:46.972000","698c747aee05acfdd23ea578","false"
"underground","https://res.cloudinary.com/dnp8eionl/image/upload/v1774923865/495813583_18480619762068080_6575952870997305754_n_kzma4q.jpg","America/Toronto","Le Plateau-Mont-Royal","45.51663923593665","","🪩","Club","-73.57893497057005","[]","QC","0","1","0","","NC-0000000118","true","","0","[]","0.1","Barbossa","3956 boulevard Saint-Laurent","","CA","69ce5852314e03da4ab945a0","2026-04-02T11:51:46.972000","2026-04-02T11:51:46.972000","698c747aee05acfdd23ea578","false"
"","https://res.cloudinary.com/dnp8eionl/image/upload/v1774923865/491442479_17910490410109766_6719419939190644166_n_gw4ewc.jpg","America/Toronto","Ville-Marie","45.51690368889309","","👠","Cabaret","-73.55743516605705","[]","QC","0","1","0","","NC-0000000306","true","","0","[]","0.1","Bernard","","","CA","69ce5852314e03da4ab945a1","2026-04-02T11:51:46.972000","2026-04-02T11:51:46.972000","698c747aee05acfdd23ea578","false"
"","https://res.cloudinary.com/dnp8eionl/image/upload/v1774990111/microrave/avatars/cwnneg9v7lzzllihvccg.jpg","America/Toronto","Rosemont–La Petite-Patrie","45.53225211509501","","🍻","Bar","-73.60688328179054","[]","QC","0","","0","","NC-0000000045","true","","0","[]","0.1","L'HÉMISPHÈRE GAUCHE","221 rue Beaubien E","","CA","69ce5852314e03da4ab94550","2026-04-02T11:51:46.972000","2026-04-02T11:51:46.972000","698c747aee05acfdd23ea578","false"
"","https://res.cloudinary.com/dnp8eionl/image/upload/v1774916745/microrave/avatars/veg7ft7ejngrsbch1dfd.jpg","America/Toronto","Rosemont–La Petite-Patrie","45.53577309793415","","🍻","Bar","-73.60255399206761","[]","QC","0","","0","","NC-0000000061","true","","0","[]","0.1","Spaghetti Western","6390 rue Saint-Hubert","","CA","69ce5852314e03da4ab94555","2026-04-02T11:51:46.972000","2026-04-02T11:51:46.972000","698c747aee05acfdd23ea578","false"
"underground","","America/Toronto","Ville-Marie","45.54237319469041","","🎪","Salle de spectacle","-73.58826780180082","[]","QC","0","1","0","","NC-0000000015","false","","0","[]","0.1","La Récré","","","CA","69ce5852314e03da4ab94565","2026-04-02T11:51:46.972000","2026-04-02T11:51:46.972000","698c747aee05acfdd23ea578","false"
"underground","","America/Toronto","Ahuntsic–Cartierville","45.54715974723588","","👩‍💻","Coworking","-73.66554105743346","[]","QC","0","1","0","","NC-0000000185","false","","0","[]","0.1","VanHub","80 rue Fleury O","","CA","69ce5852314e03da4ab9456f","2026-04-02T11:51:46.972000","2026-04-02T11:51:46.972000","698c747aee05acfdd23ea578","false"
"","https://res.cloudinary.com/dnp8eionl/image/upload/v1774923865/12328003_1550804615213176_1264439090_a_yy9zk3.jpg","America/Toronto","Ville-Marie","45.51631484761597","","🍻","Bar","-73.56583924650367","[]","QC","0","","0","","NC-0000000068","true","","0","[]","0.1","ARCADE MTL","2031 rue Saint-Denis","","CA","69ce5852314e03da4ab9459e","2026-04-02T11:51:46.972000","2026-04-02T11:51:46.972000","698c747aee05acfdd23ea578","false"
"underground","https://res.cloudinary.com/dnp8eionl/image/upload/v1774959838/microrave/avatars/tjsnubu3jtjziuvppgst.jpg","America/Toronto","Villeray–Saint-Michel–Parc-Extension","45.53936972423009","","🍻","Bar","-73.62366656572283","[]","QC","0","1","0","","NC-0000000027","true","","0","[]","0.1","MISS VILLERAY","220 rue Villeray","","CA","69ce5852314e03da4ab9455d","2026-04-02T11:51:46.972000","2026-04-02T11:51:46.972000","698c747aee05acfdd23ea578","false"
"","https://res.cloudinary.com/dnp8eionl/image/upload/v1774923865/429955806_1067742364343627_6507722375220395846_n_ysjcog.jpg","America/Toronto","Ville-Marie","45.51570097562181","","🍻","Bar","-73.56444561341432","[]","QC","0","","0","","NC-0000000143","true","H2X 3K8","0","[]","0.1","Point Bar Lounge","2017 R. Saint-Denis","","CA","69ce5852314e03da4ab94595","2026-04-02T11:51:46.972000","2026-04-02T11:51:46.972000","698c747aee05acfdd23ea578","false"
"","https://res.cloudinary.com/dnp8eionl/image/upload/v1774917070/microrave/avatars/gsxx7a0lgkjytewzyxke.jpg","America/Toronto","Ville-Marie","45.51604722839407","","🍻","Bar","-73.55819428832318","[]","QC","0","","0","","NC-0000000158","true","","0","[]","0.1","LE STEREO NIGHT CLUB","858 rue Sainte-Catherine E","","CA","69ce5852314e03da4ab94598","2026-04-02T11:51:46.972000","2026-04-02T11:51:46.972000","698c747aee05acfdd23ea578","false"
"","https://res.cloudinary.com/dnp8eionl/image/upload/v1774918097/microrave/avatars/qaoxbwujk5ynnvpgpi3j.jpg","America/Toronto","Rosemont–La Petite-Patrie","45.53970555820031","","🍸","Bistro","-73.59951834039992","[]","QC","0","","0","","NC-0000000040","true","","0","[]","0.1","VINVINVIN","1290 rue Beaubien E","","CA","69ce5852314e03da4ab9455e","2026-04-02T11:51:46.972000","2026-04-02T11:51:46.972000","698c747aee05acfdd23ea578","false"
"underground","https://res.cloudinary.com/dnp8eionl/image/upload/v1774923865/272860785_474586504141779_1235107240289661689_n_kyrvgr.jpg","America/Toronto","Villeray–Saint-Michel–Parc-Extension","45.55451331600748","music","🍻","Bar","-73.60089433374381","[{""weight"":1,""key"":""music""}]","QC","0","1","0","","NC-0000000011","true","","0","[]","0.1","Le Club L","2570 rue Jean-Talon E","","CA","69ce5852314e03da4ab94571","2026-04-02T11:51:46.972000","2026-04-20T14:46:00.824000","698c747aee05acfdd23ea578","false"
"","https://res.cloudinary.com/dnp8eionl/image/upload/v1774916551/microrave/avatars/sbqrs7jdc5ftxax8utvi.jpg","America/Toronto","Ville-Marie","45.512416","music","🪩","Club","-73.562192","[{""weight"":0.8333,""key"":""music""},{""weight"":0.1667,""key"":""humour""}]","QC","0","","0","music","NC-0000000149","true","H2X 3C5","0","[]","0.1","Newspeak","1403 Rue Ste-Élisabeth","","CA","69ce5852314e03da4ab94589","2026-04-02T11:51:46.972000","2026-04-02T11:51:46.972000","698c747aee05acfdd23ea578","false"
"underground","","America/Toronto","Ville-Marie","45.51622036858339","","🍻","Bar","-73.56567519648935","[]","QC","0","1","0","","NC-0000000096","false","","0","[]","0.1","ENTREPRISE POINT BAR INC.","2017 rue Saint-Denis","","CA","69ce5852314e03da4ab9459c","2026-04-02T11:51:46.972000","2026-04-02T11:51:46.972000","698c747aee05acfdd23ea578","false"
"","https://res.cloudinary.com/dnp8eionl/image/upload/v1774917246/microrave/avatars/m6tjm7dacqusxnogk0vm.jpg","America/Toronto","Ville-Marie","45.52545638005083","","👠","Cabaret","-73.55946308326513","[]","QC","0","1","0","","NC-0000000305","true","H2L 1S7","0","[]","0.1","Lion d'Or","1676 Rue Ontario E","","CA","69ce5852314e03da4ab9453b","2026-04-02T11:51:46.971000","2026-04-02T11:51:46.971000","698c747aee05acfdd23ea578","false"
"underground","","America/Toronto","Le Plateau-Mont-Royal","45.52948029328662","music","🍻","Bar","-73.59036811911177","[{""weight"":0.6667,""key"":""music""},{""weight"":0.3333,""key"":""art""}]","QC","0","1","0","","NC-0000000090","false","","0","[]","0.1","Bar La Remise","540 rue Boucher","","CA","69ce5852314e03da4ab94547","2026-04-02T11:51:46.971000","2026-04-02T11:51:46.971000","698c747aee05acfdd23ea578","false"
"","https://res.cloudinary.com/dnp8eionl/image/upload/v1774923865/10957265_1528030794143986_95085403_a_fsg8hl.jpg","America/Toronto","Rosemont–La Petite-Patrie","45.53056276625585","","🍸","Cabaret","-73.60792709454614","[]","QC","0","","0","","NC-0000000031","true","","0","[]","0.1","NOTRE DAME DES QUILLES","32 rue Beaubien E","","CA","69ce5852314e03da4ab94549","2026-04-02T11:51:46.971000","2026-04-02T11:51:46.971000","698c747aee05acfdd23ea578","false"
"chill","https://res.cloudinary.com/dnp8eionl/image/upload/v1774916909/575293992_18538224961039613_7019734105126470963_n_pacnk9.jpg","America/Toronto","Ville-Marie","45.46580000415213","","","Bar","-73.56681631268911","[]","QC","0","1","0","","NC-0000000309","true","H4G 1V1","0","[]","5","La Betise","3807 Rue Wellington","","CA","69ce5852314e03da4ab94535","2026-04-02T11:51:46.971000","2026-04-02T11:51:46.971000","698c747aee05acfdd23ea578","false"
"","https://res.cloudinary.com/dnp8eionl/image/upload/v1774918753/microrave/avatars/m2r0raf8bozfvf8gdhoh.jpg","America/Toronto","Rosemont–La Petite-Patrie","45.52999028797008","music","🍺","Pub","-73.6157989155511","[{""weight"":0.5,""key"":""music""},{""weight"":0.5,""key"":""humour""}]","QC","0","","0","","NC-0000000039","true","","0","[]","0.1","Wills","6729 rue Joseph-Tison","","CA","69ce5852314e03da4ab94548","2026-04-02T11:51:46.971000","2026-04-02T11:51:46.971000","698c747aee05acfdd23ea578","false"
"","","America/Toronto","Le Plateau-Mont-Royal","45.527459076388034","","👩‍💻","Coworking","-73.60845999888902","[]","QC","0","","0","","NC-0000000179","false","","0","[]","0.1","Le 139","139 avenue Van Horne","","CA","69ce5852314e03da4ab94540","2026-04-02T11:51:46.971000","2026-04-02T11:51:46.971000","698c747aee05acfdd23ea578","false"
"underground","","America/Toronto","Rosemont–La Petite-Patrie","45.52895832992859","","🍻","Bar","-73.60612733272497","[]","QC","0","1","0","","NC-0000000028","false","","0","[]","0.1","T-rapie","6246 boulevard Saint-Laurent","","CA","69ce5852314e03da4ab94544","2026-04-02T11:51:46.971000","2026-04-02T11:51:46.971000","698c747aee05acfdd23ea578","false"
"","","America/Toronto","Le Plateau-Mont-Royal","45.53079837043391","","👩‍💻","Coworking","-73.58401105481077","[]","QC","0","","0","","NC-0000000176","false","","0","[]","0.1","Espace santé 1133","1133 boulevard Saint-Joseph E","","CA","69ce5852314e03da4ab9454a","2026-04-02T11:51:46.971000","2026-04-02T11:51:46.971000","698c747aee05acfdd23ea578","false"
"underground","","America/Toronto","Le Plateau-Mont-Royal","45.53155405452238","","🍻","Bar","-73.57567689753155","[]","QC","0","1","0","","NC-0000000083","false","","0","[]","0.1","LA SOCIETE LES ENFANTS DU ROCK INC.","1550 avenue du Mont-Royal E","","CA","69ce5852314e03da4ab9454c","2026-04-02T11:51:46.971000","2026-04-02T11:51:46.971000","698c747aee05acfdd23ea578","false"
"underground","","America/Toronto","Ville-Marie","45.660198416620105","music","🎤","Karaoké","-73.50917796997078","[{""weight"":1,""key"":""music""}]","QC","0","1","0","","NC-0000000012","false","","0","[]","0.1","La boite à Chantal","13305 rue Sherbrooke E","","CA","69ce5852314e03da4ab94538","2026-04-02T11:51:46.971000","2026-04-02T11:51:46.971000","698c747aee05acfdd23ea578","false"
"underground","https://res.cloudinary.com/dnp8eionl/image/upload/v1774923865/27893997_348359702334750_2981019972748181504_n_rmjohe.jpg","America/Toronto","Ville-Marie","45.52504459425493","","🍻","Bar","-73.56025140156711","[]","QC","0","1","0","","NC-0000000106","true","","0","[]","0.1","GRENADE BAR","1603 rue Ontario E","","CA","69ce5852314e03da4ab9453a","2026-04-02T11:51:46.971000","2026-04-02T11:51:46.971000","698c747aee05acfdd23ea578","false"
"","https://res.cloudinary.com/dnp8eionl/image/upload/v1774919259/microrave/avatars/yey3lkbzp14nse8yugp0.jpg","America/Toronto","Le Plateau-Mont-Royal","45.52682186274183","music","🍸","Bistro","-73.58869128783174","[{""weight"":1,""key"":""music""}]","QC","0","","0","","NC-0000000067","true","","0","[]","0.1","Bar la marche à côté","5043 rue Saint-Denis","","CA","69ce5852314e03da4ab9453d","2026-04-02T11:51:46.971000","2026-04-02T11:51:46.971000","698c747aee05acfdd23ea578","false"
"","","America/Toronto","Le Plateau-Mont-Royal","45.526937351460695","","👩‍💻","Coworking","-73.57494253422202","[]","QC","0","","0","","NC-0000000175","false","","0","[]","0.1","Halte 24/7","4284 rue De La Roche","","CA","69ce5852314e03da4ab9453e","2026-04-02T11:51:46.971000","2026-04-02T11:51:46.971000","698c747aee05acfdd23ea578","false"
"","https://res.cloudinary.com/dnp8eionl/image/upload/v1774919158/microrave/avatars/wlwxaitrmobdbuas9cqj.jpg","America/Toronto","Le Plateau-Mont-Royal","45.52716543556797","","🍻","Bar","-73.60214022698214","[]","QC","0","","0","","NC-0000000128","true","","0","[]","0.1","PING PONG CLUB","5788 boulevard Saint-Laurent","","CA","69ce5852314e03da4ab9453f","2026-04-02T11:51:46.971000","2026-04-02T11:51:46.971000","698c747aee05acfdd23ea578","false"
"","https://res.cloudinary.com/dnp8eionl/image/upload/v1774916909/microrave/avatars/tmn9kwnypea9g0sueec9.jpg","America/Toronto","Le Plateau-Mont-Royal","45.52485719569524","","👩‍💻","Coworking","-73.5964127543962","[]","QC","0","","0","","NC-0000000178","true","","0","[]","0.1","Aux angles ronds","5333 boulevard Saint-Laurent","","CA","69ce5852314e03da4ab94539","2026-04-02T11:51:46.971000","2026-04-02T11:51:46.971000","698c747aee05acfdd23ea578","false"
"underground","https://res.cloudinary.com/dnp8eionl/image/upload/v1774923865/491438301_1192681322327179_6481598417333188852_n_jpxrp2.jpg","America/Toronto","Rosemont–La Petite-Patrie","45.529112798392674","music","🍻","Bar","-73.61108448232362","[{""weight"":1,""key"":""music""}]","QC","0","1","0","","NC-0000000029","true","","0","[]","0.1","Bobby's","129 rue Beaubien O","","CA","69ce5852314e03da4ab94545","2026-04-02T11:51:46.971000","2026-04-20T14:46:05.278000","698c747aee05acfdd23ea578","false"
"","","America/Toronto","Le Plateau-Mont-Royal","45.52792188144364","video","🍺","Pub","-73.57949880952908","[{""weight"":0.3333,""key"":""video""},{""weight"":0.3333,""key"":""humour""},{""weight"":0.3333,""key"":""music""}]","QC","0","","0","","NC-0000000071","false","","0","[]","0.1","BAR CHEZ BAPTISTE","1045 avenue du Mont-Royal E","","CA","69ce5852314e03da4ab94541","2026-04-02T11:51:46.971000","2026-04-02T11:51:46.971000","698c747aee05acfdd23ea578","false"
"","https://res.cloudinary.com/dnp8eionl/image/upload/v1774923865/microrave/avatars/i00tnstqlbmcp5o3e5m1.jpg","America/Toronto","Le Plateau-Mont-Royal","45.52832017087725","","🍻","Bar","-73.57869275415413","[]","QC","0","","0","","NC-0000000142","true","","0","[]","0.1","BARRACA RHUMERIE & TAPAS INC.","1134 avenue du Mont-Royal E","","CA","69ce5852314e03da4ab94542","2026-04-02T11:51:46.971000","2026-04-02T11:51:46.971000","698c747aee05acfdd23ea578","false"
"","","America/Toronto","Ville-Marie","45.52832066231324","","👩‍💻","Coworking","-73.54675539988862","[]","QC","0","","0","","NC-0000000173","false","","0","[]","0.1","Adrianna Espace Collectif","2400 rue Sainte-Catherine E","","CA","69ce5852314e03da4ab94543","2026-04-02T11:51:46.971000","2026-04-02T11:51:46.971000","698c747aee05acfdd23ea578","false"
"underground","https://res.cloudinary.com/dnp8eionl/image/upload/v1774923865/microrave/avatars/e5yecpsc7ly0tzxl2rrm.jpg","America/Toronto","Rosemont–La Petite-Patrie","45.53111515793257","","🍻","Bar","-73.61095284118728","[]","QC","0","1","0","","NC-0000000008","true","","0","[]","0.1","TAVERNE COBRA","6584 boulevard Saint-Laurent","","CA","69ce5852314e03da4ab9454b","2026-04-02T11:51:46.971000","2026-04-02T11:51:46.971000","698c747aee05acfdd23ea578","false"
"mainstream","","America/Toronto","Ville-Marie","46.80662279217683","","","Club","-71.21624925263892","[]","QC","0","1","0","","NC-0000000308","false","G1R 2K5","0","[]","5","Le Dagobert","600 Grande Allée E","","CA","69ce5852314e03da4ab94536","2026-04-02T11:51:46.971000","2026-04-02T11:51:46.971000","698c747aee05acfdd23ea578","false"
"underground","","America/Toronto","Ville-Marie","45.640939753651324","music","🍻","Bar","-73.50133171133344","[{""weight"":0.5556,""key"":""music""},{""weight"":0.2222,""key"":""humour""},{""weight"":0.2222,""key"":""video""}]","QC","0","1","0","","NC-0000000019","false","","0","[]","0.1","BAR LANJEU","1300 boulevard Saint-Jean-Baptiste","","CA","69ce5852314e03da4ab94537","2026-04-02T11:51:46.971000","2026-04-02T11:51:46.971000","698c747aee05acfdd23ea578","false"
"chill","https://res.cloudinary.com/dnp8eionl/image/upload/v1774959627/microrave/avatars/nyhnp3vqsan1t8gpzau3.jpg","America/Toronto","Le Plateau-Mont-Royal","45.5258790176364","","🍻","Bar","-73.58144509378796","[]","QC","0","1","0","","NC-0000000086","true","","0","[]","0.1","TAVERNE ST-SACREMENT","775 avenue du Mont-Royal E","","CA","69ce5852314e03da4ab9453c","2026-04-02T11:51:46.971000","2026-04-02T11:51:46.971000","698c747aee05acfdd23ea578","false"
"chill","https://res.cloudinary.com/dnp8eionl/image/upload/v1774923865/microrave/avatars/gyjnm2qyyc1nsdppoquw.jpg","America/Toronto","Le Plateau-Mont-Royal","45.52911493401518","","🍸","Bistro","-73.57796133117644","[]","QC","0","1","0","","NC-0000000087","true","","0","[]","0.1","ROUGE GORGE","1234 avenue du Mont-Royal E","","CA","69ce5852314e03da4ab94546","2026-04-02T11:51:46.971000","2026-04-02T11:51:46.971000","698c747aee05acfdd23ea578","false"