score,checkpointSystemId,lastSessionAt,weight,sessionsCount,domainKey,countSessions,qualityAvg,updatedAt,id,created_date,updated_date,created_by_id,is_sample
"0","NC-0000000122","2026-04-28T18:59:36.089Z","0.0625","0","video","1","0","2026-04-28T18:59:36.089Z","69f103975592801513b27fe9","2026-04-28T18:59:35.974000","2026-04-28T18:59:38.703000","service_eb508f39-ce3d-4391-bb12-d4211c02ede9","false"
"0.6999928958282725","NC-0000000160","2026-04-28T12:05:07.332Z","0","1","photo","0","0.7","2026-04-28T12:05:33.638Z","69f0a28efd530b0077a101c8","2026-04-28T12:05:34.066000","2026-04-28T12:05:34.066000","service_eb508f39-ce3d-4391-bb12-d4211c02ede9","false"
"0.8999793726949951","NC-0000000165","2026-04-22T22:57:35.029Z","0","1","responsable","0","0.9","2026-04-22T22:58:34.437Z","69e9529aca581bdd0576f771","2026-04-22T22:58:34.800000","2026-04-22T22:58:34.800000","service_eb508f39-ce3d-4391-bb12-d4211c02ede9","false"
"0.8998898516768202","NC-0000000058","2026-04-22T19:42:54.030Z","0","1","boisson","0","0.9","2026-04-22T19:48:11.296Z","69e925fbf59fe66c0c88ae11","2026-04-22T19:48:11.886000","2026-04-22T19:48:11.886000","service_eb508f39-ce3d-4391-bb12-d4211c02ede9","false"
"0.9599816147187594","NC-0000000191","2026-04-22T12:24:33.206Z","1","2","music","1","0.48","2026-04-22T12:26:41.033Z","69e8be0285e07d416a25b578","2026-04-22T12:24:34.171000","2026-04-22T12:26:41.422000","service_eb508f39-ce3d-4391-bb12-d4211c02ede9","false"
"0","NC-0000000130","2026-04-20T14:45:33.870Z","1","0","art","1","0","2026-04-20T14:45:33.870Z","69e63c3babd5ef643e5bab85","2026-04-20T14:46:19.379000","2026-04-20T14:46:19.379000","service_eb508f39-ce3d-4391-bb12-d4211c02ede9","false"
"0","NC-0000000095","2026-04-20T14:45:33.870Z","0.125","0","video","1","0","2026-04-20T14:45:33.870Z","69e63c393806546cb3e27b2a","2026-04-20T14:46:17.510000","2026-04-20T14:46:17.510000","service_eb508f39-ce3d-4391-bb12-d4211c02ede9","false"
"0","NC-0000000144","2026-04-20T14:45:33.870Z","0.5","0","art","1","0","2026-04-20T14:45:33.870Z","69e63c32069c7240eef8c062","2026-04-20T14:46:10.466000","2026-04-20T14:46:10.466000","service_eb508f39-ce3d-4391-bb12-d4211c02ede9","false"
"0","NC-0000000148","2026-04-20T14:45:33.870Z","1","0","art","1","0","2026-04-20T14:45:33.870Z","69e63c2d1bf3f20a4b215adb","2026-04-20T14:46:05.884000","2026-04-20T14:46:05.884000","service_eb508f39-ce3d-4391-bb12-d4211c02ede9","false"
"0","NC-0000000030","2026-04-20T14:45:33.870Z","0.5","0","humour","1","0","2026-04-20T14:45:33.870Z","69e63c29dd3eae65fb36dd4b","2026-04-20T14:46:01.617000","2026-04-20T14:46:01.617000","service_eb508f39-ce3d-4391-bb12-d4211c02ede9","false"
"0","NC-0000000117","2026-04-20T14:45:33.870Z","1","0","music","1","0","2026-04-20T14:45:33.870Z","69e63c245431a0ef65cf54d1","2026-04-20T14:45:56.852000","2026-04-20T14:45:56.852000","service_eb508f39-ce3d-4391-bb12-d4211c02ede9","false"
"0","NC-0000000108","2026-04-20T14:45:33.870Z","0.6667","0","humour","2","0","2026-04-20T14:45:33.870Z","69e63c1f202a72bcf5e2320b","2026-04-20T14:45:51.073000","2026-04-20T14:45:51.073000","service_eb508f39-ce3d-4391-bb12-d4211c02ede9","false"
"0","NC-0000000058","2026-04-20T14:45:33.870Z","0.25","0","video","1","0","2026-04-20T14:45:33.870Z","69e63c1e9064a15234e9ecae","2026-04-20T14:45:50.117000","2026-04-20T14:45:50.117000","service_eb508f39-ce3d-4391-bb12-d4211c02ede9","false"
"0","NC-0000000058","2026-04-20T14:45:33.870Z","0.25","0","music","1","0","2026-04-20T14:45:33.870Z","69e63c1d3167879e58b505c3","2026-04-20T14:45:49.751000","2026-04-20T14:45:49.751000","service_eb508f39-ce3d-4391-bb12-d4211c02ede9","false"
"0","NC-0000000058","2026-04-20T14:45:33.870Z","0.5","0","humour","2","0","2026-04-20T14:45:33.870Z","69e63c1d7e15396cddca977f","2026-04-20T14:45:49.419000","2026-04-20T14:45:49.419000","service_eb508f39-ce3d-4391-bb12-d4211c02ede9","false"
"0","NC-0000000035","2026-04-20T14:45:33.870Z","0.6667","0","humour","2","0","2026-04-20T14:45:33.870Z","69e63c1aefcf4b4cd62fbf72","2026-04-20T14:45:46.463000","2026-04-20T14:45:46.463000","service_eb508f39-ce3d-4391-bb12-d4211c02ede9","false"
"0","NC-0000000097","2026-04-20T14:45:33.870Z","0.5","0","art","1","0","2026-04-20T14:45:33.870Z","69e63c19851ba082089d37df","2026-04-20T14:45:45.707000","2026-04-20T14:45:45.707000","service_eb508f39-ce3d-4391-bb12-d4211c02ede9","false"
"0","NC-0000000097","2026-04-20T14:45:33.870Z","0.5","0","humour","1","0","2026-04-20T14:45:33.870Z","69e63c194626fb524c6cf52a","2026-04-20T14:45:45.312000","2026-04-20T14:45:45.312000","service_eb508f39-ce3d-4391-bb12-d4211c02ede9","false"
"0","NC-0000000073","2026-04-20T14:45:33.870Z","0.3333","0","art","1","0","2026-04-20T14:45:33.870Z","69e63c184b32cdc919050307","2026-04-20T14:45:44.551000","2026-04-20T14:45:44.551000","service_eb508f39-ce3d-4391-bb12-d4211c02ede9","false"
"0","NC-0000000073","2026-04-20T14:45:33.870Z","0.3333","0","humour","1","0","2026-04-20T14:45:33.870Z","69e63c184a98811b0c877cef","2026-04-20T14:45:44.196000","2026-04-20T14:45:44.196000","service_eb508f39-ce3d-4391-bb12-d4211c02ede9","false"
"0","NC-0000000073","2026-04-20T14:45:33.870Z","0.3333","0","music","1","0","2026-04-20T14:45:33.870Z","69e63c174b93f912cdb0e3e6","2026-04-20T14:45:43.833000","2026-04-20T14:45:43.833000","service_eb508f39-ce3d-4391-bb12-d4211c02ede9","false"
"0","NC-0000000165","2026-04-20T14:45:33.870Z","0.0741","0","art","2","0","2026-04-20T14:45:33.870Z","69e63c13993e56888f5c04ce","2026-04-20T14:45:39.789000","2026-04-20T14:45:39.789000","service_eb508f39-ce3d-4391-bb12-d4211c02ede9","false"
"0","NC-0000000310","2026-04-20T14:45:33.870Z","0.25","0","responsable","1","0","2026-04-20T14:45:33.870Z","69e63c11460a3f8eae7993c3","2026-04-20T14:45:37.760000","2026-04-20T14:45:37.760000","service_eb508f39-ce3d-4391-bb12-d4211c02ede9","false"
"0","NC-0000000310","2026-04-20T14:45:33.870Z","0.25","0","humour","1","0","2026-04-20T14:45:33.870Z","69e63c119e08457697584d47","2026-04-20T14:45:37.044000","2026-04-20T14:45:37.044000","service_eb508f39-ce3d-4391-bb12-d4211c02ede9","false"
"0","NC-0000000104","2026-04-20T14:45:33.870Z","0.1429","0","responsable","1","0","2026-04-20T14:45:33.870Z","69e63c103fd217db8dc229cc","2026-04-20T14:45:36.268000","2026-04-20T14:45:36.268000","service_eb508f39-ce3d-4391-bb12-d4211c02ede9","false"
"0","NC-0000000104","2026-04-20T14:45:33.870Z","0.1429","0","art","1","0","2026-04-20T14:45:33.870Z","69e63c0f39b2a2fa2f5a8d33","2026-04-20T14:45:35.883000","2026-04-20T14:45:35.883000","service_eb508f39-ce3d-4391-bb12-d4211c02ede9","false"
"0.799995501462406","NC-0000000104","2026-04-28T14:39:43.705Z","0.3333","2","humour","3","0.4","2026-04-28T14:39:43.705Z","69e619acb82b08b1721e9d79","2026-04-20T12:18:52.111000","2026-04-28T14:39:46.107000","service_eb508f39-ce3d-4391-bb12-d4211c02ede9","false"
"1.1999943882347546","NC-0000000169","2026-04-20T14:45:33.870Z","0.3333","2","humour","1","0.6","2026-04-20T14:45:33.870Z","69e6196a00d6d35e0984950c","2026-04-20T12:17:46.206000","2026-04-20T14:45:52.252000","service_eb508f39-ce3d-4391-bb12-d4211c02ede9","false"
"0","NC-0000000014","2026-04-20T14:45:33.870Z","0.5","0","humour","2","0","2026-04-20T14:45:33.870Z","69e59cb1c9249e5c048c6cb2","2026-04-20T03:25:37.742000","2026-04-20T14:45:58.367000","service_eb508f39-ce3d-4391-bb12-d4211c02ede9","false"
"0","NC-0000000014","2026-04-20T14:45:33.870Z","0.25","0","music","1","0","2026-04-20T14:45:33.870Z","69e59cb1be67460a165e07c3","2026-04-20T03:25:37.479000","2026-04-20T14:45:57.942000","service_eb508f39-ce3d-4391-bb12-d4211c02ede9","false"
"0.5999993428247938","NC-0000000124","2026-04-20T14:45:33.870Z","1","1","music","1","0.6","2026-04-20T14:45:33.870Z","69e59bf8d9b27667c78ae2de","2026-04-20T03:22:32.947000","2026-04-20T14:45:59.570000","service_eb508f39-ce3d-4391-bb12-d4211c02ede9","false"
"0.59999935138959","NC-0000000011","2026-04-20T14:45:33.870Z","1","1","music","1","0.6","2026-04-20T14:45:33.870Z","69e58b40b807dd6eba3acac7","2026-04-20T02:11:12.441000","2026-04-20T14:46:00.389000","service_eb508f39-ce3d-4391-bb12-d4211c02ede9","false"
"0","NC-0000000030","2026-04-20T14:45:33.870Z","0.5","0","music","1","0","2026-04-20T14:45:33.870Z","69e58a581df541ad3be6c161","2026-04-20T02:07:20.915000","2026-04-20T14:46:01.198000","service_eb508f39-ce3d-4391-bb12-d4211c02ede9","false"
"0","NC-0000000122","2026-04-28T18:59:36.089Z","0.125","0","humour","1","0","2026-04-28T18:59:36.089Z","69e58895f3f2ef9badce6837","2026-04-20T01:59:49.147000","2026-04-28T18:59:38.518000","service_eb508f39-ce3d-4391-bb12-d4211c02ede9","false"
"0.5999990865754645","NC-0000000122","2026-04-28T18:59:36.089Z","0.8125","1","music","7","0.6","2026-04-28T18:59:36.089Z","69e58894dd7167af60a0bc34","2026-04-20T01:59:48.965000","2026-04-28T18:59:38.329000","service_eb508f39-ce3d-4391-bb12-d4211c02ede9","false"
"0.9999903646761736","NC-0000000107","2026-04-20T14:45:33.870Z","1","1","music","1","1","2026-04-20T14:45:33.870Z","69e58875647a2341ed3760c3","2026-04-20T01:59:17.562000","2026-04-20T14:46:04.071000","service_eb508f39-ce3d-4391-bb12-d4211c02ede9","false"
"3.9933029174143178","NC-0000000104","2026-04-28T14:39:43.705Z","0.6667","6","music","4","0.6666666666666666","2026-04-28T14:40:15.178Z","69e58732f8163d6c88857ce0","2026-04-20T01:53:54.760000","2026-04-28T14:40:16.357000","service_eb508f39-ce3d-4391-bb12-d4211c02ede9","false"
"0.37998942348111225","NC-0000000165","2026-04-20T01:32:26.699Z","0","1","photo","0","0.38","2026-04-20T01:33:38.844Z","69e5827302786b84f5907a83","2026-04-20T01:33:39.331000","2026-04-20T01:33:39.331000","service_eb508f39-ce3d-4391-bb12-d4211c02ede9","false"
"1.5199895504290153","NC-0000000108","2026-04-20T14:45:33.870Z","0.3333","2","music","1","0.76","2026-04-20T14:45:33.870Z","69e5818099cc707398a5e303","2026-04-20T01:29:36.510000","2026-04-20T14:45:51.484000","service_eb508f39-ce3d-4391-bb12-d4211c02ede9","false"
"0.6199740445665717","NC-0000000029","2026-04-20T14:45:33.870Z","1","1","music","1","0.62","2026-04-20T14:45:33.870Z","69e4cdb9106ee7917ac99e0f","2026-04-19T12:42:33.483000","2026-04-20T14:46:04.842000","service_eb508f39-ce3d-4391-bb12-d4211c02ede9","false"
"0.8666543265388774","NC-0000000057","2026-04-20T14:45:33.870Z","0.5","1","music","2","0.8666666666666666","2026-04-20T14:45:33.870Z","69e3b7b8dfca57e4dc2e218a","2026-04-18T16:56:24.443000","2026-04-20T14:45:42.635000","service_eb508f39-ce3d-4391-bb12-d4211c02ede9","false"
"0.8399702244814174","NC-0000000148","2026-04-18T15:54:29.619Z","0","1","photo","0","0.8399999999999999","2026-04-18T15:56:01.501Z","69e3a991e1e11c503260b3f8","2026-04-18T15:56:01.812000","2026-04-18T15:56:01.812000","service_eb508f39-ce3d-4391-bb12-d4211c02ede9","false"
"0.6799909164022065","NC-0000000163","2026-04-20T14:45:33.870Z","1","1","humour","1","0.6799999999999999","2026-04-20T14:45:33.870Z","69e39c5cf7b0513164ffb366","2026-04-18T14:59:40.928000","2026-04-20T14:46:06.884000","service_eb508f39-ce3d-4391-bb12-d4211c02ede9","false"
"0.8799842947247398","NC-0000000057","2026-04-20T14:45:33.870Z","0.5","1","humour","2","0.8799999999999999","2026-04-20T14:45:33.870Z","69e395c127638f091e944831","2026-04-18T14:31:29.851000","2026-04-20T14:45:42.176000","service_eb508f39-ce3d-4391-bb12-d4211c02ede9","false"
"0.7688430131059992","NC-0000000033","2026-04-20T14:45:33.870Z","1","1","video","1","0.768888888888889","2026-04-20T14:45:33.870Z","69e39442a29e035d765aa3de","2026-04-18T14:25:06.899000","2026-04-20T14:46:07.670000","service_eb508f39-ce3d-4391-bb12-d4211c02ede9","false"
"0.6933219494255997","NC-0000000310","2026-04-20T14:45:33.870Z","0.5","1","music","2","0.6933333333333334","2026-04-20T14:45:33.870Z","69e2d921380c8b58f60ed076","2026-04-18T01:06:41.315000","2026-04-20T14:45:37.402000","service_eb508f39-ce3d-4391-bb12-d4211c02ede9","false"
"0.9466537703351526","NC-0000000014","2026-04-20T14:45:33.870Z","0.25","1","responsable","1","0.9466666666666667","2026-04-20T14:45:33.870Z","69e16377a360327bea78f475","2026-04-16T22:32:23.888000","2026-04-20T14:45:58.830000","service_eb508f39-ce3d-4391-bb12-d4211c02ede9","false"
"0.5999993143526353","NC-0000000135","2026-04-20T14:45:33.870Z","1","1","music","1","0.6","2026-04-20T14:45:33.870Z","69dface4ca604f39cf85f7f0","2026-04-15T15:21:08.787000","2026-04-20T14:46:08.408000","service_eb508f39-ce3d-4391-bb12-d4211c02ede9","false"
"0.7199905523461936","NC-0000000144","2026-04-20T14:45:33.870Z","0.5","1","humour","1","0.72","2026-04-20T14:45:33.870Z","69df7cc43afb11bfe3d24ee6","2026-04-15T11:55:48.448000","2026-04-20T14:46:10.051000","service_eb508f39-ce3d-4391-bb12-d4211c02ede9","false"
"0.7866572899060075","NC-0000000133","2026-04-20T14:45:33.870Z","1","1","video","1","0.7866666666666667","2026-04-20T14:45:33.870Z","69de2d7e7f8d84078b86a61d","2026-04-14T12:05:18.080000","2026-04-20T14:46:09.274000","service_eb508f39-ce3d-4391-bb12-d4211c02ede9","false"
"0.8399899139636989","NC-0000000054","2026-04-20T14:45:33.870Z","1","1","humour","1","0.8400000000000001","2026-04-20T14:45:33.870Z","69d8eb0e8238dff3722a50a8","2026-04-10T12:20:30.516000","2026-04-20T14:46:11.494000","service_eb508f39-ce3d-4391-bb12-d4211c02ede9","false"
"0.5199926163857076","NC-0000000166","2026-04-20T14:45:33.870Z","1","1","humour","1","0.52","2026-04-20T14:45:33.870Z","69d81becaebc664c692468aa","2026-04-09T21:36:44.491000","2026-04-20T14:46:13.643000","service_eb508f39-ce3d-4391-bb12-d4211c02ede9","false"
"0.9199901072668711","NC-0000000160","2026-04-20T14:45:33.870Z","1","1","humour","1","0.9199999999999999","2026-04-20T14:45:33.870Z","69d8189763bce3cb00cbc97b","2026-04-09T21:22:31.700000","2026-04-20T14:46:14.414000","service_eb508f39-ce3d-4391-bb12-d4211c02ede9","false"
"0.9399888093461886","NC-0000000005","2026-04-20T14:45:33.870Z","1","1","humour","1","0.9399999999999998","2026-04-20T14:45:33.870Z","69d8157fce033cb4d24b5400","2026-04-09T21:09:19.419000","2026-04-20T14:46:15.210000","service_eb508f39-ce3d-4391-bb12-d4211c02ede9","false"
"1.5799460761296018","NC-0000000101","2026-04-20T14:45:33.870Z","1","2","music","1","0.79","2026-04-20T14:45:33.870Z","69d69aa54dfc04a8643a2e59","2026-04-08T18:12:53.261000","2026-04-20T14:46:16.194000","service_eb508f39-ce3d-4391-bb12-d4211c02ede9","false"
"0.5999990812514069","NC-0000000169","2026-04-20T14:45:33.870Z","0.6667","1","music","2","0.6","2026-04-20T14:45:33.870Z","69cfed289a4ce1d9d2dfd29e","2026-04-03T16:39:04.715000","2026-04-20T14:45:52.854000","service_eb508f39-ce3d-4391-bb12-d4211c02ede9","false"
"9.449145196967192","NC-0000000165","2026-04-20T14:45:33.870Z","0.6667","10","humour","18","0.9533333333333334","2026-04-20T14:45:33.870Z","69cfa1413eefed8c41133ac8","2026-04-03T11:15:13.586000","2026-04-20T14:45:39.106000","service_eb508f39-ce3d-4391-bb12-d4211c02ede9","false"
"0.7799839098226627","NC-0000000130","2026-04-02T21:43:19.020Z","0","1","photo","0","0.78","2026-04-02T21:44:12.490Z","69cee32cda3bd4ca790caf15","2026-04-02T21:44:12.955000","2026-04-02T21:44:12.955000","service_eb508f39-ce3d-4391-bb12-d4211c02ede9","false"
"1.5999783510545695","NC-0000000035","2026-04-20T14:45:33.870Z","0.3333","2","music","1","0.8","2026-04-20T14:45:33.870Z","69cd3961dee733e02b3841c9","2026-04-01T15:27:29.184000","2026-04-20T14:45:47.058000","service_eb508f39-ce3d-4391-bb12-d4211c02ede9","false"
"1.359992506956363","NC-0000000123","2026-04-20T14:45:33.870Z","0.5","2","humour","1","0.6799999999999999","2026-04-20T14:45:33.870Z","69cafa7a44856a8a709adad4","2026-03-30T22:34:34.041000","2026-04-20T14:46:21.011000","service_eb508f39-ce3d-4391-bb12-d4211c02ede9","false"
"0","NC-0000000123","2026-04-20T14:45:33.870Z","0.5","0","music","1","0","2026-04-20T14:45:33.870Z","69cafa791f29c0553aa569be","2026-03-30T22:34:33.852000","2026-04-20T14:46:21.638000","service_eb508f39-ce3d-4391-bb12-d4211c02ede9","false"
"1.5199892464696605","NC-0000000156","2026-03-29T01:51:03.930Z","1","2","music","1","0.76","2026-03-29T01:51:32.392Z","69c8858989240ee720465631","2026-03-29T01:51:05.001000","2026-03-29T01:51:32.786000","service_eb508f39-ce3d-4391-bb12-d4211c02ede9","false"
"0.7043145864576623","NC-0000000050","2026-03-28T13:41:46.300Z","1","1","music","1","0.76","2026-03-30T22:37:18.293Z","69c7da9ba1d202a6f341020f","2026-03-28T13:41:47.325000","2026-03-30T22:37:18.642000","service_eb508f39-ce3d-4391-bb12-d4211c02ede9","false"
"1.5599915962666921","NC-0000000095","2026-04-20T14:45:33.870Z","0.875","2","music","7","0.78","2026-04-20T14:45:33.870Z","69c7d3988a0f754d5c0dcb24","2026-03-28T13:11:52.450000","2026-04-20T14:46:17.078000","service_eb508f39-ce3d-4391-bb12-d4211c02ede9","false"
"0","NC-0000000204","2026-03-24T15:39:29.532Z","1","0","music","4","0","2026-03-24T15:39:29.532Z","69c2b032d38421a0985d9b4c","2026-03-24T15:39:30.629000","2026-03-24T15:39:30.629000","service_eb508f39-ce3d-4391-bb12-d4211c02ede9","false"
"0","NC-0000000204","2026-03-24T15:38:07.042Z","1","0","music","3","0","2026-03-24T15:38:07.042Z","69c2aec26d2a7b1b3c91c8e0","2026-03-24T15:33:22.889000","2026-03-24T15:38:08.124000","service_eb508f39-ce3d-4391-bb12-d4211c02ede9","false"
"0","NC-0000000177","2026-03-24T14:52:54.585Z","1","0","music","3","0","2026-03-24T14:52:54.585Z","69c29ef44eebc5ce292541cc","2026-03-24T14:25:56.727000","2026-03-24T14:52:58.706000","service_eb508f39-ce3d-4391-bb12-d4211c02ede9","false"
"0","NC-0000000129","2026-03-18T13:42:49.469Z","1","0","music","1","0","2026-03-18T13:42:49.469Z","69baabda5e352d9177884603","2026-03-18T13:42:50.564000","2026-03-18T13:42:50.564000","service_eb508f39-ce3d-4391-bb12-d4211c02ede9","false"
"0","NC-0000000053","2026-03-18T12:46:13.315Z","1","0","music","1","0","2026-03-18T12:46:13.315Z","69ba9e96526ba3719479aeb8","2026-03-18T12:46:14.370000","2026-03-18T12:46:14.370000","service_eb508f39-ce3d-4391-bb12-d4211c02ede9","false"
"0","NC-0000000302","2026-03-17T17:26:49.077Z","1","0","music","1","0","2026-03-17T17:26:49.077Z","69b98e9f106a718d9292c053","2026-03-17T17:25:51.825000","2026-03-17T17:26:57.007000","service_eb508f39-ce3d-4391-bb12-d4211c02ede9","false"
"0","NC-0000000301","2026-03-17T17:17:47.427Z","1","0","music","1","0","2026-03-17T17:17:47.427Z","69b98cc076ee896706de157b","2026-03-17T17:17:52.212000","2026-03-17T17:17:52.212000","service_eb508f39-ce3d-4391-bb12-d4211c02ede9","false"
"0","NC-0000000196","2026-03-17T17:09:25.182Z","1","0","music","2","0","2026-03-17T17:09:25.182Z","69b98ac88ba78e9f86a86df9","2026-03-17T17:09:28.237000","2026-03-17T17:09:28.237000","service_eb508f39-ce3d-4391-bb12-d4211c02ede9","false"
"1.6154961387232718","NC-0000000165","2026-04-23T15:10:47.378Z","0.2593","2","music","7","0.8077777777777777","2026-04-23T15:11:44.268Z","69b95d6c15b07d9bd427016f","2026-03-17T13:55:56.254000","2026-04-23T15:11:44.663000","service_eb508f39-ce3d-4391-bb12-d4211c02ede9","false"
"0","NC-0000000004","2026-03-17T12:49:38.854Z","0.25","0","humour","1","0","2026-03-17T12:49:38.854Z","69b94de462a2b85a013a1b26","2026-03-17T12:49:40.545000","2026-03-17T12:49:40.545000","service_eb508f39-ce3d-4391-bb12-d4211c02ede9","false"
"0","NC-0000000004","2026-03-17T12:49:38.854Z","0.75","0","music","2","0","2026-03-17T12:49:38.854Z","69b949893876b27f81201847","2026-03-17T12:31:05.681000","2026-03-17T12:49:40.331000","service_eb508f39-ce3d-4391-bb12-d4211c02ede9","false"
"0","NC-0000000002","2026-03-17T12:29:39.790Z","1","0","music","2","0","2026-03-17T12:29:39.790Z","69b94936b89e868280495b62","2026-03-17T12:29:42.369000","2026-03-17T12:29:42.369000","service_eb508f39-ce3d-4391-bb12-d4211c02ede9","false"
"0","NC-0000000038","2026-03-16T17:50:00.868Z","0.3333","0","video","1","0","2026-03-16T17:50:00.868Z","69b842cb961d9abd1d3e34eb","2026-03-16T17:50:03.095000","2026-03-16T17:50:03.449000","service_eb508f39-ce3d-4391-bb12-d4211c02ede9","false"
"0","NC-0000000038","2026-03-16T17:50:00.868Z","0.3333","0","humour","1","0","2026-03-16T17:50:00.868Z","69b842ca71a2b8d2e43c7743","2026-03-16T17:50:02.573000","2026-03-16T17:50:03.643000","service_eb508f39-ce3d-4391-bb12-d4211c02ede9","false"
"0","NC-0000000038","2026-03-16T17:50:00.868Z","0.3333","0","music","1","0","2026-03-16T17:50:00.868Z","69b842c997e2cc631c373304","2026-03-16T17:50:01.343000","2026-03-16T17:50:03.901000","service_eb508f39-ce3d-4391-bb12-d4211c02ede9","false"
"0","NC-0000000003","2026-03-16T17:47:31.268Z","0.3333","0","video","1","0","2026-03-16T17:47:31.268Z","69b84234c8b652399b19b555","2026-03-16T17:47:32.793000","2026-03-16T17:47:33.179000","service_eb508f39-ce3d-4391-bb12-d4211c02ede9","false"
"0","NC-0000000003","2026-03-16T17:47:31.268Z","0.3333","0","humour","1","0","2026-03-16T17:47:31.268Z","69b842345c93b052374d722f","2026-03-16T17:47:32.250000","2026-03-16T17:47:33.383000","service_eb508f39-ce3d-4391-bb12-d4211c02ede9","false"
"0","NC-0000000003","2026-03-16T17:47:31.268Z","0.3333","0","music","1","0","2026-03-16T17:47:31.268Z","69b842331eac026ec5fd12e5","2026-03-16T17:47:31.754000","2026-03-16T17:47:33.537000","service_eb508f39-ce3d-4391-bb12-d4211c02ede9","false"
"0","NC-0000000213","2026-03-16T17:36:17.150Z","0.3333","0","humour","1","0","2026-03-16T17:36:17.150Z","69b83f92a4b09b57c676fe4e","2026-03-16T17:36:18.790000","2026-03-16T17:36:19.122000","service_eb508f39-ce3d-4391-bb12-d4211c02ede9","false"
"0","NC-0000000213","2026-03-16T17:36:17.150Z","0.3333","0","video","1","0","2026-03-16T17:36:17.150Z","69b83f926080dbaeab11bec5","2026-03-16T17:36:18.174000","2026-03-16T17:36:19.312000","service_eb508f39-ce3d-4391-bb12-d4211c02ede9","false"
"0","NC-0000000213","2026-03-16T17:36:17.150Z","0.3333","0","music","1","0","2026-03-16T17:36:17.150Z","69b83f918b4e88db0fcf689b","2026-03-16T17:36:17.660000","2026-03-16T17:36:19.471000","service_eb508f39-ce3d-4391-bb12-d4211c02ede9","false"
"0","NC-0000000155","2026-03-16T15:08:04.094Z","0.1429","0","video","1","0","2026-03-16T15:08:04.094Z","69b81cd53e71c4bb8f045752","2026-03-16T15:08:05.997000","2026-03-16T15:08:06.395000","service_eb508f39-ce3d-4391-bb12-d4211c02ede9","false"
"0","NC-0000000148","2026-03-15T02:37:40.158Z","0.2222","0","video","2","0","2026-03-15T02:37:40.158Z","69b61b70bdf8348a4c751efe","2026-03-15T02:37:36.359000","2026-03-15T02:37:42.408000","service_eb508f39-ce3d-4391-bb12-d4211c02ede9","false"
"0","NC-0000000080","2026-03-14T15:50:33.729Z","1","0","music","2","0","2026-03-14T15:50:33.729Z","69b583bd9d398667380d0e61","2026-03-14T15:50:21.611000","2026-03-14T15:50:34.464000","service_eb508f39-ce3d-4391-bb12-d4211c02ede9","false"
"0","NC-0000000300","2026-03-14T15:05:32.671Z","1","0","music","1","0","2026-03-14T15:05:32.671Z","69b5793d77490db3faa54bec","2026-03-14T15:05:33.199000","2026-03-14T15:05:33.636000","service_eb508f39-ce3d-4391-bb12-d4211c02ede9","false"
"0","NC-0000000071","2026-03-14T00:27:13.989Z","0.3333","0","video","1","0","2026-03-14T00:27:13.989Z","69b4ab6345fc0373c01d5f29","2026-03-14T00:27:15.886000","2026-03-14T00:27:16.253000","service_eb508f39-ce3d-4391-bb12-d4211c02ede9","false"
"0","NC-0000000071","2026-03-14T00:27:13.989Z","0.3333","0","humour","1","0","2026-03-14T00:27:13.989Z","69b4ab631f686a281dd087f9","2026-03-14T00:27:15.248000","2026-03-14T00:27:16.422000","service_eb508f39-ce3d-4391-bb12-d4211c02ede9","false"
"0","NC-0000000071","2026-03-14T00:27:13.989Z","0.3333","0","music","1","0","2026-03-14T00:27:13.989Z","69b4ab626b84ef3ef3ccae29","2026-03-14T00:27:14.574000","2026-03-14T00:27:16.591000","service_eb508f39-ce3d-4391-bb12-d4211c02ede9","false"
"0","NC-0000000010","2026-03-13T15:12:50.320Z","0.5","0","humour","1","0","2026-03-13T15:12:50.320Z","69b429736acbfa051aed05e3","2026-03-13T15:12:51.483000","2026-03-13T15:12:51.790000","service_eb508f39-ce3d-4391-bb12-d4211c02ede9","false"
"0","NC-0000000010","2026-03-13T15:12:50.320Z","0.5","0","music","1","0","2026-03-13T15:12:50.320Z","69b429724dde3debf2a0c7fc","2026-03-13T15:12:50.867000","2026-03-13T15:12:51.978000","service_eb508f39-ce3d-4391-bb12-d4211c02ede9","false"
"0","NC-0000000075","2026-03-13T13:52:40.731Z","0.5","0","humour","1","0","2026-03-13T13:52:40.731Z","69b416a98d43b2fd2d25956c","2026-03-13T13:52:41.866000","2026-03-13T13:52:42.172000","service_eb508f39-ce3d-4391-bb12-d4211c02ede9","false"
"0","NC-0000000075","2026-03-13T13:52:40.731Z","0.5","0","music","1","0","2026-03-13T13:52:40.731Z","69b416a9bb0b128418e61ef5","2026-03-13T13:52:41.272000","2026-03-13T13:52:42.335000","service_eb508f39-ce3d-4391-bb12-d4211c02ede9","false"
"0","NC-0000000122","2026-03-13T13:22:47.739Z","0.1667","0","humour","1","0","2026-03-13T13:22:47.739Z","69b40fa8ad010e5f2ef213a9","2026-03-13T13:22:48.238000","2026-03-13T13:22:49.173000","service_eb508f39-ce3d-4391-bb12-d4211c02ede9","false"
"0","NC-0000000249","2026-04-20T14:45:33.870Z","0.5","0","video","1","0","2026-04-20T14:45:33.870Z","69b33bf46157e07e52f429d8","2026-03-12T22:19:32.395000","2026-04-20T14:45:41.276000","service_eb508f39-ce3d-4391-bb12-d4211c02ede9","false"
"0","NC-0000000249","2026-04-17T17:40:07.574Z","0.3636","0","humour","4","0","2026-04-17T17:40:07.574Z","69b33bf31c97f53cb8d0e882","2026-03-12T22:19:31.796000","2026-04-17T17:40:09.640000","service_eb508f39-ce3d-4391-bb12-d4211c02ede9","false"
"0.5999988620391953","NC-0000000249","2026-04-20T14:45:33.870Z","0.5","1","music","1","0.6","2026-04-20T14:45:33.870Z","69b33bf3837be861e66784e8","2026-03-12T22:19:31.153000","2026-04-20T14:45:40.863000","service_eb508f39-ce3d-4391-bb12-d4211c02ede9","false"
"0","NC-0000000067","2026-03-12T21:48:26.810Z","1","0","music","1","0","2026-03-12T21:48:26.810Z","69b334ab8c615c52b443b442","2026-03-12T21:48:27.493000","2026-03-12T21:48:28.134000","service_eb508f39-ce3d-4391-bb12-d4211c02ede9","false"
"0","NC-0000000122","2026-03-13T13:22:47.739Z","0.8333","0","music","5","0","2026-03-13T13:22:47.739Z","69b32df07ec60820007b29ca","2026-03-12T21:19:44.986000","2026-03-13T13:22:49.341000","service_eb508f39-ce3d-4391-bb12-d4211c02ede9","false"
"0","NC-0000000048","2026-03-12T19:21:12.371Z","1","0","music","1","0","2026-03-12T19:21:12.371Z","69b3120648775d38c5c5f70c","2026-03-12T19:20:38.272000","2026-03-12T19:22:01.509000","service_eb508f39-ce3d-4391-bb12-d4211c02ede9","false"
"0","NC-0000000044","2026-03-12T19:21:12.371Z","1","0","music","1","0","2026-03-12T19:21:12.371Z","69b31205582f6a21a1b6765a","2026-03-12T19:20:37.441000","2026-03-12T19:22:00.190000","service_eb508f39-ce3d-4391-bb12-d4211c02ede9","false"
"0","NC-0000000035","2026-03-12T19:21:12.371Z","1","0","video","1","0","2026-03-12T19:21:12.371Z","69b31204c9877b553b7fefbe","2026-03-12T19:20:36.294000","2026-03-12T19:21:59.252000","service_eb508f39-ce3d-4391-bb12-d4211c02ede9","false"
"0","NC-0000000024","2026-03-12T19:21:12.371Z","1","0","video","1","0","2026-03-12T19:21:12.371Z","69b31203d0d9ef20f3370fe9","2026-03-12T19:20:35.469000","2026-03-12T19:21:58.419000","service_eb508f39-ce3d-4391-bb12-d4211c02ede9","false"
"0","NC-0000000076","2026-03-12T19:21:12.371Z","1","0","music","1","0","2026-03-12T19:21:12.371Z","69b312020d187ca2a82a0214","2026-03-12T19:20:34.182000","2026-03-12T19:21:56.575000","service_eb508f39-ce3d-4391-bb12-d4211c02ede9","false"
"0","NC-0000000039","2026-03-12T19:21:12.371Z","0.5","0","humour","2","0","2026-03-12T19:21:12.371Z","69b312017f51119f015ff280","2026-03-12T19:20:33.386000","2026-03-12T19:21:55.786000","service_eb508f39-ce3d-4391-bb12-d4211c02ede9","false"
"0","NC-0000000039","2026-03-12T19:21:12.371Z","0.5","0","music","2","0","2026-03-12T19:21:12.371Z","69b312003fb986f215f185a3","2026-03-12T19:20:32.895000","2026-03-12T19:21:55.377000","service_eb508f39-ce3d-4391-bb12-d4211c02ede9","false"
"0","NC-0000000092","2026-03-12T19:21:12.371Z","1","0","music","1","0","2026-03-12T19:21:12.371Z","69b311ff10c964bdcfc68290","2026-03-12T19:20:31.951000","2026-03-12T19:21:54.586000","service_eb508f39-ce3d-4391-bb12-d4211c02ede9","false"
"0","NC-0000000154","2026-03-12T19:21:12.371Z","1","0","humour","1","0","2026-03-12T19:21:12.371Z","69b311fe88d900b1a589033a","2026-03-12T19:20:30.875000","2026-03-12T19:21:52.775000","service_eb508f39-ce3d-4391-bb12-d4211c02ede9","false"
"0","NC-0000000021","2026-03-12T19:21:12.371Z","0.4","0","humour","2","0","2026-03-12T19:21:12.371Z","69b311fd7d22cc3f5b873085","2026-03-12T19:20:29.607000","2026-03-12T19:21:51.924000","service_eb508f39-ce3d-4391-bb12-d4211c02ede9","false"
"0","NC-0000000149","2026-03-12T19:21:12.371Z","0.1667","0","humour","1","0","2026-03-12T19:21:12.371Z","69b311fc4bd7f284a7b8a7f3","2026-03-12T19:20:28.153000","2026-03-12T19:21:50.635000","service_eb508f39-ce3d-4391-bb12-d4211c02ede9","false"
"0","NC-0000000152","2026-03-12T19:21:12.371Z","0.1429","0","art","1","0","2026-03-12T19:21:12.371Z","69b311f84ff3fb96f2bf6191","2026-03-12T19:20:24.116000","2026-03-12T19:21:48.037000","service_eb508f39-ce3d-4391-bb12-d4211c02ede9","false"
"0","NC-0000000152","2026-03-12T19:21:12.371Z","0.1429","0","humour","1","0","2026-03-12T19:21:12.371Z","69b311f7adb69bfd7ec36aed","2026-03-12T19:20:23.706000","2026-03-12T19:21:47.663000","service_eb508f39-ce3d-4391-bb12-d4211c02ede9","false"
"0","NC-0000000155","2026-03-16T15:08:04.094Z","0.2857","0","humour","2","0","2026-03-16T15:08:04.094Z","69b311f521f8f227547e4774","2026-03-12T19:20:21.968000","2026-03-16T15:08:06.637000","service_eb508f39-ce3d-4391-bb12-d4211c02ede9","false"
"0","NC-0000000148","2026-03-15T02:37:40.158Z","0.3333","0","humour","3","0","2026-03-15T02:37:40.158Z","69b311f28ca3bc38a1951d1f","2026-03-12T19:20:18.699000","2026-03-15T02:37:42.573000","service_eb508f39-ce3d-4391-bb12-d4211c02ede9","false"
"0","NC-0000000159","2026-03-12T19:21:12.371Z","0.5","0","humour","1","0","2026-03-12T19:21:12.371Z","69b311f1b2c0bad059d9765f","2026-03-12T19:20:17.139000","2026-03-12T19:21:42.960000","service_eb508f39-ce3d-4391-bb12-d4211c02ede9","false"
"0","NC-0000000068","2026-03-12T19:21:12.371Z","0.3333","0","humour","1","0","2026-03-12T19:21:12.371Z","69b311ef2388071122a57e2b","2026-03-12T19:20:15.630000","2026-03-12T19:21:41.498000","service_eb508f39-ce3d-4391-bb12-d4211c02ede9","false"
"0","NC-0000000068","2026-03-12T19:21:12.371Z","0.3333","0","music","1","0","2026-03-12T19:21:12.371Z","69b311eecfedb0fbeb7a5f27","2026-03-12T19:20:14.763000","2026-03-12T19:21:40.726000","service_eb508f39-ce3d-4391-bb12-d4211c02ede9","false"
"0","NC-0000000059","2026-03-12T19:21:12.371Z","0.3333","0","art","1","0","2026-03-13T22:09:54.260Z","69b311eb0273da7a4bfe95e6","2026-03-12T19:20:11.781000","2026-03-13T22:09:55.146000","service_eb508f39-ce3d-4391-bb12-d4211c02ede9","false"
"0","NC-0000000019","2026-03-12T19:21:12.371Z","0.2222","0","humour","2","0","2026-03-12T19:21:12.371Z","69b311e98ca3bc38a1951d17","2026-03-12T19:20:09.400000","2026-03-12T19:21:34.814000","service_eb508f39-ce3d-4391-bb12-d4211c02ede9","false"
"0","NC-0000000049","2026-04-20T14:45:33.870Z","0.2","0","humour","1","0","2026-04-20T14:45:33.870Z","69b311e678c9503af54290f8","2026-03-12T19:20:06.573000","2026-04-20T14:45:48.230000","service_eb508f39-ce3d-4391-bb12-d4211c02ede9","false"
"0","NC-0000000049","2026-04-20T14:45:33.870Z","0.4","0","music","2","0","2026-04-20T14:45:33.870Z","69b311e654d856bd7067ffe3","2026-03-12T19:20:06.210000","2026-04-20T14:45:48.662000","service_eb508f39-ce3d-4391-bb12-d4211c02ede9","false"
"0","NC-0000000049","2026-04-20T14:45:33.870Z","0.4","0","video","2","0","2026-04-20T14:45:33.870Z","69b311e55499ec4647fa09c9","2026-03-12T19:20:05.555000","2026-04-20T14:45:47.848000","service_eb508f39-ce3d-4391-bb12-d4211c02ede9","false"
"0","NC-0000000090","2026-03-12T19:21:12.371Z","0.3333","0","art","1","0","2026-03-12T19:21:12.371Z","69b311e4be900b17abaf4aa3","2026-03-12T19:20:04.789000","2026-03-12T19:21:28.945000","service_eb508f39-ce3d-4391-bb12-d4211c02ede9","false"
"0","NC-0000000153","2026-03-12T19:21:12.371Z","0.125","0","humour","2","0","2026-03-12T19:21:12.371Z","69b311e3fafd531eaacfd4c3","2026-03-12T19:20:03.329000","2026-03-12T19:21:26.919000","service_eb508f39-ce3d-4391-bb12-d4211c02ede9","false"
"0","NC-0000000153","2026-03-12T19:21:12.371Z","0.1875","0","video","3","0","2026-03-12T19:21:12.371Z","69b311e2f4c06a89708c2559","2026-03-12T19:20:02.932000","2026-03-12T19:21:26.237000","service_eb508f39-ce3d-4391-bb12-d4211c02ede9","false"
"0","NC-0000000153","2026-03-12T19:21:12.371Z","0.6875","0","music","11","0","2026-03-12T19:21:12.371Z","69b311e237cdf87fbf198161","2026-03-12T19:20:02.536000","2026-03-12T19:21:25.607000","service_eb508f39-ce3d-4391-bb12-d4211c02ede9","false"
"0","NC-0000000150","2026-03-12T19:21:12.371Z","0.2353","0","humour","4","0","2026-03-12T19:21:12.371Z","69b311e1434b90ca8fd15653","2026-03-12T19:20:01.363000","2026-03-12T19:21:24.641000","service_eb508f39-ce3d-4391-bb12-d4211c02ede9","false"
"0","NC-0000000150","2026-03-12T19:21:12.371Z","0.6471","0","music","11","0","2026-03-12T19:21:12.371Z","69b311e050fca64097ec9d94","2026-03-12T19:20:00.905000","2026-03-12T19:21:24.249000","service_eb508f39-ce3d-4391-bb12-d4211c02ede9","false"
"0","NC-0000000150","2026-03-12T19:21:12.371Z","0.1176","0","video","2","0","2026-03-12T19:21:12.371Z","69b311df72aa3a9e1e36e5ec","2026-03-12T19:19:59.835000","2026-03-12T19:21:23.657000","service_eb508f39-ce3d-4391-bb12-d4211c02ede9","false"
"0","NC-0000000056","2026-03-12T19:21:12.371Z","1","0","video","1","0","2026-03-12T19:21:12.371Z","69b311dddda0a53ec1c58f47","2026-03-12T19:19:57.886000","2026-03-12T19:21:21.810000","service_eb508f39-ce3d-4391-bb12-d4211c02ede9","false"
"0","NC-0000000254","2026-03-12T19:21:12.371Z","1","0","humour","1","0","2026-03-12T19:21:12.371Z","69b311dd4dfac8960688b9ff","2026-03-12T19:19:57.004000","2026-03-12T19:21:20.737000","service_eb508f39-ce3d-4391-bb12-d4211c02ede9","false"
"0","NC-0000000225","2026-03-12T19:21:12.371Z","1","0","humour","1","0","2026-03-12T19:21:12.371Z","69b311dc8659265f2092adb8","2026-03-12T19:19:56.190000","2026-03-12T19:21:19.839000","service_eb508f39-ce3d-4391-bb12-d4211c02ede9","false"
"0","NC-0000000250","2026-03-12T19:21:12.371Z","1","0","humour","1","0","2026-03-12T19:21:12.371Z","69b311d54ebb296ecec2deb9","2026-03-12T19:19:49.738000","2026-03-12T19:21:15.865000","service_eb508f39-ce3d-4391-bb12-d4211c02ede9","false"
"0","NC-0000000261","2026-03-12T19:21:12.371Z","1","0","humour","1","0","2026-03-12T19:21:12.371Z","69b0cc5803f5d617a7659c99","2026-03-11T01:58:48.183000","2026-03-12T19:21:14.908000","service_eb508f39-ce3d-4391-bb12-d4211c02ede9","false"
"0","NC-0000000272","2026-03-12T19:21:12.371Z","1","0","humour","1","0","2026-03-12T19:21:12.371Z","69b0c6123ad6ffd382f143bb","2026-03-11T01:32:02.886000","2026-03-12T19:21:18.025000","service_eb508f39-ce3d-4391-bb12-d4211c02ede9","false"
"0","NC-0000000264","2026-03-12T19:21:12.371Z","1","0","humour","1","0","2026-03-12T19:21:12.371Z","69b0c50184dd5c2811c5a46c","2026-03-11T01:27:29.853000","2026-03-12T19:21:18.948000","service_eb508f39-ce3d-4391-bb12-d4211c02ede9","false"
"0","NC-0000000225","2026-03-11T01:08:28.412Z","1","0","music","1","0","2026-03-11T01:08:28.412Z","69b0c08d548fc26227c5423d","2026-03-11T01:08:29.001000","2026-03-11T01:08:29.329000","service_eb508f39-ce3d-4391-bb12-d4211c02ede9","false"
"0","NC-0000000248","2026-03-12T19:21:12.371Z","1","0","humour","2","0","2026-03-12T19:21:12.371Z","69b0a6607b3ee8c1c4d391b8","2026-03-10T23:16:48.870000","2026-03-12T19:21:17.235000","service_eb508f39-ce3d-4391-bb12-d4211c02ede9","false"
"0","NC-0000000012","2026-03-12T19:21:12.371Z","1","0","music","1","0","2026-03-12T19:21:12.371Z","69ab2e1781d55bc4f9d00ab9","2026-03-06T19:42:15.249000","2026-03-12T19:21:22.852000","service_eb508f39-ce3d-4391-bb12-d4211c02ede9","false"
"0","NC-0000000047","2026-03-12T19:21:12.371Z","1","0","music","1","0","2026-03-12T19:21:12.371Z","69a9db396e5e8fb4498ba85f","2026-03-05T19:36:25.808000","2026-03-12T19:21:33.864000","service_eb508f39-ce3d-4391-bb12-d4211c02ede9","false"
"1.2999945121847145","NC-0000000105","2026-04-20T14:45:33.870Z","1","2","music","1","0.6499999999999999","2026-04-20T14:45:33.870Z","69a9bf1760d81f6a7f9100c7","2026-03-05T17:36:23.050000","2026-04-20T14:46:20.198000","service_eb508f39-ce3d-4391-bb12-d4211c02ede9","false"
"0","NC-0000000059","2026-03-13T22:09:54.260Z","0.6667","0","music","2","0","2026-03-13T22:09:54.260Z","69a76edd88b951e56f9131af","2026-03-03T23:29:33.079000","2026-03-13T22:09:55.322000","service_eb508f39-ce3d-4391-bb12-d4211c02ede9","false"
"0","NC-0000000102","2026-03-12T19:21:12.371Z","1","0","music","1","0","2026-03-12T19:21:12.371Z","69a767aee6ad013a445c1b1d","2026-03-03T22:58:54.501000","2026-03-12T19:21:38.514000","service_eb508f39-ce3d-4391-bb12-d4211c02ede9","false"
"0","NC-0000000090","2026-03-12T19:21:12.371Z","0.6667","0","music","2","0","2026-03-12T19:21:12.371Z","69a7666bb9b04b3737dff197","2026-03-03T22:53:31.755000","2026-03-12T19:21:28.251000","service_eb508f39-ce3d-4391-bb12-d4211c02ede9","false"
"0","NC-0000000093","2026-03-03T22:50:18.543Z","1","0","music","1","0","2026-03-03T22:50:18.543Z","69a765abc1ea0b9e53a4183f","2026-03-03T22:50:19.180000","2026-03-03T22:50:19.654000","service_eb508f39-ce3d-4391-bb12-d4211c02ede9","false"
"0","NC-0000000068","2026-03-12T19:21:12.371Z","0.3333","0","video","1","0","2026-03-12T19:21:12.371Z","69a621c177e6ba736ec939e4","2026-03-02T23:48:17.122000","2026-03-12T19:21:40.179000","service_eb508f39-ce3d-4391-bb12-d4211c02ede9","false"
"0","NC-0000000159","2026-03-12T19:21:12.371Z","0.5","0","music","1","0","2026-03-12T19:21:12.371Z","69a61cf371842d81079a4d6a","2026-03-02T23:27:47.881000","2026-03-12T19:21:43.356000","service_eb508f39-ce3d-4391-bb12-d4211c02ede9","false"
"0","NC-0000000019","2026-03-12T19:21:12.371Z","0.5556","0","music","5","0","2026-03-12T19:21:12.371Z","69a31a6449d92de438fddb0f","2026-02-28T16:40:04.656000","2026-03-12T19:21:35.239000","service_eb508f39-ce3d-4391-bb12-d4211c02ede9","false"
"0","NC-0000000148","2026-03-15T02:37:40.158Z","0.4444","0","music","4","0","2026-03-15T02:37:40.158Z","69a31968a6a80379ae35391b","2026-02-28T16:35:52.207000","2026-03-15T02:37:42.758000","service_eb508f39-ce3d-4391-bb12-d4211c02ede9","false"
"0","NC-0000000019","2026-03-12T19:21:12.371Z","0.2222","0","video","2","0","2026-03-12T19:21:12.371Z","69a3066e2c858ee7a4336002","2026-02-28T15:14:54.541000","2026-03-12T19:21:35.655000","service_eb508f39-ce3d-4391-bb12-d4211c02ede9","false"
"0","NC-0000000155","2026-03-16T15:08:04.094Z","0.5714","0","music","4","0","2026-03-16T15:08:04.094Z","699cef894d1bd2f232ee04e2","2026-02-24T00:23:37.234000","2026-03-16T15:08:06.867000","service_eb508f39-ce3d-4391-bb12-d4211c02ede9","false"
"0","NC-0000000161","2026-03-12T19:21:12.371Z","1","0","music","4","0","2026-03-12T19:21:12.371Z","699ce0275b77a58a9253b6b0","2026-02-23T23:17:59.603000","2026-03-12T19:21:49.096000","service_eb508f39-ce3d-4391-bb12-d4211c02ede9","false"
"0","NC-0000000021","2026-03-12T19:21:12.371Z","0.6","0","music","3","0","2026-03-12T19:21:12.371Z","699c4ace6123591a60fc9f8e","2026-02-23T12:40:46.235000","2026-03-12T19:21:51.564000","service_eb508f39-ce3d-4391-bb12-d4211c02ede9","false"
"0","NC-0000000152","2026-03-12T19:21:12.371Z","0.7143","0","music","5","0","2026-03-12T19:21:12.371Z","699b2b7fdccc4101c05c478f","2026-02-22T16:14:55.623000","2026-03-12T19:21:47.236000","service_eb508f39-ce3d-4391-bb12-d4211c02ede9","false"
"0","NC-0000000149","2026-03-12T19:21:12.371Z","0.8333","0","music","5","0","2026-03-12T19:21:12.371Z","699b001fb3e3675ea43c110e","2026-02-22T13:09:51.824000","2026-03-12T19:21:50.184000","service_eb508f39-ce3d-4391-bb12-d4211c02ede9","false"