sourceId,culturalMomentId,checkpointSystemId,sourceTable,recordedAt,signalType,signalValue,id,created_date,updated_date,created_by_id,is_sample
"69f1034459a60f4b9ff07d82","69f1037419defda4c23d894c","NC-0000000122","Session","2026-04-28T18:59:39.208Z","session_confirmed","1","69f1039b2bad66371325707c","2026-04-28T18:59:39.597000","2026-04-28T18:59:39.597000","service_eb508f39-ce3d-4391-bb12-d4211c02ede9","false"
"69f1034459a60f4b9ff07d82","69f1037419defda4c23d894c","NC-0000000122","Session","2026-04-28T18:59:36.480Z","session_confirmed","1","69f10398f3abfdb82b3c616c","2026-04-28T18:59:36.857000","2026-04-28T18:59:36.857000","service_eb508f39-ce3d-4391-bb12-d4211c02ede9","false"
"69f1034459a60f4b9ff07d82","69f1037419defda4c23d894c","NC-0000000122","Session","2026-04-28T18:58:59.905Z","session_opened","1","69f103746167a309dc4dddec","2026-04-28T18:59:00.687000","2026-04-28T18:59:00.687000","service_eb508f39-ce3d-4391-bb12-d4211c02ede9","false"
"69f0c6970803bf124b82d341","69f0c6a8459801ceb0191e91","NC-0000000104","Session","2026-04-28T14:39:47.389Z","session_confirmed","1","69f0c6b48715f630a8045b42","2026-04-28T14:39:48.250000","2026-04-28T14:39:48.250000","service_eb508f39-ce3d-4391-bb12-d4211c02ede9","false"
"69f0c6970803bf124b82d341","69f0c6a8459801ceb0191e91","NC-0000000104","Session","2026-04-28T14:39:35.431Z","session_opened","1","69f0c6a8880c521a04d3470e","2026-04-28T14:39:36.495000","2026-04-28T14:39:36.495000","service_eb508f39-ce3d-4391-bb12-d4211c02ede9","false"
"NC-0000000310","69ee4df863c3fe25130a7f74","NC-0000000310","CheckpointLiveStats","2026-04-26T17:40:07.802Z","session_opened","1","69ee4df83d140e299d4f2027","2026-04-26T17:40:08.572000","2026-04-26T17:40:08.572000","service_20f63310-1e7c-45d0-b0d5-32d80f7be796","false"
"NC-0000000165","69eab28851d78fdfd2b8e537","NC-0000000165","CheckpointLiveStats","2026-04-24T00:00:07.814Z","session_opened","3","69eab28811f1148d2479d68b","2026-04-24T00:00:08.549000","2026-04-24T00:00:08.549000","service_20f63310-1e7c-45d0-b0d5-32d80f7be796","false"
"NC-0000000165","69ea38a87531d4cce944d9b3","NC-0000000165","CheckpointLiveStats","2026-04-23T16:20:08.245Z","session_opened","2","69ea46b942f759199ede7481","2026-04-23T16:20:09.102000","2026-04-23T16:20:09.102000","service_20f63310-1e7c-45d0-b0d5-32d80f7be796","false"
"NC-0000000165","69ea38a87531d4cce944d9b3","NC-0000000165","CheckpointLiveStats","2026-04-23T16:20:08.245Z","session_opened","13","69ea46b942f759199ede7482","2026-04-23T16:20:09.102000","2026-04-23T16:20:09.102000","service_20f63310-1e7c-45d0-b0d5-32d80f7be796","false"
"NC-0000000165","69ea38a87531d4cce944d9b3","NC-0000000165","CheckpointLiveStats","2026-04-23T15:40:08.046Z","session_opened","2","69ea3d59cb0d6016d99b08af","2026-04-23T15:40:09.704000","2026-04-23T15:40:09.704000","service_20f63310-1e7c-45d0-b0d5-32d80f7be796","false"
"NC-0000000165","69ea38a87531d4cce944d9b3","NC-0000000165","CheckpointLiveStats","2026-04-23T15:30:08.038Z","session_opened","2","69ea3b01e8aa2bb1acfc6e95","2026-04-23T15:30:09.342000","2026-04-23T15:30:09.342000","service_20f63310-1e7c-45d0-b0d5-32d80f7be796","false"
"NC-0000000165","69ea38a87531d4cce944d9b3","NC-0000000165","CheckpointLiveStats","2026-04-23T15:30:08.038Z","session_opened","13","69ea3b01e8aa2bb1acfc6e96","2026-04-23T15:30:09.342000","2026-04-23T15:30:09.342000","service_20f63310-1e7c-45d0-b0d5-32d80f7be796","false"
"NC-0000000165","69ea38a87531d4cce944d9b3","NC-0000000165","CheckpointLiveStats","2026-04-23T15:20:08.207Z","session_opened","3","69ea38ac6781a195d7f4664c","2026-04-23T15:20:12.073000","2026-04-23T15:20:12.073000","service_20f63310-1e7c-45d0-b0d5-32d80f7be796","false"
"69e8ba022d82726f98b964e7","69e8bc00835638d936c231a8","NC-0000000191","Session","2026-04-22T12:24:34.544Z","session_confirmed","1","69e8be0220152b688808ea50","2026-04-22T12:24:34.891000","2026-04-22T12:24:34.891000","service_eb508f39-ce3d-4391-bb12-d4211c02ede9","false"
"69e8ba022d82726f98b964e7","69e8bc00835638d936c231a8","NC-0000000191","Session","2026-04-22T12:15:59.727Z","session_opened","1","69e8bc007e760f3401214850","2026-04-22T12:16:00.766000","2026-04-22T12:16:00.766000","service_eb508f39-ce3d-4391-bb12-d4211c02ede9","false"
"NC-0000000165","69e8b436ce9fb0b1aba34da2","NC-0000000165","CheckpointLiveStats","2026-04-22T11:42:45.806Z","session_opened","3","69e8b4363a03a6fed7cb184a","2026-04-22T11:42:46.541000","2026-04-22T11:42:46.541000","service_20f63310-1e7c-45d0-b0d5-32d80f7be796","false"
"NC-0000000029","69e8b30a368ec401997757c1","NC-0000000029","CheckpointLiveStats","2026-04-22T11:37:45.860Z","session_confirmed","1","69e8b30adccce210880a35c8","2026-04-22T11:37:46.383000","2026-04-22T11:37:46.383000","service_20f63310-1e7c-45d0-b0d5-32d80f7be796","false"
"NC-0000000029","69e8b30a368ec401997757c1","NC-0000000029","CheckpointLiveStats","2026-04-22T11:37:45.860Z","session_opened","47","69e8b30adccce210880a35c9","2026-04-22T11:37:46.383000","2026-04-22T11:37:46.383000","service_20f63310-1e7c-45d0-b0d5-32d80f7be796","false"
"NC-0000000029","69e6358e27604d4f1f110e15","NC-0000000029","CheckpointLiveStats","2026-04-20T14:17:50.151Z","session_confirmed","1","69e6358ef5e063821293d2bd","2026-04-20T14:17:50.836000","2026-04-20T14:17:50.836000","service_20f63310-1e7c-45d0-b0d5-32d80f7be796","false"
"NC-0000000029","69e6358e27604d4f1f110e15","NC-0000000029","CheckpointLiveStats","2026-04-20T14:17:50.151Z","session_opened","47","69e6358ef5e063821293d2be","2026-04-20T14:17:50.836000","2026-04-20T14:17:50.836000","service_20f63310-1e7c-45d0-b0d5-32d80f7be796","false"
"69e61a4de70f3398c1b5fa17","69e587294f7db9778eb80fc9","NC-0000000104","Session","2026-04-20T12:23:58.868Z","session_confirmed","1","69e61adf67fbfaa69841a8c3","2026-04-20T12:23:59.292000","2026-04-20T12:23:59.292000","service_eb508f39-ce3d-4391-bb12-d4211c02ede9","false"
"69e61a4de70f3398c1b5fa17","69e587294f7db9778eb80fc9","NC-0000000104","Session","2026-04-20T12:23:51.092Z","session_opened","1","69e61ad74500948d50856758","2026-04-20T12:23:51.470000","2026-04-20T12:23:51.470000","service_eb508f39-ce3d-4391-bb12-d4211c02ede9","false"
"69e618819c66e868340431aa","69e587294f7db9778eb80fc9","NC-0000000104","Session","2026-04-20T12:18:52.488Z","session_confirmed","1","69e619acb158f916cb3731a6","2026-04-20T12:18:52.879000","2026-04-20T12:18:52.879000","service_eb508f39-ce3d-4391-bb12-d4211c02ede9","false"
"69e618819c66e868340431aa","69e587294f7db9778eb80fc9","NC-0000000104","Session","2026-04-20T12:18:44.861Z","session_opened","1","69e619a5b3a38d406892226e","2026-04-20T12:18:45.192000","2026-04-20T12:18:45.192000","service_eb508f39-ce3d-4391-bb12-d4211c02ede9","false"
"69e61881e7f9803a776289ed","69e61937c78f844b15cc6ae4","NC-0000000169","Session","2026-04-20T12:17:46.629Z","session_confirmed","1","69e6196ac8ac3849c1e2b2cb","2026-04-20T12:17:46.959000","2026-04-20T12:17:46.959000","service_eb508f39-ce3d-4391-bb12-d4211c02ede9","false"
"69e61881e7f9803a776289ed","69e61937c78f844b15cc6ae4","NC-0000000169","Session","2026-04-20T12:16:54.837Z","session_opened","1","69e61937d6ba6309ff158589","2026-04-20T12:16:55.511000","2026-04-20T12:16:55.511000","service_eb508f39-ce3d-4391-bb12-d4211c02ede9","false"
"69e59c6999895a6a9ae411ee","69e59cb29cd465868b1ba074","NC-0000000014","Session","2026-04-20T03:25:38.050Z","session_confirmed","1","69e59cb2870ae244191dc6eb","2026-04-20T03:25:38.925000","2026-04-20T03:25:38.925000","service_eb508f39-ce3d-4391-bb12-d4211c02ede9","false"
"69e59c6999895a6a9ae411ee","69e59ca84f7860cdb23ed523","NC-0000000014","Session","2026-04-20T03:25:28.402Z","session_opened","1","69e59ca920f8c4f80161ad16","2026-04-20T03:25:29.172000","2026-04-20T03:25:29.172000","service_eb508f39-ce3d-4391-bb12-d4211c02ede9","false"
"69e59bdd25a52c137ae9b09a","69e59befbc678149728bd0b9","NC-0000000124","Session","2026-04-20T03:22:33.416Z","session_confirmed","1","69e59bf9663f96c0d7512733","2026-04-20T03:22:33.800000","2026-04-20T03:22:33.800000","service_eb508f39-ce3d-4391-bb12-d4211c02ede9","false"
"69e59bdd25a52c137ae9b09a","69e59befbc678149728bd0b9","NC-0000000124","Session","2026-04-20T03:22:23.305Z","session_opened","1","69e59bf01a925f636cc3271d","2026-04-20T03:22:24.033000","2026-04-20T03:22:24.033000","service_eb508f39-ce3d-4391-bb12-d4211c02ede9","false"
"69e58b1a3345bc6a2b4eb8da","69e58b384f4920c7111724a8","NC-0000000011","Session","2026-04-20T02:11:12.869Z","session_confirmed","1","69e58b41b3c2cca4b7018f2a","2026-04-20T02:11:13.280000","2026-04-20T02:11:13.280000","service_eb508f39-ce3d-4391-bb12-d4211c02ede9","false"
"69e58b1a3345bc6a2b4eb8da","69e58b384f4920c7111724a8","NC-0000000011","Session","2026-04-20T02:11:03.652Z","session_opened","1","69e58b3820c81f5f6bbb5c95","2026-04-20T02:11:04.926000","2026-04-20T02:11:04.926000","service_eb508f39-ce3d-4391-bb12-d4211c02ede9","false"
"69e589e919cf170e996eb891","69e58a4f3a4ec355af38b729","NC-0000000030","Session","2026-04-20T02:07:21.448Z","session_confirmed","1","69e58a59bc62e135054062a7","2026-04-20T02:07:21.794000","2026-04-20T02:07:21.794000","service_eb508f39-ce3d-4391-bb12-d4211c02ede9","false"
"69e589e919cf170e996eb891","69e58a4f3a4ec355af38b729","NC-0000000030","Session","2026-04-20T02:07:10.705Z","session_opened","1","69e58a4fd88264415d2dba58","2026-04-20T02:07:11.473000","2026-04-20T02:07:11.473000","service_eb508f39-ce3d-4391-bb12-d4211c02ede9","false"
"69e5885881c39d7fcbd60f1a","69e588953584da1a1cf62e6f","NC-0000000122","Session","2026-04-20T01:59:49.355Z","session_confirmed","1","69e58895a851939b6613646d","2026-04-20T01:59:49.983000","2026-04-20T01:59:49.983000","service_eb508f39-ce3d-4391-bb12-d4211c02ede9","false"
"69e5885881c39d7fcbd60f1a","69e5888b95ffd8e24905004b","NC-0000000122","Session","2026-04-20T01:59:39.014Z","session_opened","1","69e5888b1ba4f49ed4509923","2026-04-20T01:59:39.880000","2026-04-20T01:59:39.880000","service_eb508f39-ce3d-4391-bb12-d4211c02ede9","false"
"69e587948a998e96b17bbea5","69e5882d31d0994382b180d3","NC-0000000107","Session","2026-04-20T01:58:53.765Z","session_confirmed","1","69e5885eadb9b748d7c64c5a","2026-04-20T01:58:54.108000","2026-04-20T01:58:54.108000","service_eb508f39-ce3d-4391-bb12-d4211c02ede9","false"
"69e587948a998e96b17bbea5","69e5882d31d0994382b180d3","NC-0000000107","Session","2026-04-20T01:58:04.697Z","session_opened","1","69e5882d544736d7516e3934","2026-04-20T01:58:05.375000","2026-04-20T01:58:05.375000","service_eb508f39-ce3d-4391-bb12-d4211c02ede9","false"
"69e5870099fb1c0e44be3365","69e587294f7db9778eb80fc9","NC-0000000104","Session","2026-04-20T01:53:55.285Z","session_confirmed","1","69e5873320c81f5f6bbb5789","2026-04-20T01:53:55.591000","2026-04-20T01:53:55.591000","service_eb508f39-ce3d-4391-bb12-d4211c02ede9","false"
"69e5870099fb1c0e44be3365","69e587294f7db9778eb80fc9","NC-0000000104","Session","2026-04-20T01:53:45.166Z","session_opened","1","69e58729d305b6bb959fedd4","2026-04-20T01:53:45.888000","2026-04-20T01:53:45.888000","service_eb508f39-ce3d-4391-bb12-d4211c02ede9","false"
"69e57ea72577d59c9b51a298","69e57ec9bc62e135054052c8","NC-0000000108","Session","2026-04-20T01:29:37.027Z","session_confirmed","1","69e58181636edc96b031dab0","2026-04-20T01:29:37.414000","2026-04-20T01:29:37.414000","service_eb508f39-ce3d-4391-bb12-d4211c02ede9","false"
"69e57ea72577d59c9b51a298","69e57ec9bc62e135054052c8","NC-0000000108","Session","2026-04-20T01:18:00.412Z","session_opened","1","69e57ec9e8389bc52be7d3aa","2026-04-20T01:18:01.348000","2026-04-20T01:18:01.348000","service_eb508f39-ce3d-4391-bb12-d4211c02ede9","false"
"69e26b42eccc4206778647b2","69e26ccb51989d35e916093f","NC-0000000249","Session","2026-04-17T17:40:10.891Z","session_confirmed","1","69e2707b8cc6644a3b43bf4e","2026-04-17T17:40:11.229000","2026-04-17T17:40:11.229000","service_eb508f39-ce3d-4391-bb12-d4211c02ede9","false"
"69e26b42eccc4206778647b2","69e26ccb51989d35e916093f","NC-0000000249","Session","2026-04-17T17:24:26.556Z","session_opened","1","69e26ccbcd1c7f38f1285e4d","2026-04-17T17:24:27.556000","2026-04-17T17:24:27.556000","service_eb508f39-ce3d-4391-bb12-d4211c02ede9","false"
"69dfac3f6605a23090f5f5bb","69dfacd226406d7ae2828602","NC-0000000135","Session","2026-04-15T15:21:09.251Z","session_confirmed","1","69dface56f04f1da47d0265e","2026-04-15T15:21:09.610000","2026-04-15T15:21:09.610000","service_eb508f39-ce3d-4391-bb12-d4211c02ede9","false"
"69dfac3f6605a23090f5f5bb","69dfacd226406d7ae2828602","NC-0000000135","Session","2026-04-15T15:20:50.157Z","session_opened","1","69dfacd2faa2e053316f52c7","2026-04-15T15:20:50.858000","2026-04-15T15:20:50.858000","service_eb508f39-ce3d-4391-bb12-d4211c02ede9","false"
"69d69a09eb20fc6d7d1e695b","69d69a3a6ffe1c50c26d7b30","NC-0000000101","Session","2026-04-08T18:12:53.698Z","session_confirmed","1","69d69aa6eb9ff9a72fcba2da","2026-04-08T18:12:54.065000","2026-04-08T18:12:54.065000","service_eb508f39-ce3d-4391-bb12-d4211c02ede9","false"
"69d69a09eb20fc6d7d1e695b","69d69a3a6ffe1c50c26d7b30","NC-0000000101","Session","2026-04-08T18:11:05.597Z","session_opened","1","69d69a3ad4ad417817447598","2026-04-08T18:11:06.522000","2026-04-08T18:11:06.522000","service_eb508f39-ce3d-4391-bb12-d4211c02ede9","false"
"69d417f500f114fa3831a525","69d419f2765d5fdd4fa26bf1","NC-0000000095","Session","2026-04-06T20:43:23.672Z","session_confirmed","1","69d41aec93464b25b328f2ca","2026-04-06T20:43:24.118000","2026-04-06T20:43:24.118000","service_eb508f39-ce3d-4391-bb12-d4211c02ede9","false"
"69d417f500f114fa3831a525","69d419f2765d5fdd4fa26bf1","NC-0000000095","Session","2026-04-06T20:39:13.729Z","session_opened","1","69d419f224dfa9ed5cc41d8c","2026-04-06T20:39:14.652000","2026-04-06T20:39:14.652000","service_eb508f39-ce3d-4391-bb12-d4211c02ede9","false"
"NC-0000000165","69d10b8dd85e4e1407404b3a","NC-0000000165","CheckpointLiveStats","2026-04-04T13:01:00.919Z","session_opened","1","69d10b8d5fc3abb1db01efab","2026-04-04T13:01:01.708000","2026-04-04T13:01:01.708000","service_20f63310-1e7c-45d0-b0d5-32d80f7be796","false"
"69cfeb0f600e3b544709885e","69cfece7a9ce2b2dcfd18cad","NC-0000000169","Session","2026-04-03T16:39:05.220Z","session_confirmed","1","69cfed29411f65a118fb4ffb","2026-04-03T16:39:05.735000","2026-04-03T16:39:05.735000","service_eb508f39-ce3d-4391-bb12-d4211c02ede9","false"
"69cfeb0f600e3b544709885e","69cfece7a9ce2b2dcfd18cad","NC-0000000169","Session","2026-04-03T16:37:59.163Z","session_opened","1","69cfece796918d4ab849432c","2026-04-03T16:37:59.958000","2026-04-03T16:37:59.958000","service_eb508f39-ce3d-4391-bb12-d4211c02ede9","false"
"NC-0000000165","69cf9fe8aa3a9e41a0f8077c","NC-0000000165","CheckpointLiveStats","2026-04-03T13:01:00.828Z","checkin","1","69cfba0e12a02b288110661a","2026-04-03T13:01:02.013000","2026-04-03T13:01:02.013000","service_20f63310-1e7c-45d0-b0d5-32d80f7be796","false"
"NC-0000000165","69cf9fe8aa3a9e41a0f8077c","NC-0000000165","CheckpointLiveStats","2026-04-03T13:01:00.828Z","session_opened","1","69cfba0e12a02b2881106619","2026-04-03T13:01:02.013000","2026-04-03T13:01:02.013000","service_20f63310-1e7c-45d0-b0d5-32d80f7be796","false"
"NC-0000000165","69cf9fe8aa3a9e41a0f8077c","NC-0000000165","CheckpointLiveStats","2026-04-03T13:01:00.828Z","session_opened","100","69cfba0e12a02b288110661b","2026-04-03T13:01:02.013000","2026-04-03T13:01:02.013000","service_20f63310-1e7c-45d0-b0d5-32d80f7be796","false"
"NC-0000000165","69cf9fe8aa3a9e41a0f8077c","NC-0000000165","CheckpointLiveStats","2026-04-03T13:01:00.828Z","session_confirmed","7","69cfba0e12a02b2881106618","2026-04-03T13:01:02.013000","2026-04-03T13:01:02.013000","service_20f63310-1e7c-45d0-b0d5-32d80f7be796","false"
"NC-0000000095","69cfba0d0a1a53ab84c8792e","NC-0000000095","CheckpointLiveStats","2026-04-03T13:01:00.828Z","session_confirmed","2","69cfba0d205af8c686b46689","2026-04-03T13:01:01.545000","2026-04-03T13:01:01.545000","service_20f63310-1e7c-45d0-b0d5-32d80f7be796","false"
"69cf9fcd51d3bbfbca8603da","69cf9fe8aa3a9e41a0f8077c","NC-0000000165","Session","2026-04-03T11:09:27.582Z","session_opened","1","69cf9fe87ea2a037b4f79711","2026-04-03T11:09:28.404000","2026-04-03T11:09:28.404000","service_eb508f39-ce3d-4391-bb12-d4211c02ede9","false"
"NC-0000000095","69cea6da649ebf90a314e261","NC-0000000095","CheckpointLiveStats","2026-04-02T21:54:13.960Z","session_opened","6","69cee5876c3a2e0b348f28c0","2026-04-02T21:54:15.697000","2026-04-02T21:54:15.697000","service_20f63310-1e7c-45d0-b0d5-32d80f7be796","false"
"NC-0000000095","69cea6da649ebf90a314e261","NC-0000000095","CheckpointLiveStats","2026-04-02T21:26:50.001Z","session_opened","5","69cedf1acdc7574c083aa23c","2026-04-02T21:26:50.913000","2026-04-02T21:26:50.913000","service_20f63310-1e7c-45d0-b0d5-32d80f7be796","false"
"NC-0000000095","69cea6da649ebf90a314e261","NC-0000000095","CheckpointLiveStats","2026-04-02T20:26:50.104Z","session_opened","3","69ced10a616320bd88a33f6f","2026-04-02T20:26:50.928000","2026-04-02T20:26:50.928000","service_20f63310-1e7c-45d0-b0d5-32d80f7be796","false"
"NC-0000000095","69cea6da649ebf90a314e261","NC-0000000095","CheckpointLiveStats","2026-04-02T20:26:50.104Z","session_opened","19","69ced10a616320bd88a33f70","2026-04-02T20:26:50.928000","2026-04-02T20:26:50.928000","service_20f63310-1e7c-45d0-b0d5-32d80f7be796","false"
"NC-0000000095","69cea6da649ebf90a314e261","NC-0000000095","CheckpointLiveStats","2026-04-02T17:26:49.984Z","session_opened","2","69cea6da88495175184f13ba","2026-04-02T17:26:50.610000","2026-04-02T17:26:50.610000","service_20f63310-1e7c-45d0-b0d5-32d80f7be796","false"
"NC-0000000095","69cea6da649ebf90a314e261","NC-0000000095","CheckpointLiveStats","2026-04-02T17:26:49.984Z","session_opened","14","69cea6da88495175184f13bb","2026-04-02T17:26:50.610000","2026-04-02T17:26:50.610000","service_20f63310-1e7c-45d0-b0d5-32d80f7be796","false"
"NC-0000000105","69cd62e0f39a30529ee944e8","NC-0000000105","CheckpointLiveStats","2026-04-01T22:26:50.051Z","session_confirmed","1","69cd9baa40725fa946d67531","2026-04-01T22:26:50.797000","2026-04-01T22:26:50.797000","service_20f63310-1e7c-45d0-b0d5-32d80f7be796","false"
"NC-0000000105","69cd62e0f39a30529ee944e8","NC-0000000105","CheckpointLiveStats","2026-04-01T21:26:50.065Z","session_confirmed","1","69cd8d9a3333badb8dcc28ae","2026-04-01T21:26:50.990000","2026-04-01T21:26:50.990000","service_20f63310-1e7c-45d0-b0d5-32d80f7be796","false"
"NC-0000000105","69cd62e0f39a30529ee944e8","NC-0000000105","CheckpointLiveStats","2026-04-01T20:26:50.117Z","session_confirmed","1","69cd7f8a1dc0bbb3c0ddb025","2026-04-01T20:26:50.818000","2026-04-01T20:26:50.818000","service_20f63310-1e7c-45d0-b0d5-32d80f7be796","false"
"NC-0000000105","69cd62e0f39a30529ee944e8","NC-0000000105","CheckpointLiveStats","2026-04-01T19:26:49.995Z","session_confirmed","1","69cd717a5579062e97b9d8d9","2026-04-01T19:26:50.920000","2026-04-01T19:26:50.920000","service_20f63310-1e7c-45d0-b0d5-32d80f7be796","false"
"NC-0000000035","69cd391c5aa567d23f49c016","NC-0000000035","CheckpointLiveStats","2026-04-01T18:26:50.140Z","session_confirmed","1","69cd636a5d51e9e27b8c7f9d","2026-04-01T18:26:50.814000","2026-04-01T18:26:50.814000","service_20f63310-1e7c-45d0-b0d5-32d80f7be796","false"
"NC-0000000035","69cd391c5aa567d23f49c016","NC-0000000035","CheckpointLiveStats","2026-04-01T18:25:35.341Z","session_confirmed","1","69cd6320b542bb560def3a66","2026-04-01T18:25:36.575000","2026-04-01T18:25:36.575000","service_eb508f39-ce3d-4391-bb12-d4211c02ede9","false"
"NC-0000000105","69cd62e0f39a30529ee944e8","NC-0000000105","CheckpointLiveStats","2026-04-01T18:25:35.341Z","session_opened","24","69cd63209ac1216b87de0c38","2026-04-01T18:25:36.042000","2026-04-01T18:25:36.042000","service_eb508f39-ce3d-4391-bb12-d4211c02ede9","false"
"NC-0000000105","69cd62e0f39a30529ee944e8","NC-0000000105","CheckpointLiveStats","2026-04-01T18:25:35.341Z","session_confirmed","1","69cd63209ac1216b87de0c37","2026-04-01T18:25:36.042000","2026-04-01T18:25:36.042000","service_eb508f39-ce3d-4391-bb12-d4211c02ede9","false"
"69cd62c7daee92338a6b06e6","69cd62e0f39a30529ee944e8","NC-0000000105","Session","2026-04-01T18:25:01.502Z","session_confirmed","1","69cd62fd8dc50f728e27f854","2026-04-01T18:25:01.875000","2026-04-01T18:25:01.875000","service_eb508f39-ce3d-4391-bb12-d4211c02ede9","false"
"69cd62c7daee92338a6b06e6","69cd62e0f39a30529ee944e8","NC-0000000105","Session","2026-04-01T18:24:31.660Z","session_opened","1","69cd62e0d45b127812d2a19f","2026-04-01T18:24:32.460000","2026-04-01T18:24:32.460000","service_eb508f39-ce3d-4391-bb12-d4211c02ede9","false"
"NC-0000000035","69cd391c5aa567d23f49c016","NC-0000000035","CheckpointLiveStats","2026-04-01T17:01:49.248Z","session_confirmed","1","69cd4f7d74994441a93c255c","2026-04-01T17:01:49.983000","2026-04-01T17:01:49.983000","service_eb508f39-ce3d-4391-bb12-d4211c02ede9","false"
"69cd38b16a350b03c1ad514d","69cd391c5aa567d23f49c016","NC-0000000035","Session","2026-04-01T15:27:29.710Z","session_confirmed","1","69cd396204608ecdadef1296","2026-04-01T15:27:30.114000","2026-04-01T15:27:30.114000","service_eb508f39-ce3d-4391-bb12-d4211c02ede9","false"
"69cd38b16a350b03c1ad514d","69cd391c5aa567d23f49c016","NC-0000000035","Session","2026-04-01T15:26:19.941Z","session_opened","1","69cd391c7a584368153433c5","2026-04-01T15:26:20.640000","2026-04-01T15:26:20.640000","service_eb508f39-ce3d-4391-bb12-d4211c02ede9","false"
"NC-0000000156","69cb935aa220500dbb6d1fb0","NC-0000000156","CheckpointLiveStats","2026-03-31T09:26:50.280Z","session_confirmed","1","69cb935a90bf45bf383a663b","2026-03-31T09:26:50.897000","2026-03-31T09:26:50.897000","service_20f63310-1e7c-45d0-b0d5-32d80f7be796","false"
"69cafa28c26d25841b31a3dc","69cafa6ffbad1adf8235b16a","NC-0000000123","Session","2026-03-30T22:34:34.614Z","session_confirmed","1","69cafa7b460e983b4c2ec6a9","2026-03-30T22:34:35.066000","2026-03-30T22:34:35.066000","service_eb508f39-ce3d-4391-bb12-d4211c02ede9","false"
"69cafa28c26d25841b31a3dc","69cafa6ffbad1adf8235b16a","NC-0000000123","Session","2026-03-30T22:34:22.613Z","session_opened","1","69cafa6fa24350b4a34a5ce4","2026-03-30T22:34:23.419000","2026-03-30T22:34:23.419000","service_eb508f39-ce3d-4391-bb12-d4211c02ede9","false"
"NC-0000000156","69c8856b607e7643bb0ce19c","NC-0000000156","CheckpointLiveStats","2026-03-29T01:59:19.088Z","session_confirmed","1","69c8877746128630ed48157d","2026-03-29T01:59:19.673000","2026-03-29T01:59:19.673000","service_20f63310-1e7c-45d0-b0d5-32d80f7be796","false"
"NC-0000000156","69c8856b607e7643bb0ce19c","NC-0000000156","CheckpointLiveStats","2026-03-29T01:54:19.097Z","session_confirmed","1","69c8864b7d89e5d7aafe8af4","2026-03-29T01:54:19.675000","2026-03-29T01:54:19.675000","service_20f63310-1e7c-45d0-b0d5-32d80f7be796","false"
"NC-0000000156","69c8856b607e7643bb0ce19c","NC-0000000156","CheckpointLiveStats","2026-03-29T01:54:19.097Z","session_opened","24","69c8864b7d89e5d7aafe8af5","2026-03-29T01:54:19.675000","2026-03-29T01:54:19.675000","service_20f63310-1e7c-45d0-b0d5-32d80f7be796","false"
"69c8852e6fe4622d26529e6d","69c8856b607e7643bb0ce19c","NC-0000000156","Session","2026-03-29T01:51:05.417Z","session_confirmed","1","69c885898dc5ff1333a4110c","2026-03-29T01:51:05.759000","2026-03-29T01:51:05.759000","service_eb508f39-ce3d-4391-bb12-d4211c02ede9","false"
"69c8852e6fe4622d26529e6d","69c8856b607e7643bb0ce19c","NC-0000000156","Session","2026-03-29T01:50:34.782Z","session_opened","1","69c8856bb57acd85bcf7407e","2026-03-29T01:50:35.507000","2026-03-29T01:50:35.507000","service_eb508f39-ce3d-4391-bb12-d4211c02ede9","false"
"69c7d40397c99229b5c73b3b","69c7d41e5605970477567014","NC-0000000050","Session","2026-03-28T13:41:47.703Z","session_confirmed","1","69c7da9c6ecfa7467cb161c5","2026-03-28T13:41:48.034000","2026-03-28T13:41:48.034000","service_eb508f39-ce3d-4391-bb12-d4211c02ede9","false"
"69c7d4b59a435ebb107136a2","69c7d4d842e59a2a37fd29c8","NC-0000000049","Session","2026-03-28T13:23:13.052Z","session_confirmed","1","69c7d641ae63131bb4b1f2eb","2026-03-28T13:23:13.344000","2026-03-28T13:23:13.344000","service_eb508f39-ce3d-4391-bb12-d4211c02ede9","false"
"69c7d4b59a435ebb107136a2","69c7d4d842e59a2a37fd29c8","NC-0000000049","Session","2026-03-28T13:23:12.006Z","session_confirmed","1","69c7d64026918b6b88d1e2ce","2026-03-28T13:23:12.307000","2026-03-28T13:23:12.307000","service_eb508f39-ce3d-4391-bb12-d4211c02ede9","false"
"69c7d4b59a435ebb107136a2","69c7d4d842e59a2a37fd29c8","NC-0000000049","Session","2026-03-28T13:17:11.689Z","session_opened","1","69c7d4d805d7cf77af9680f2","2026-03-28T13:17:12.356000","2026-03-28T13:17:12.356000","service_eb508f39-ce3d-4391-bb12-d4211c02ede9","false"
"69c7d40397c99229b5c73b3b","69c7d41e5605970477567014","NC-0000000050","Session","2026-03-28T13:14:05.956Z","session_opened","1","69c7d41fe07e6925265700db","2026-03-28T13:14:07","2026-03-28T13:14:07","service_eb508f39-ce3d-4391-bb12-d4211c02ede9","false"
"69c7d355e3531775420b8457","69c7d38aad23c66d8680a471","NC-0000000095","Session","2026-03-28T13:11:53.026Z","session_confirmed","1","69c7d399e2fecb7a1faa48ac","2026-03-28T13:11:53.522000","2026-03-28T13:11:53.522000","service_eb508f39-ce3d-4391-bb12-d4211c02ede9","false"
"69c7d355e3531775420b8457","69c7d38aad23c66d8680a471","NC-0000000095","Session","2026-03-28T13:11:38.386Z","session_opened","1","69c7d38bae84b022ea0cc6fd","2026-03-28T13:11:39.068000","2026-03-28T13:11:39.068000","service_eb508f39-ce3d-4391-bb12-d4211c02ede9","false"
"NC-0000000165","69c3c536ec15c2bb41e6ad11","NC-0000000165","CheckpointLiveStats","2026-03-25T17:46:26.404Z","checkin","2","69c41f73b82147096c42a727","2026-03-25T17:46:27.221000","2026-03-25T17:46:27.221000","service_20f63310-1e7c-45d0-b0d5-32d80f7be796","false"
"NC-0000000165","69c3c536ec15c2bb41e6ad11","NC-0000000165","CheckpointLiveStats","2026-03-25T17:21:26.133Z","checkin","2","69c41996b6d8a9664b3b1d69","2026-03-25T17:21:26.823000","2026-03-25T17:21:26.823000","service_20f63310-1e7c-45d0-b0d5-32d80f7be796","false"
"NC-0000000165","69c3c536ec15c2bb41e6ad11","NC-0000000165","CheckpointLiveStats","2026-03-25T16:56:26.174Z","checkin","2","69c413ba6cf9025188a86c1c","2026-03-25T16:56:26.914000","2026-03-25T16:56:26.914000","service_20f63310-1e7c-45d0-b0d5-32d80f7be796","false"
"NC-0000000165","69c3c536ec15c2bb41e6ad11","NC-0000000165","CheckpointLiveStats","2026-03-25T16:36:26.246Z","checkin","2","69c40f0a6a407c282667728e","2026-03-25T16:36:26.883000","2026-03-25T16:36:26.883000","service_20f63310-1e7c-45d0-b0d5-32d80f7be796","false"
"NC-0000000165","69c3c536ec15c2bb41e6ad11","NC-0000000165","CheckpointLiveStats","2026-03-25T16:21:26.199Z","checkin","2","69c40b8675a2a29613e890fd","2026-03-25T16:21:26.923000","2026-03-25T16:21:26.923000","service_20f63310-1e7c-45d0-b0d5-32d80f7be796","false"
"NC-0000000165","69c3c536ec15c2bb41e6ad11","NC-0000000165","CheckpointLiveStats","2026-03-25T16:16:26.199Z","checkin","2","69c40a5a34af23114fe97703","2026-03-25T16:16:26.956000","2026-03-25T16:16:26.956000","service_20f63310-1e7c-45d0-b0d5-32d80f7be796","false"
"NC-0000000067","69c3d59ebb8337dfb9f612bd","NC-0000000067","CheckpointLiveStats","2026-03-25T15:41:26.197Z","session_opened","1","69c4022720301033fb178779","2026-03-25T15:41:27.191000","2026-03-25T15:41:27.191000","service_20f63310-1e7c-45d0-b0d5-32d80f7be796","false"
"NC-0000000165","69c3c536ec15c2bb41e6ad11","NC-0000000165","CheckpointLiveStats","2026-03-25T15:41:26.197Z","checkin","1","69c40226ed67cfc2ff7c0657","2026-03-25T15:41:26.841000","2026-03-25T15:41:26.841000","service_20f63310-1e7c-45d0-b0d5-32d80f7be796","false"
"NC-0000000165","69c3c536ec15c2bb41e6ad11","NC-0000000165","CheckpointLiveStats","2026-03-25T15:36:26.310Z","checkin","1","69c400fb0e4593ae2b77b70f","2026-03-25T15:36:27.140000","2026-03-25T15:36:27.140000","service_20f63310-1e7c-45d0-b0d5-32d80f7be796","false"
"NC-0000000095","69c3c78e50080e62375b54c4","NC-0000000095","CheckpointLiveStats","2026-03-25T14:31:26.258Z","session_confirmed","1","69c3f1bf6e97787e3c320c51","2026-03-25T14:31:27.003000","2026-03-25T14:31:27.003000","service_20f63310-1e7c-45d0-b0d5-32d80f7be796","false"
"NC-0000000095","69c3c78e50080e62375b54c4","NC-0000000095","CheckpointLiveStats","2026-03-25T14:26:26.201Z","session_confirmed","1","69c3f092c5d4895cb7b61e47","2026-03-25T14:26:26.930000","2026-03-25T14:26:26.930000","service_20f63310-1e7c-45d0-b0d5-32d80f7be796","false"
"NC-0000000095","69c3c78e50080e62375b54c4","NC-0000000095","CheckpointLiveStats","2026-03-25T13:46:26.204Z","session_confirmed","1","69c3e732958448bfec9c29e3","2026-03-25T13:46:26.871000","2026-03-25T13:46:26.871000","service_20f63310-1e7c-45d0-b0d5-32d80f7be796","false"
"NC-0000000029","69c3e02a182f4f856f421f01","NC-0000000029","CheckpointLiveStats","2026-03-25T13:31:26.342Z","session_opened","1","69c3e3afa373c72dccaaee23","2026-03-25T13:31:27.085000","2026-03-25T13:31:27.085000","service_20f63310-1e7c-45d0-b0d5-32d80f7be796","false"
"NC-0000000029","69c3e02a182f4f856f421f01","NC-0000000029","CheckpointLiveStats","2026-03-25T13:26:26.230Z","session_opened","1","69c3e282cc0eedffc54b0797","2026-03-25T13:26:26.997000","2026-03-25T13:26:26.997000","service_20f63310-1e7c-45d0-b0d5-32d80f7be796","false"
"NC-0000000095","69c3c78e50080e62375b54c4","NC-0000000095","CheckpointLiveStats","2026-03-25T13:16:26.378Z","session_confirmed","1","69c3e02b3bde9012f8085d2f","2026-03-25T13:16:27.478000","2026-03-25T13:16:27.478000","service_20f63310-1e7c-45d0-b0d5-32d80f7be796","false"
"NC-0000000029","69c3e02a182f4f856f421f01","NC-0000000029","CheckpointLiveStats","2026-03-25T13:16:26.378Z","session_opened","1","69c3e02b1c6b17e1c26d058a","2026-03-25T13:16:27.039000","2026-03-25T13:16:27.039000","service_20f63310-1e7c-45d0-b0d5-32d80f7be796","false"
"NC-0000000095","69c3c78e50080e62375b54c4","NC-0000000095","CheckpointLiveStats","2026-03-25T12:51:26.197Z","session_confirmed","1","69c3da4fd9dcdf6d02465996","2026-03-25T12:51:27.267000","2026-03-25T12:51:27.267000","service_20f63310-1e7c-45d0-b0d5-32d80f7be796","false"
"NC-0000000019","69c3d9225070d7be1d4e25bd","NC-0000000019","CheckpointLiveStats","2026-03-25T12:51:26.197Z","session_opened","1","69c3da4e4c4fb4296b19989b","2026-03-25T12:51:26.830000","2026-03-25T12:51:26.830000","service_20f63310-1e7c-45d0-b0d5-32d80f7be796","false"
"NC-0000000019","69c3d9225070d7be1d4e25bd","NC-0000000019","CheckpointLiveStats","2026-03-25T12:46:26.235Z","session_opened","1","69c3d9224177af403d086010","2026-03-25T12:46:26.868000","2026-03-25T12:46:26.868000","service_20f63310-1e7c-45d0-b0d5-32d80f7be796","false"
"NC-0000000067","69c3d59ebb8337dfb9f612bd","NC-0000000067","CheckpointLiveStats","2026-03-25T12:31:26.184Z","session_opened","1","69c3d59f0c1b4e401223cd2b","2026-03-25T12:31:27.023000","2026-03-25T12:31:27.023000","service_20f63310-1e7c-45d0-b0d5-32d80f7be796","false"
"NC-0000000095","69c3c78e50080e62375b54c4","NC-0000000095","CheckpointLiveStats","2026-03-25T12:31:26.184Z","session_confirmed","1","69c3d59e5702f8f26239cccd","2026-03-25T12:31:26.743000","2026-03-25T12:31:26.743000","service_20f63310-1e7c-45d0-b0d5-32d80f7be796","false"
"NC-0000000106","69c3d21a09d08f53fab7bcb4","NC-0000000106","CheckpointLiveStats","2026-03-25T12:21:26.301Z","session_opened","1","69c3d3465eedeeaddab5c742","2026-03-25T12:21:26.960000","2026-03-25T12:21:26.960000","service_20f63310-1e7c-45d0-b0d5-32d80f7be796","false"
"NC-0000000106","69c3d21a09d08f53fab7bcb4","NC-0000000106","CheckpointLiveStats","2026-03-25T12:16:26.139Z","session_opened","1","69c3d21a8c3c587992b63a5e","2026-03-25T12:16:26.716000","2026-03-25T12:16:26.716000","service_20f63310-1e7c-45d0-b0d5-32d80f7be796","false"
"NC-0000000095","69c3c78e50080e62375b54c4","NC-0000000095","CheckpointLiveStats","2026-03-25T12:11:26.170Z","session_confirmed","1","69c3d0eeb05d9a21355ca6db","2026-03-25T12:11:26.943000","2026-03-25T12:11:26.943000","service_20f63310-1e7c-45d0-b0d5-32d80f7be796","false"
"NC-0000000101","69c3cd6a138f57a1cb429a1e","NC-0000000101","CheckpointLiveStats","2026-03-25T11:56:26.113Z","session_opened","1","69c3cd6abcc7b926843f2583","2026-03-25T11:56:26.775000","2026-03-25T11:56:26.775000","service_20f63310-1e7c-45d0-b0d5-32d80f7be796","false"
"NC-0000000095","69c3c78e50080e62375b54c4","NC-0000000095","CheckpointLiveStats","2026-03-25T11:51:26.195Z","session_confirmed","1","69c3cc3eff65918e3fdb8117","2026-03-25T11:51:26.962000","2026-03-25T11:51:26.962000","service_20f63310-1e7c-45d0-b0d5-32d80f7be796","false"
"NC-0000000095","69c3c78e50080e62375b54c4","NC-0000000095","CheckpointLiveStats","2026-03-25T11:41:26.218Z","session_confirmed","1","69c3c9e60c343083898e0d24","2026-03-25T11:41:26.991000","2026-03-25T11:41:26.991000","service_20f63310-1e7c-45d0-b0d5-32d80f7be796","false"
"NC-0000000095","69c3c78e50080e62375b54c4","NC-0000000095","CheckpointLiveStats","2026-03-25T11:36:26.307Z","session_confirmed","1","69c3c8bb782d59baef6604d1","2026-03-25T11:36:27.069000","2026-03-25T11:36:27.069000","service_20f63310-1e7c-45d0-b0d5-32d80f7be796","false"
"NC-0000000095","69c3c78e50080e62375b54c4","NC-0000000095","CheckpointLiveStats","2026-03-25T11:31:26.175Z","session_opened","1","69c3c78ead134dddf5d595f4","2026-03-25T11:31:26.836000","2026-03-25T11:31:26.836000","service_20f63310-1e7c-45d0-b0d5-32d80f7be796","false"
"NC-0000000095","69c3c78e50080e62375b54c4","NC-0000000095","CheckpointLiveStats","2026-03-25T11:31:26.175Z","session_opened","14","69c3c78ead134dddf5d595f5","2026-03-25T11:31:26.836000","2026-03-25T11:31:26.836000","service_20f63310-1e7c-45d0-b0d5-32d80f7be796","false"
"NC-0000000165","69c3c536ec15c2bb41e6ad11","NC-0000000165","CheckpointLiveStats","2026-03-25T11:26:26.342Z","checkin","1","69c3c66238f6df0e9377cbd1","2026-03-25T11:26:26.996000","2026-03-25T11:26:26.996000","service_20f63310-1e7c-45d0-b0d5-32d80f7be796","false"
"NC-0000000165","69c3c536ec15c2bb41e6ad11","NC-0000000165","CheckpointLiveStats","2026-03-25T11:21:26.323Z","checkin","1","69c3c5364d594413691c9dc0","2026-03-25T11:21:26.943000","2026-03-25T11:21:26.943000","service_20f63310-1e7c-45d0-b0d5-32d80f7be796","false"
"NC-0000000073","69c3c2d02ba4a50f3c6a6a86","NC-0000000073","CheckpointLiveStats","2026-03-25T11:11:15.538Z","session_confirmed","1","69c3c2d400f0b8f68d959984","2026-03-25T11:11:16.783000","2026-03-25T11:11:16.783000","service_eb508f39-ce3d-4391-bb12-d4211c02ede9","false"
"NC-0000000073","69c3c2d02ba4a50f3c6a6a86","NC-0000000073","CheckpointLiveStats","2026-03-25T11:11:15.538Z","session_opened","25","69c3c2d400f0b8f68d959985","2026-03-25T11:11:16.783000","2026-03-25T11:11:16.783000","service_eb508f39-ce3d-4391-bb12-d4211c02ede9","false"
"NC-0000000004","69c3c2cf524b17b9b2075c7f","NC-0000000004","CheckpointLiveStats","2026-03-25T11:11:15.538Z","session_opened","32","69c3c2d454845c94eed30934","2026-03-25T11:11:16.464000","2026-03-25T11:11:16.464000","service_eb508f39-ce3d-4391-bb12-d4211c02ede9","false"
"NC-0000000004","69c3c2cf524b17b9b2075c7f","NC-0000000004","CheckpointLiveStats","2026-03-25T11:11:15.538Z","session_confirmed","2","69c3c2d454845c94eed30933","2026-03-25T11:11:16.464000","2026-03-25T11:11:16.464000","service_eb508f39-ce3d-4391-bb12-d4211c02ede9","false"
"NC-0000000013","69c3c2cfe9fd74c890c1d99a","NC-0000000013","CheckpointLiveStats","2026-03-25T11:11:15.538Z","session_confirmed","1","69c3c2d425b2d2f48253ac54","2026-03-25T11:11:16.098000","2026-03-25T11:11:16.098000","service_eb508f39-ce3d-4391-bb12-d4211c02ede9","false"
"NC-0000000013","69c3c2cfe9fd74c890c1d99a","NC-0000000013","CheckpointLiveStats","2026-03-25T11:11:15.538Z","session_opened","14","69c3c2d425b2d2f48253ac55","2026-03-25T11:11:16.098000","2026-03-25T11:11:16.098000","service_eb508f39-ce3d-4391-bb12-d4211c02ede9","false"
"NC-0000000073","69c3c2d02ba4a50f3c6a6a86","NC-0000000073","CheckpointLiveStats","2026-03-25T11:11:10.968Z","session_confirmed","1","69c3c2d0e0a284add7433573","2026-03-25T11:11:12.247000","2026-03-25T11:11:12.247000","service_eb508f39-ce3d-4391-bb12-d4211c02ede9","false"
"NC-0000000073","69c3c2d02ba4a50f3c6a6a86","NC-0000000073","CheckpointLiveStats","2026-03-25T11:11:10.968Z","session_opened","25","69c3c2d0e0a284add7433574","2026-03-25T11:11:12.247000","2026-03-25T11:11:12.247000","service_eb508f39-ce3d-4391-bb12-d4211c02ede9","false"
"NC-0000000004","69c3c2cf524b17b9b2075c7f","NC-0000000004","CheckpointLiveStats","2026-03-25T11:11:10.968Z","session_confirmed","2","69c3c2cf8ac40501a0ca1ef6","2026-03-25T11:11:11.883000","2026-03-25T11:11:11.883000","service_eb508f39-ce3d-4391-bb12-d4211c02ede9","false"
"NC-0000000004","69c3c2cf524b17b9b2075c7f","NC-0000000004","CheckpointLiveStats","2026-03-25T11:11:10.968Z","session_opened","32","69c3c2cf8ac40501a0ca1ef7","2026-03-25T11:11:11.883000","2026-03-25T11:11:11.883000","service_eb508f39-ce3d-4391-bb12-d4211c02ede9","false"
"NC-0000000013","69c3c2cfe9fd74c890c1d99a","NC-0000000013","CheckpointLiveStats","2026-03-25T11:11:10.968Z","session_confirmed","1","69c3c2cf22f7d1229711b964","2026-03-25T11:11:11.577000","2026-03-25T11:11:11.577000","service_eb508f39-ce3d-4391-bb12-d4211c02ede9","false"
"NC-0000000013","69c3c2cfe9fd74c890c1d99a","NC-0000000013","CheckpointLiveStats","2026-03-25T11:11:10.968Z","session_opened","14","69c3c2cf22f7d1229711b965","2026-03-25T11:11:11.577000","2026-03-25T11:11:11.577000","service_eb508f39-ce3d-4391-bb12-d4211c02ede9","false"
"69c2b00f762fdb4a25edab86","69c2aebaf9dad07711beeaae","NC-0000000204","Session","2026-03-24T15:39:31.030Z","session_confirmed","1","69c2b0332432bc377086bf01","2026-03-24T15:39:31.313000","2026-03-24T15:39:31.313000","service_eb508f39-ce3d-4391-bb12-d4211c02ede9","false"
"69c2b00f762fdb4a25edab86","69c2aebaf9dad07711beeaae","NC-0000000204","Session","2026-03-24T15:39:21.750Z","session_opened","1","69c2b02ab5ffcdaba1dfcc6e","2026-03-24T15:39:22.040000","2026-03-24T15:39:22.040000","service_eb508f39-ce3d-4391-bb12-d4211c02ede9","false"
"69c2af914a025d339f805b70","69c2aebaf9dad07711beeaae","NC-0000000204","Session","2026-03-24T15:38:08.608Z","session_confirmed","1","69c2afe01705bf713ec9c53f","2026-03-24T15:38:08.934000","2026-03-24T15:38:08.934000","service_eb508f39-ce3d-4391-bb12-d4211c02ede9","false"
"69c2af914a025d339f805b70","69c2aebaf9dad07711beeaae","NC-0000000204","Session","2026-03-24T15:38:00.155Z","session_opened","1","69c2afd8f48d1e021f110ecf","2026-03-24T15:38:00.485000","2026-03-24T15:38:00.485000","service_eb508f39-ce3d-4391-bb12-d4211c02ede9","false"
"69c2af4adde41a087f7ad92b","69c2aebaf9dad07711beeaae","NC-0000000204","Session","2026-03-24T15:36:17.751Z","session_confirmed","1","69c2af72484823ec4bc7270f","2026-03-24T15:36:18.044000","2026-03-24T15:36:18.044000","service_eb508f39-ce3d-4391-bb12-d4211c02ede9","false"
"69c2af4adde41a087f7ad92b","69c2aebaf9dad07711beeaae","NC-0000000204","Session","2026-03-24T15:36:09.357Z","session_opened","1","69c2af693ff3f81d8e4d12b1","2026-03-24T15:36:09.650000","2026-03-24T15:36:09.650000","service_eb508f39-ce3d-4391-bb12-d4211c02ede9","false"
"69c2ae91dd762c1519f89452","69c2aebaf9dad07711beeaae","NC-0000000204","Session","2026-03-24T15:33:23.928Z","session_confirmed","1","69c2aec4d38b38039f08b1a8","2026-03-24T15:33:24.243000","2026-03-24T15:33:24.243000","service_eb508f39-ce3d-4391-bb12-d4211c02ede9","false"
"69c2ae91dd762c1519f89452","69c2aebaf9dad07711beeaae","NC-0000000204","Session","2026-03-24T15:33:14.384Z","session_opened","1","69c2aebbd8e8de7b8f2f9fe2","2026-03-24T15:33:15.094000","2026-03-24T15:33:15.094000","service_eb508f39-ce3d-4391-bb12-d4211c02ede9","false"
"NC-0000000067","69b95c624751a9f42e6dd55d","NC-0000000067","CheckpointLiveStats","2026-03-17T13:51:30.045Z","session_confirmed","1","69b95c63aeb38f3a53766e60","2026-03-17T13:51:31.061000","2026-03-17T13:51:31.061000","service_eb508f39-ce3d-4391-bb12-d4211c02ede9","false"
"NC-0000000067","69b95c624751a9f42e6dd55d","NC-0000000067","CheckpointLiveStats","2026-03-17T13:51:30.045Z","session_opened","12","69b95c63aeb38f3a53766e61","2026-03-17T13:51:31.061000","2026-03-17T13:51:31.061000","service_eb508f39-ce3d-4391-bb12-d4211c02ede9","false"
"NC-0000000122","69b95c62680ac3a63ddfba4e","NC-0000000122","CheckpointLiveStats","2026-03-17T13:51:30.045Z","session_confirmed","3","69b95c6212f4e9cba6d79008","2026-03-17T13:51:30.682000","2026-03-17T13:51:30.682000","service_eb508f39-ce3d-4391-bb12-d4211c02ede9","false"
"NC-0000000122","69b95c62680ac3a63ddfba4e","NC-0000000122","CheckpointLiveStats","2026-03-17T13:51:30.045Z","session_opened","1","69b95c6212f4e9cba6d79009","2026-03-17T13:51:30.682000","2026-03-17T13:51:30.682000","service_eb508f39-ce3d-4391-bb12-d4211c02ede9","false"
"NC-0000000122","69b95c62680ac3a63ddfba4e","NC-0000000122","CheckpointLiveStats","2026-03-17T13:51:30.045Z","session_opened","43","69b95c6212f4e9cba6d7900a","2026-03-17T13:51:30.682000","2026-03-17T13:51:30.682000","service_eb508f39-ce3d-4391-bb12-d4211c02ede9","false"
"NC-0000000248","69b32853493c67dbf6cf213d","NC-0000000248","CheckpointLiveStats","2026-03-12T20:55:42.594Z","session_confirmed","1","69b328532f250087e3c60697","2026-03-12T20:55:47.859000","2026-03-12T20:55:47.859000","service_eb508f39-ce3d-4391-bb12-d4211c02ede9","false"
"NC-0000000225","69b3285367591b07375e488f","NC-0000000225","CheckpointLiveStats","2026-03-12T20:55:42.594Z","session_confirmed","1","69b32853e2245061e7bd3cef","2026-03-12T20:55:47.460000","2026-03-12T20:55:47.460000","service_eb508f39-ce3d-4391-bb12-d4211c02ede9","false"
"NC-0000000250","69b32852f7158ec9dbe06e89","NC-0000000250","CheckpointLiveStats","2026-03-12T20:55:42.594Z","session_confirmed","1","69b32853c79b0baf4bd300e0","2026-03-12T20:55:47.067000","2026-03-12T20:55:47.067000","service_eb508f39-ce3d-4391-bb12-d4211c02ede9","false"
"NC-0000000254","69b328527ec60820007adae9","NC-0000000254","CheckpointLiveStats","2026-03-12T20:55:42.594Z","session_confirmed","1","69b32852cab4ee1ea92eb0f5","2026-03-12T20:55:46.662000","2026-03-12T20:55:46.662000","service_eb508f39-ce3d-4391-bb12-d4211c02ede9","false"
"NC-0000000264","69b3285222126a4aae049eb2","NC-0000000264","CheckpointLiveStats","2026-03-12T20:55:42.594Z","session_confirmed","1","69b328522af224e5a2cb553b","2026-03-12T20:55:46.312000","2026-03-12T20:55:46.312000","service_eb508f39-ce3d-4391-bb12-d4211c02ede9","false"
"NC-0000000272","69b3284fbb14a6e28f6017bf","NC-0000000272","CheckpointLiveStats","2026-03-12T20:55:42.594Z","session_confirmed","1","69b3285198c5974d1f9f9684","2026-03-12T20:55:45.862000","2026-03-12T20:55:45.862000","service_eb508f39-ce3d-4391-bb12-d4211c02ede9","false"
"NC-0000000261","69b3284f5d4f72f0041bc501","NC-0000000261","CheckpointLiveStats","2026-03-12T20:55:42.594Z","session_confirmed","1","69b3284f332e13bd56bf4869","2026-03-12T20:55:43.469000","2026-03-12T20:55:43.469000","service_eb508f39-ce3d-4391-bb12-d4211c02ede9","false"