eventId,createdAt,triggerDate,total_gross_amount_cents,errorNote,status,updatedAt,id,created_date,updated_date,created_by_id,is_sample
"69e5864c2745dd4d3021b23a","","2026-04-29T10:40:00.000Z","0","","pending","","69f1e0372898d5549db2c6c1","2026-04-29T10:40:55.427000","2026-04-29T10:40:55.427000","698c747aee05acfdd23ea578","false"
"69e2e9ac5e64a1209c1b21d5","2026-04-28T21:51:09.478Z","2026-04-29T00:01:58.551Z","0","","pending","2026-04-28T22:01:58.551Z","69f12bcee1701980151ef13d","2026-04-28T21:51:10.834000","2026-04-28T22:01:59.119000","service_eb508f39-ce3d-4391-bb12-d4211c02ede9","false"
"69e616952d5eed0a98638ef6","2026-04-28T21:50:38.097Z","2026-04-29T00:01:58.551Z","0","","pending","2026-04-28T22:01:58.551Z","69f12bafb6b40a10c06e4e15","2026-04-28T21:50:39.568000","2026-04-28T22:01:59.484000","service_eb508f39-ce3d-4391-bb12-d4211c02ede9","false"
"69eb582f4e6d9e1d588579e0","2026-04-28T21:50:27.526Z","2026-04-29T00:01:58.551Z","0","","pending","2026-04-28T22:01:58.551Z","69f12ba618a0e78b7e556808","2026-04-28T21:50:30.040000","2026-04-28T22:01:59.848000","service_eb508f39-ce3d-4391-bb12-d4211c02ede9","false"
"69f0a4a819020e82fe25833d","2026-04-28T21:50:21.387Z","2026-04-29T00:01:58.551Z","0","","pending","2026-04-28T22:01:58.551Z","69f12b9ef090c16cc966f3c1","2026-04-28T21:50:22.772000","2026-04-28T22:02:00.221000","service_eb508f39-ce3d-4391-bb12-d4211c02ede9","false"
"69eb5b1d364972c7c3e18948","2026-04-28T21:50:16.180Z","2026-04-29T00:01:58.551Z","0","","pending","2026-04-28T22:01:58.551Z","69f12b99bc358f05299ec985","2026-04-28T21:50:17.523000","2026-04-28T22:02:00.545000","service_eb508f39-ce3d-4391-bb12-d4211c02ede9","false"
"69f0b1d6bc0615a645b177f7","2026-04-28T21:50:09.170Z","2026-04-29T00:01:58.551Z","0","","pending","2026-04-28T22:01:58.551Z","69f12b921e5ce3d6eae70929","2026-04-28T21:50:10.562000","2026-04-28T22:02:01.048000","service_eb508f39-ce3d-4391-bb12-d4211c02ede9","false"
"69e79a8347b3ed64ab6d829c","2026-04-28T21:49:46.137Z","2026-04-29T00:01:58.551Z","0","","pending","2026-04-28T22:01:58.551Z","69f12b7ba45737351043e8bb","2026-04-28T21:49:47.410000","2026-04-28T22:02:01.445000","service_eb508f39-ce3d-4391-bb12-d4211c02ede9","false"
"69e7d0dc88c32287b5636d7c","2026-04-28T21:49:40.758Z","2026-04-29T00:01:58.551Z","0","","pending","2026-04-28T22:01:58.551Z","69f12b765ce88618b4de2752","2026-04-28T21:49:42.149000","2026-04-28T22:02:01.796000","service_eb508f39-ce3d-4391-bb12-d4211c02ede9","false"
"69e7dc7a3a00ff3f726c896b","2026-04-28T21:49:33.235Z","2026-04-29T00:01:58.551Z","0","","completed","2026-04-29T11:35:56.624Z","69f12b70b966014234ae9927","2026-04-28T21:49:36.198000","2026-04-29T11:37:30.314000","service_eb508f39-ce3d-4391-bb12-d4211c02ede9","false"
"69e022a2c1894041117bd971","2026-04-28T21:49:14.350Z","2026-04-29T00:01:58.551Z","0","","pending","2026-04-28T22:01:58.551Z","69f12b5bd67f54b1ddd7d464","2026-04-28T21:49:15.768000","2026-04-28T22:02:02.495000","service_eb508f39-ce3d-4391-bb12-d4211c02ede9","false"
"69f0e4361bd96edff7653490","2026-04-28T21:49:05.678Z","2026-04-29T00:01:58.551Z","0","","pending","2026-04-28T22:01:58.551Z","69f12b52efdef655d66a7eec","2026-04-28T21:49:06.973000","2026-04-28T22:02:02.835000","service_eb508f39-ce3d-4391-bb12-d4211c02ede9","false"
"69f0e08017a841019661d987","2026-04-28T21:48:58.324Z","2026-04-29T00:01:58.551Z","0","","pending","2026-04-28T22:01:58.551Z","69f12b4ba9ef45e0b21e0ddd","2026-04-28T21:48:59.613000","2026-04-28T22:02:03.265000","service_eb508f39-ce3d-4391-bb12-d4211c02ede9","false"
"69e0194a3b7d47dbf10c36da","2026-04-28T21:48:51.113Z","2026-04-29T00:01:58.551Z","0","","pending","2026-04-28T22:01:58.551Z","69f12b448b751d435804fe99","2026-04-28T21:48:52.685000","2026-04-28T22:02:03.658000","service_eb508f39-ce3d-4391-bb12-d4211c02ede9","false"
"69e2ec93b661d22b7d4d5483","2026-04-28T21:48:44.729Z","2026-04-29T00:01:58.551Z","0","","pending","2026-04-28T22:01:58.551Z","69f12b3e16180406a96b276b","2026-04-28T21:48:46.493000","2026-04-28T22:02:04.090000","service_eb508f39-ce3d-4391-bb12-d4211c02ede9","false"
"69eaa93057a4fd324f40f228","2026-04-28T21:48:37.135Z","2026-04-29T00:01:58.551Z","0","","pending","2026-04-28T22:01:58.551Z","69f12b364b22b35ecee57de3","2026-04-28T21:48:38.447000","2026-04-28T22:02:04.496000","service_eb508f39-ce3d-4391-bb12-d4211c02ede9","false"
"69eab0b648beecffb8a9343a","2026-04-28T21:48:30.929Z","2026-04-29T00:01:58.551Z","0","","pending","2026-04-28T22:01:58.551Z","69f12b300021727bda92b450","2026-04-28T21:48:32.296000","2026-04-28T22:02:04.918000","service_eb508f39-ce3d-4391-bb12-d4211c02ede9","false"
"69f0e77a18ab67191b45cc44","2026-04-28T21:48:25.438Z","2026-04-29T00:01:58.551Z","0","","pending","2026-04-28T22:01:58.551Z","69f12b2a17d89265defc6bee","2026-04-28T21:48:26.700000","2026-04-28T22:02:05.295000","service_eb508f39-ce3d-4391-bb12-d4211c02ede9","false"
"69f0e7d20e47fd882890d48c","2026-04-28T21:48:17.928Z","2026-04-29T00:01:58.551Z","0","","pending","2026-04-28T22:01:58.551Z","69f12b238b0c07787057fd39","2026-04-28T21:48:19.348000","2026-04-28T22:02:05.715000","service_eb508f39-ce3d-4391-bb12-d4211c02ede9","false"
"69f12202b0291cf8a10f1bbd","2026-04-28T21:48:10.554Z","2026-04-29T00:01:58.551Z","0","","pending","2026-04-28T22:01:58.551Z","69f12b1c65924af520ffcc9a","2026-04-28T21:48:12.734000","2026-04-28T22:02:06.262000","service_eb508f39-ce3d-4391-bb12-d4211c02ede9","false"
"69e231107c8a1c819e13d3a4","2026-04-28T21:47:56.323Z","2026-04-29T00:01:58.551Z","0","","pending","2026-04-28T22:01:58.551Z","69f12b0dd32a390a62182118","2026-04-28T21:47:57.838000","2026-04-28T22:02:06.602000","service_eb508f39-ce3d-4391-bb12-d4211c02ede9","false"
"69e23274f03ed4a9f01b2198","2026-04-28T21:47:50.224Z","2026-04-29T00:01:58.551Z","0","","pending","2026-04-28T22:01:58.551Z","69f12b076caf46b3a5c7850c","2026-04-28T21:47:51.796000","2026-04-28T22:02:06.987000","service_eb508f39-ce3d-4391-bb12-d4211c02ede9","false"
"69e234fc0c311bac9b82cea9","2026-04-28T21:47:43.877Z","2026-04-29T00:01:58.551Z","0","","pending","2026-04-28T22:01:58.551Z","69f12b01e4c8b508c0c86562","2026-04-28T21:47:45.566000","2026-04-28T22:02:07.395000","service_eb508f39-ce3d-4391-bb12-d4211c02ede9","false"
"69e3b8248fc51fd03a56857c","2026-04-28T21:47:34.946Z","2026-04-29T00:01:58.551Z","0","","completed","2026-04-29T11:35:56.624Z","69f12af998e03e5d45c74d98","2026-04-28T21:47:37.752000","2026-04-29T11:37:31.974000","service_eb508f39-ce3d-4391-bb12-d4211c02ede9","false"
"69ee4d4655675c96cd568806","2026-04-28T21:47:29.262Z","2026-04-29T00:01:58.551Z","0","","pending","2026-04-28T22:01:58.551Z","69f12af24f49c3546dc0bde4","2026-04-28T21:47:30.618000","2026-04-28T22:02:08.172000","service_eb508f39-ce3d-4391-bb12-d4211c02ede9","false"
"69f0b554878a81215537d7d1","2026-04-28T21:47:26.120Z","2026-04-29T00:01:58.551Z","0","","pending","2026-04-28T22:01:58.551Z","69f12aefc14d3f4a4cf7aadf","2026-04-28T21:47:27.572000","2026-04-28T22:02:08.579000","service_eb508f39-ce3d-4391-bb12-d4211c02ede9","false"
"69f0f98dcf62ccab46ce2eba","2026-04-28T21:47:21.159Z","2026-04-29T00:01:58.551Z","0","","pending","2026-04-28T22:01:58.551Z","69f12aebc8eb4e5c0a8605b8","2026-04-28T21:47:23.995000","2026-04-28T22:02:08.934000","service_eb508f39-ce3d-4391-bb12-d4211c02ede9","false"
"69f099b6a046e1579b382c7c","2026-04-28T12:05:07.332Z","2026-04-29T12:05:07.332Z","0","","pending","2026-04-28T12:05:07.332Z","69f0a27a14c8ea55e1705604","2026-04-28T12:05:14.938000","2026-04-28T12:05:14.938000","service_eb508f39-ce3d-4391-bb12-d4211c02ede9","false"
"69eb6a82d3d017cfbd3e77bc","2026-04-24T13:58:46.461Z","2026-04-25T13:58:46.461Z","0","","completed","2026-04-29T11:35:56.624Z","69eb772ca285e2d408e9cb17","2026-04-24T13:59:08.246000","2026-04-29T11:37:27.154000","service_eb508f39-ce3d-4391-bb12-d4211c02ede9","false"
"69eb682b9430b4c08113234d","2026-04-24T13:52:55.644Z","2026-04-25T13:52:55.644Z","0","","completed","2026-04-29T11:35:56.624Z","69eb75c2c3adc9fba98552c9","2026-04-24T13:53:06.192000","2026-04-29T11:37:26.582000","service_eb508f39-ce3d-4391-bb12-d4211c02ede9","false"
"69eb5ea399dc25700de73ac6","2026-04-24T12:34:41.957Z","2026-04-25T12:34:41.957Z","0","Request failed with status code 400","processing","2026-04-29T10:41:56.676Z","69eb63704e4a32601ea70a7f","2026-04-24T12:34:56.463000","2026-04-29T10:41:58.518000","service_eb508f39-ce3d-4391-bb12-d4211c02ede9","false"
"69eb54a1a9707a51c042eaff","2026-04-24T12:32:37.442Z","2026-04-25T12:32:37.442Z","0","","completed","2026-04-29T11:35:56.624Z","69eb62e6c44c36a3420ef7a3","2026-04-24T12:32:38.783000","2026-04-29T11:37:28.234000","service_eb508f39-ce3d-4391-bb12-d4211c02ede9","false"
"69eabaa014b3b229e04cd76a","2026-04-24T01:17:29.576Z","2026-04-25T01:17:29.576Z","0","","completed","2026-04-29T11:35:56.624Z","69eac4bb37b7b471b1c8050e","2026-04-24T01:17:47.242000","2026-04-29T11:37:27.675000","service_eb508f39-ce3d-4391-bb12-d4211c02ede9","false"
"69eab69279bceae19438ebeb","2026-04-24T00:33:47.973Z","2026-04-29T00:01:58.551Z","0","","pending","2026-04-28T22:01:58.551Z","69eaba6d55657fa08d24c102","2026-04-24T00:33:49.836000","2026-04-28T22:02:09.395000","service_eb508f39-ce3d-4391-bb12-d4211c02ede9","false"
"69ea7a3dba45aac7aea9dcb0","2026-04-23T20:12:12.109Z","2026-04-24T20:12:12.109Z","0","","processing","2026-04-25T13:00:46.939Z","69ea7d25dbf33658dfb13ea0","2026-04-23T20:12:21.778000","2026-04-25T13:00:49.272000","service_eb508f39-ce3d-4391-bb12-d4211c02ede9","false"
"69ea44480ce0b77f1fda9c04","2026-04-23T16:20:12.482Z","2026-04-24T16:20:12.482Z","","","processing","2026-04-24T17:09:14.201Z","69ea46c462a7ddfa7e9bff26","2026-04-23T16:20:20.705000","2026-04-24T17:09:15.755000","service_eb508f39-ce3d-4391-bb12-d4211c02ede9","false"
"69ea38cbfecda0c9be8b840e","2026-04-23T15:58:46.679Z","2026-04-24T15:58:46.679Z","0","","completed","2026-04-28T22:06:23.460Z","69ea41bd4a58bb382f84223d","2026-04-23T15:58:53.197000","2026-04-28T22:06:37.191000","service_eb508f39-ce3d-4391-bb12-d4211c02ede9","false"
"69ea2acd3025a2080e9ba3f1","2026-04-23T15:10:47.378Z","2026-04-24T15:10:47.378Z","","","completed","2026-04-23T22:46:29.365Z","69ea36841bbad98e954b1c29","2026-04-23T15:11:00.564000","2026-04-23T22:46:58.880000","service_eb508f39-ce3d-4391-bb12-d4211c02ede9","false"
"69e908ca7e1c2a2d48a8d808","2026-04-23T14:18:52.879Z","2026-04-24T14:18:52.879Z","0","","completed","2026-04-28T22:06:23.460Z","69ea2a7c31c31e4e3253f267","2026-04-23T14:19:40.806000","2026-04-28T22:06:36.668000","service_eb508f39-ce3d-4391-bb12-d4211c02ede9","false"
"69ea11a48f571b434985fe92","2026-04-23T13:17:27.877Z","2026-04-24T13:17:27.877Z","0","Réinitialisé par resetAndRegeneratePayoutSplits v1 — splits fantômes invalidés (3 splits, overage=1.03$)","completed","2026-04-29T11:35:56.624Z","69ea1bf48467d0f8ece688cb","2026-04-23T13:17:40.316000","2026-04-29T11:37:26.084000","service_eb508f39-ce3d-4391-bb12-d4211c02ede9","false"
"69e9f68a8934e1f22b3ef8c3","2026-04-23T10:50:13.414Z","2026-04-24T10:50:13.414Z","","","completed","2026-04-24T15:32:20.209Z","69e9f96ef36723f40068e52e","2026-04-23T10:50:22.425000","2026-04-24T15:33:30.180000","service_eb508f39-ce3d-4391-bb12-d4211c02ede9","false"
"69e9f31f15c86fbd27554517","2026-04-23T10:36:26.439Z","2026-04-29T00:01:58.551Z","0","","pending","2026-04-28T22:01:58.551Z","69e9f62c1a9b43a1efd9bf64","2026-04-23T10:36:28.374000","2026-04-28T22:02:09.829000","service_eb508f39-ce3d-4391-bb12-d4211c02ede9","false"
"69e9827931502e7066e9d642","2026-04-23T10:24:29.154Z","2026-04-24T10:24:29.154Z","","","completed","2026-04-24T15:32:20.209Z","69e9f3648948b41d17326450","2026-04-23T10:24:36.513000","2026-04-24T15:33:29.571000","service_eb508f39-ce3d-4391-bb12-d4211c02ede9","false"
"69e79b7937a994e48dee53ca","2026-04-23T02:15:52.125Z","2026-04-24T02:15:52.125Z","","","completed","2026-04-24T15:32:20.209Z","69e980dd4173960449583656","2026-04-23T02:15:57.654000","2026-04-24T15:33:28.991000","service_eb508f39-ce3d-4391-bb12-d4211c02ede9","false"
"69e97d4b55f24e6ae443e816","2026-04-23T02:05:45.033Z","2026-04-24T02:05:45.033Z","","","completed","2026-04-24T15:32:20.209Z","69e97e84fc11c5201a82e188","2026-04-23T02:05:56.168000","2026-04-24T15:33:28.408000","service_eb508f39-ce3d-4391-bb12-d4211c02ede9","false"
"69e90b97bd26f708d2cefa19","2026-04-22T23:16:13.694Z","2026-04-29T00:01:58.551Z","0","","pending","2026-04-28T22:01:58.551Z","69e956bfb400b971882fb6ce","2026-04-22T23:16:15.088000","2026-04-28T22:02:10.253000","service_eb508f39-ce3d-4391-bb12-d4211c02ede9","false"
"69e7cd5b37d2d78827c5a490","2026-04-22T22:57:35.029Z","2026-04-23T22:57:35.029Z","","","completed","2026-04-24T15:32:20.209Z","69e9526469f022a24ff70f9e","2026-04-22T22:57:40.824000","2026-04-24T15:33:27.737000","service_eb508f39-ce3d-4391-bb12-d4211c02ede9","false"
"69e943216c09c49fe424336a","2026-04-22T22:56:40.857Z","2026-04-23T22:56:40.857Z","","","completed","2026-04-24T15:32:20.209Z","69e95230c8f07178258ac8ae","2026-04-22T22:56:48.302000","2026-04-24T15:33:26.593000","service_eb508f39-ce3d-4391-bb12-d4211c02ede9","false"
"69e90c54b9f9412ee2f25c2e","2026-04-22T19:42:54.030Z","2026-04-23T19:42:54.030Z","","","completed","2026-04-24T15:32:20.209Z","69e924c542da11b0da639052","2026-04-22T19:43:01.175000","2026-04-24T15:33:25.948000","service_eb508f39-ce3d-4391-bb12-d4211c02ede9","false"
"69e8fed2e9dd6272584885ea","2026-04-22T17:33:04.741Z","2026-04-23T17:33:04.741Z","","","completed","2026-04-24T15:32:20.209Z","69e9065bf93222a0321f7c6f","2026-04-22T17:33:15.756000","2026-04-24T15:33:25.289000","service_eb508f39-ce3d-4391-bb12-d4211c02ede9","false"
"69e8b316fbc30cb9a462eec4","2026-04-22T12:24:11.961Z","2026-04-23T12:24:11.961Z","","","completed","2026-04-23T22:41:49.450Z","69e8bdf9967fd8b3872e2f76","2026-04-22T12:24:25.298000","2026-04-23T22:43:21.120000","service_eb508f39-ce3d-4391-bb12-d4211c02ede9","false"
"69e5454b680fefef316a8882","2026-04-21T19:09:53.375Z","2026-04-21T19:09:53.375Z","","","completed","2026-04-23T22:46:29.365Z","69e7cb8489e1453a5cbf2ed3","2026-04-21T19:09:56.169000","2026-04-23T22:47:00.034000","service_eb508f39-ce3d-4391-bb12-d4211c02ede9","false"
"69e53d7ddfb5d661fa8cb7a1","2026-04-21T19:09:46.322Z","2026-04-29T00:01:58.551Z","0","","pending","2026-04-28T22:01:58.551Z","69e7cb7b6ef8ededb6b80dbb","2026-04-21T19:09:47.916000","2026-04-28T22:02:10.624000","service_eb508f39-ce3d-4391-bb12-d4211c02ede9","false"
"69e543056bc19bd81b7aa0fb","2026-04-21T19:09:43.518Z","2026-04-29T00:01:58.551Z","0","","pending","2026-04-28T22:01:58.551Z","69e7cb79e3b9f6cf6aa22551","2026-04-21T19:09:45.051000","2026-04-28T22:02:10.990000","service_eb508f39-ce3d-4391-bb12-d4211c02ede9","false"
"69e55e296ade2869a547e016","2026-04-21T19:09:35.220Z","2026-04-29T00:01:58.551Z","0","","pending","2026-04-28T22:01:58.551Z","69e7cb707bab38e9961ced5a","2026-04-21T19:09:36.933000","2026-04-28T22:02:11.311000","service_eb508f39-ce3d-4391-bb12-d4211c02ede9","false"
"69e7a0eecfae6cce66c80590","2026-04-21T17:11:50.296Z","2026-04-22T17:11:50.296Z","","","completed","2026-04-23T22:46:29.365Z","69e7afde18397b0fa432c495","2026-04-21T17:11:58.938000","2026-04-23T22:46:59.449000","service_eb508f39-ce3d-4391-bb12-d4211c02ede9","false"
"69e76b9ff5bd785d483c6526","2026-04-21T13:56:07.695Z","2026-04-22T13:56:07.695Z","","","completed","2026-04-23T22:41:49.450Z","69e781fe5c4ed26d3447228e","2026-04-21T13:56:14.420000","2026-04-23T22:43:20.351000","service_eb508f39-ce3d-4391-bb12-d4211c02ede9","false"
"69e7695b2859dda1a128a083","2026-04-21T13:08:15.664Z","2026-04-22T13:08:15.664Z","","","completed","2026-04-23T22:41:49.450Z","69e776c64291c03434ee41f8","2026-04-21T13:08:22.951000","2026-04-23T22:43:19.784000","service_eb508f39-ce3d-4391-bb12-d4211c02ede9","false"
"69e60a1a009afd50a6bb2800","2026-04-20T11:55:17.736Z","2026-04-21T11:55:17.736Z","","","completed","2026-04-23T22:46:29.365Z","69e6142e7468c4120c33b07e","2026-04-20T11:55:26.204000","2026-04-23T22:47:00.547000","service_eb508f39-ce3d-4391-bb12-d4211c02ede9","false"
"69e607df1a35938e445b9b2c","2026-04-20T11:53:47.568Z","2026-04-21T11:53:47.568Z","","","completed","2026-04-23T22:41:49.450Z","69e613db8dac0176e8694069","2026-04-20T11:54:03.788000","2026-04-23T22:43:21.869000","service_eb508f39-ce3d-4391-bb12-d4211c02ede9","false"
"69e5948cd7d5ebd74dd54e82","2026-04-20T04:02:44.397Z","2026-04-21T04:02:44.397Z","","","completed","2026-04-20T15:07:20.354Z","69e5a56fd88264415d2ddadb","2026-04-20T04:02:55.659000","2026-04-20T15:08:23.228000","service_eb508f39-ce3d-4391-bb12-d4211c02ede9","false"
"69e577bcee2fde3af32912b9","2026-04-20T01:32:26.699Z","2026-04-21T01:32:26.699Z","","","completed","2026-04-23T22:46:29.365Z","69e58235858b10dbd76020ee","2026-04-20T01:32:37.549000","2026-04-23T22:47:01.085000","service_eb508f39-ce3d-4391-bb12-d4211c02ede9","false"
"69e3dc9b1c351869c39d98a3","2026-04-19T12:40:44.618Z","2026-04-20T12:40:44.618Z","","","completed","2026-04-23T22:41:49.450Z","69e4cd560a302dd60a5d81d1","2026-04-19T12:40:54.504000","2026-04-23T22:43:23.892000","service_eb508f39-ce3d-4391-bb12-d4211c02ede9","false"
"69e39e169f2c1117a5e86121","2026-04-18T16:55:47.218Z","2026-04-19T16:55:47.218Z","","","completed","2026-04-23T22:41:49.450Z","69e3b7a0197ec916be5d23f1","2026-04-18T16:56:00.114000","2026-04-23T22:43:26.122000","service_eb508f39-ce3d-4391-bb12-d4211c02ede9","false"
"69e3a047873f1e0e8a9c1220","2026-04-18T15:54:29.619Z","2026-04-19T15:54:29.619Z","","","completed","2026-04-23T22:41:49.450Z","69e3a93cb80c79987130c524","2026-04-18T15:54:36.528000","2026-04-23T22:43:23.173000","service_eb508f39-ce3d-4391-bb12-d4211c02ede9","false"
"69e3993bb98029bbaa79b22b","2026-04-18T14:59:05.926Z","2026-04-19T14:59:05.926Z","","","completed","2026-04-20T15:07:20.354Z","69e39c43a0cc6764d5d964ab","2026-04-18T14:59:15.567000","2026-04-20T15:08:24.097000","service_eb508f39-ce3d-4391-bb12-d4211c02ede9","false"
"69e39479b53d7cef1b3eb6b1","2026-04-18T14:30:43.298Z","2026-04-24T21:09:12.739Z","","escrowStatus=none — release requis avant génération des splits","voided","2026-04-24T17:09:12.739Z","69e3959b7fbfd6fd468cfa74","2026-04-18T14:30:51.397000","2026-04-24T17:19:25.740000","service_eb508f39-ce3d-4391-bb12-d4211c02ede9","false"
"69e38bcada564eeacc35a4c3","2026-04-18T14:22:31.922Z","2026-04-19T14:22:31.922Z","","","completed","2026-04-23T22:41:49.450Z","69e393af53e9a4cac5e79d68","2026-04-18T14:22:39.780000","2026-04-23T22:43:22.565000","service_eb508f39-ce3d-4391-bb12-d4211c02ede9","false"
"69e2d75ab661d22b7d4d43d6","2026-04-18T01:05:58.362Z","2026-04-19T01:05:58.362Z","","","completed","2026-04-23T22:41:49.450Z","69e2d90032d65ce63a2265b0","2026-04-18T01:06:08.518000","2026-04-23T22:43:25.563000","service_eb508f39-ce3d-4391-bb12-d4211c02ede9","false"
"69e2cf0fe7c8b194afd3d8f8","2026-04-18T00:36:44.241Z","2026-04-19T00:36:44.241Z","0","Request failed with status code 500","completed","2026-04-29T11:35:56.624Z","69e2d224c0bd8d19b93e1e5c","2026-04-18T00:36:52.974000","2026-04-29T11:37:31.436000","service_eb508f39-ce3d-4391-bb12-d4211c02ede9","false"
"69e2a427fcddd91985cf7791","2026-04-17T22:42:08.354Z","2026-04-18T22:42:08.354Z","","","completed","2026-04-23T22:41:49.450Z","69e2b74ef1b2205e19e63a1f","2026-04-17T22:42:22.287000","2026-04-23T22:43:25.027000","service_eb508f39-ce3d-4391-bb12-d4211c02ede9","false"
"69e2705d6a092f499ec04025","2026-04-17T18:06:40.911Z","2026-04-18T18:06:40.911Z","","Request failed with status code 500","disputed","2026-04-19T13:00:32.303Z","69e276b9977d66b7d41bcf5f","2026-04-17T18:06:49.321000","2026-04-19T13:00:44.761000","service_eb508f39-ce3d-4391-bb12-d4211c02ede9","false"
"69e182682158155ce15ced4a","2026-04-17T00:49:48.083Z","2026-04-18T00:49:48.083Z","","","completed","2026-04-23T22:41:49.450Z","69e183b5bc52f23782022f49","2026-04-17T00:49:57.247000","2026-04-23T22:43:26.710000","service_eb508f39-ce3d-4391-bb12-d4211c02ede9","false"
"69e141d958e797619fd5f69b","2026-04-17T00:19:23.976Z","2026-04-29T02:01:58.551Z","0","escrowStatus=none — release requis avant génération des splits","pending","2026-04-28T22:01:58.551Z","69e17c9cda8ac373651a2b24","2026-04-17T00:19:40.821000","2026-04-28T22:02:11.726000","service_eb508f39-ce3d-4391-bb12-d4211c02ede9","false"
"69e16c116de5c4509261cc1b","2026-04-16T23:12:43.956Z","2026-04-17T23:12:43.956Z","0","Request failed with status code 500","completed","2026-04-29T11:35:56.624Z","69e16cf47e7f89a29e26b269","2026-04-16T23:12:52.384000","2026-04-29T11:37:30.931000","service_eb508f39-ce3d-4391-bb12-d4211c02ede9","false"
"69e169278a79490c4201e2a0","2026-04-16T23:02:43.584Z","2026-04-18T17:00:32.262Z","","escrowStatus=secured — release requis avant génération des splits","completed","2026-04-23T22:41:49.450Z","69e16aa35d02f8780e76e565","2026-04-16T23:02:59.021000","2026-04-23T22:43:24.441000","service_eb508f39-ce3d-4391-bb12-d4211c02ede9","false"
"69e1523cb9a12ac5fc842f5e","2026-04-16T22:54:55.566Z","2026-04-24T21:09:12.739Z","","escrowStatus=none — release requis avant génération des splits","voided","2026-04-24T17:09:12.739Z","69e168c974f3a0fe07f9a534","2026-04-16T22:55:05.489000","2026-04-24T17:19:50.240000","service_eb508f39-ce3d-4391-bb12-d4211c02ede9","false"
"69e16397aef418d4fb9eae71","2026-04-16T22:51:41.654Z","2026-04-17T22:51:41.654Z","","","completed","2026-04-19T15:13:15.524Z","69e16809a28e6214d6d78215","2026-04-16T22:51:53.266000","2026-04-19T15:14:31.845000","service_eb508f39-ce3d-4391-bb12-d4211c02ede9","false"
"69e15e5ee45e1d7cc92f8722","2026-04-16T22:31:48.228Z","2026-04-17T22:31:48.228Z","","","completed","2026-04-19T15:13:15.524Z","69e1635cc75cd573bb0fcfad","2026-04-16T22:31:56.767000","2026-04-19T15:14:31.275000","service_eb508f39-ce3d-4391-bb12-d4211c02ede9","false"
"69e024456f0d9d81c1993506","2026-04-15T23:53:32.014Z","2026-04-24T21:09:12.739Z","","escrowStatus=none — release requis avant génération des splits","voided","2026-04-24T17:09:12.739Z","69e025037414a3cda4e52f01","2026-04-15T23:53:39.292000","2026-04-24T17:20:29.091000","service_eb508f39-ce3d-4391-bb12-d4211c02ede9","false"
"69e024456f0d9d81c1993506","2026-04-15T23:53:31.824Z","2026-04-24T21:09:12.739Z","","escrowStatus=none — release requis avant génération des splits","voided","2026-04-24T17:09:12.739Z","69e02503ec6fec85f37451c1","2026-04-15T23:53:39.158000","2026-04-24T17:20:20.629000","service_eb508f39-ce3d-4391-bb12-d4211c02ede9","false"
"69e0207e364efd643b9a9763","2026-04-15T23:41:32.344Z","2026-04-24T21:09:12.739Z","","escrowStatus=none — release requis avant génération des splits","voided","2026-04-24T17:09:12.739Z","69e02235f416739f7202eaf9","2026-04-15T23:41:41.208000","2026-04-24T17:20:48.323000","service_eb508f39-ce3d-4391-bb12-d4211c02ede9","false"
"69e008d169b748dfae68891f","2026-04-15T22:03:04.201Z","2026-04-24T21:09:12.739Z","","escrowStatus=none — release requis avant génération des splits","voided","2026-04-24T17:09:12.739Z","69e00b21a181d6b584ea3f99","2026-04-15T22:03:13.878000","2026-04-24T17:21:05.893000","service_eb508f39-ce3d-4391-bb12-d4211c02ede9","false"
"69e007a156347c60700bcb0d","2026-04-15T21:52:41.217Z","2026-04-29T00:01:58.551Z","0","","pending","2026-04-28T22:01:58.551Z","69e008aa3c7e8bcaac9017ec","2026-04-15T21:52:42.502000","2026-04-28T22:02:12.453000","service_eb508f39-ce3d-4391-bb12-d4211c02ede9","false"
"69e005910a63c3ccdfc6a237","2026-04-15T21:46:56.232Z","2026-04-24T21:09:12.739Z","","escrowStatus=none — release requis avant génération des splits","voided","2026-04-24T17:09:12.739Z","69e0075e16c117888e0488a6","2026-04-15T21:47:10.294000","2026-04-24T17:21:18.473000","service_eb508f39-ce3d-4391-bb12-d4211c02ede9","false"
"69dfab11ae8d6e41c6751190","2026-04-15T16:00:36.807Z","2026-04-29T00:01:58.551Z","0","","pending","2026-04-28T22:01:58.551Z","69dfb626648349c85e01749d","2026-04-15T16:00:38.721000","2026-04-28T22:02:12.854000","service_eb508f39-ce3d-4391-bb12-d4211c02ede9","false"
"69d69ff0c91beb18effd66f8","2026-04-15T16:00:16.916Z","2026-04-29T00:01:58.551Z","0","","pending","2026-04-28T22:01:58.551Z","69dfb612a19a15dce0f76b46","2026-04-15T16:00:18.785000","2026-04-28T22:02:13.275000","service_eb508f39-ce3d-4391-bb12-d4211c02ede9","false"
"69dfb25a01334d4456c714c0","2026-04-15T15:57:44.038Z","2026-04-24T21:09:12.739Z","","escrowStatus=none — release requis avant génération des splits","voided","2026-04-24T17:09:12.739Z","69dfb58bc61d21fca1d787d2","2026-04-15T15:58:03.206000","2026-04-24T17:21:30.655000","service_eb508f39-ce3d-4391-bb12-d4211c02ede9","false"
"69dfad29612740b77d251efd","2026-04-15T15:24:05.805Z","2026-04-24T21:09:12.739Z","","escrowStatus=none — release requis avant génération des splits","voided","2026-04-24T17:09:12.739Z","69dfad9d8eb0a251c25f8ee1","2026-04-15T15:24:13.108000","2026-04-24T17:21:42.524000","service_eb508f39-ce3d-4391-bb12-d4211c02ede9","false"
"69d7a155a2d79a27145730f6","2026-04-15T15:11:35.428Z","2026-04-15T15:11:35.428Z","0","","completed","2026-04-29T11:35:56.624Z","69dfaaa80c8dc24ecb266e57","2026-04-15T15:11:36.839000","2026-04-29T11:37:28.740000","service_eb508f39-ce3d-4391-bb12-d4211c02ede9","false"
"69d7b8e23d9e3c5cae2ce9b6","2026-04-15T15:11:32.635Z","2026-04-15T15:11:32.635Z","0","","completed","2026-04-29T11:35:56.624Z","69dfaaa610c76943a4f6f520","2026-04-15T15:11:34.187000","2026-04-29T11:37:29.275000","service_eb508f39-ce3d-4391-bb12-d4211c02ede9","false"
"69d7f2a1d02b620f26748950","2026-04-15T15:11:29.780Z","2026-04-15T15:11:29.780Z","0","","completed","2026-04-29T11:35:56.624Z","69dfaaa3008a242a3f515fda","2026-04-15T15:11:31.685000","2026-04-29T11:37:29.797000","service_eb508f39-ce3d-4391-bb12-d4211c02ede9","false"
"69d6e600bd465602e93bc614","2026-04-15T12:10:05.205Z","2026-04-15T12:10:05.205Z","0","","completed","2026-04-29T11:35:56.624Z","69df801eab20124368747a1d","2026-04-15T12:10:06.462000","2026-04-29T11:37:32.504000","service_eb508f39-ce3d-4391-bb12-d4211c02ede9","false"
"69d7be0d64dddfaf0eb091c5","2026-04-15T12:09:55.802Z","2026-04-15T12:09:55.802Z","","","completed","2026-04-19T15:13:15.524Z","69df8015cd493506d3417db9","2026-04-15T12:09:57.063000","2026-04-19T15:14:35.617000","service_eb508f39-ce3d-4391-bb12-d4211c02ede9","false"
"69d81f5301657e9dce048d65","2026-04-15T12:09:47.037Z","2026-04-29T00:01:58.551Z","0","","pending","2026-04-28T22:01:58.551Z","69df800c15fbdb0c92b6c3db","2026-04-15T12:09:48.406000","2026-04-28T22:02:13.691000","service_eb508f39-ce3d-4391-bb12-d4211c02ede9","false"
"69d8e01d961cdeed1abb2663","2026-04-15T12:09:40.525Z","2026-04-29T00:01:58.551Z","0","","pending","2026-04-28T22:01:58.551Z","69df8005eec506f6baa9a2f0","2026-04-15T12:09:41.878000","2026-04-28T22:02:14.039000","service_eb508f39-ce3d-4391-bb12-d4211c02ede9","false"
"69d8e47a29fd00ffd0fffe17","2026-04-15T12:09:29.613Z","2026-04-15T12:09:29.613Z","0","","completed","2026-04-29T11:35:56.624Z","69df7ffa59bc92403a6d0fec","2026-04-15T12:09:30.810000","2026-04-29T11:37:33.052000","service_eb508f39-ce3d-4391-bb12-d4211c02ede9","false"
"69d8eb4e6922f5f585e48baf","2026-04-15T12:01:48.726Z","2026-04-16T12:01:48.726Z","","","completed","2026-04-19T15:13:15.524Z","69df7e34180a86977469057a","2026-04-15T12:01:56.421000","2026-04-19T15:14:32.844000","service_eb508f39-ce3d-4391-bb12-d4211c02ede9","false"
"69d932177a48bf7560309c3e","2026-04-15T11:55:14.101Z","2026-04-16T11:55:14.101Z","","","completed","2026-04-23T22:41:49.450Z","69df7ca99ee85b559776602e","2026-04-15T11:55:21.793000","2026-04-23T22:43:27.404000","service_eb508f39-ce3d-4391-bb12-d4211c02ede9","false"
"69d8099e38661c6c0e5f15d6","2026-04-14T13:55:20.778Z","2026-04-14T13:55:20.778Z","0","","completed","2026-04-29T01:23:22.614Z","69de474a66670790564cf158","2026-04-14T13:55:22.110000","2026-04-29T01:24:04.403000","service_eb508f39-ce3d-4391-bb12-d4211c02ede9","false"
"69de45ad1508614e6455d4a0","2026-04-14T13:53:05.787Z","2026-04-24T21:09:12.739Z","","escrowStatus=none — release requis avant génération des splits","voided","2026-04-24T17:09:12.739Z","69de46c9b8dcc683b38f8756","2026-04-14T13:53:13.784000","2026-04-24T17:22:25.732000","service_eb508f39-ce3d-4391-bb12-d4211c02ede9","false"
"69de2db5d7c95c36d8361f7d","2026-04-14T12:11:20.063Z","2026-04-15T12:11:20.063Z","","priceTotal = 0, aucun split généré","completed","2026-04-15T12:29:06.064Z","69de2ef26aa6d23346b527c8","2026-04-14T12:11:30.865000","2026-04-15T12:29:07.901000","service_eb508f39-ce3d-4391-bb12-d4211c02ede9","false"
"69de2ba8d376f0e18d386d30","2026-04-14T12:04:46.894Z","2026-04-15T12:04:46.894Z","0","Réinitialisé par resetAndRegeneratePayoutSplits v1 — splits fantômes invalidés (4 splits, overage=70.8$)","completed","2026-04-29T11:35:56.624Z","69de2d6646b52ab007e5e2a7","2026-04-14T12:04:54.686000","2026-04-29T11:37:25.569000","service_eb508f39-ce3d-4391-bb12-d4211c02ede9","false"
"69de283fadade41b0eb99f7c","2026-04-14T11:55:21.576Z","2026-04-15T11:55:21.576Z","","Réinitialisé par resetAndRegeneratePayoutSplits v1 — splits fantômes invalidés (4 splits, overage=80$)","completed","2026-04-20T15:07:20.354Z","69de2b31faec7666927fbac4","2026-04-14T11:55:29.821000","2026-04-20T15:08:24.956000","service_eb508f39-ce3d-4391-bb12-d4211c02ede9","false"
"69d8f25414d2940afb3a4c94","2026-04-10T17:21:56.467Z","2026-04-11T17:21:56.467Z","","Réinitialisé par resetAndRegeneratePayoutSplits v1 — splits fantômes invalidés (4 splits, overage=114$)","completed","2026-04-19T15:13:15.524Z","69d931c237f631cce2d1138e","2026-04-10T17:22:10.278000","2026-04-19T15:14:35.122000","service_eb508f39-ce3d-4391-bb12-d4211c02ede9","false"
"69d8e7ab0ce0bb19c583ce31","2026-04-10T12:19:59.065Z","2026-04-11T12:19:59.065Z","","","completed","2026-04-19T15:13:15.524Z","69d8eaf50d9f80c2d26b95ab","2026-04-10T12:20:05.882000","2026-04-19T15:14:37.107000","service_eb508f39-ce3d-4391-bb12-d4211c02ede9","false"
"69d824e81b51af4d3471f5f7","2026-04-09T22:19:34.490Z","2026-04-10T22:19:34.490Z","","Réinitialisé par resetAndRegeneratePayoutSplits v1 — splits fantômes invalidés (4 splits, overage=286.4$)","completed","2026-04-19T15:13:15.524Z","69d825fc97334050d8cd23a8","2026-04-09T22:19:40.520000","2026-04-19T15:14:34.523000","service_eb508f39-ce3d-4391-bb12-d4211c02ede9","false"
"69d81aa1c594498c3e155347","2026-04-09T21:36:07.332Z","2026-04-10T21:36:07.332Z","","","completed","2026-04-19T15:13:15.524Z","69d81bcd5c2514ffce120674","2026-04-09T21:36:13.463000","2026-04-19T15:14:36.490000","service_eb508f39-ce3d-4391-bb12-d4211c02ede9","false"
"69d818db1fbfe378c392bbff","2026-04-09T21:28:55.043Z","2026-04-10T21:28:55.043Z","","Réinitialisé par resetAndRegeneratePayoutSplits v1 — splits fantômes invalidés (4 splits, overage=59.2$)","processing","2026-04-15T14:58:00.685Z","69d81a1708b0be615a911c46","2026-04-09T21:28:55.962000","2026-04-15T14:58:02.473000","service_eb508f39-ce3d-4391-bb12-d4211c02ede9","false"
"69d81648bd82e7282106ec34","2026-04-09T21:22:03.428Z","2026-04-10T21:22:03.428Z","0","Réinitialisé par resetAndRegeneratePayoutSplits v1 — splits fantômes invalidés (4 splits, overage=15.8$)","completed","2026-04-29T11:35:56.624Z","69d8188184ca00a4436c83f9","2026-04-09T21:22:09.519000","2026-04-29T11:37:25.028000","service_eb508f39-ce3d-4391-bb12-d4211c02ede9","false"
"69d80cabe1336b871a5d61ac","2026-04-09T21:08:48.063Z","2026-04-10T21:08:48.063Z","0","Réinitialisé par resetAndRegeneratePayoutSplits v1 — splits fantômes invalidés (4 splits, overage=26.2$)","completed","2026-04-29T11:35:56.624Z","69d81566852e04c7ad1bdb74","2026-04-09T21:08:54.662000","2026-04-29T11:37:24.512000","service_eb508f39-ce3d-4391-bb12-d4211c02ede9","false"
"69d7a2d58c1b81558a43c8d8","2026-04-09T14:38:03.854Z","2026-04-10T14:38:03.854Z","","Réinitialisé par resetAndRegeneratePayoutSplits v1 — splits fantômes invalidés (4 splits, overage=822.4$)","completed","2026-04-19T15:13:15.524Z","69d7b9d259213f9d37c4c1df","2026-04-09T14:38:10.714000","2026-04-19T15:14:33.945000","service_eb508f39-ce3d-4391-bb12-d4211c02ede9","false"
"69d7a40951dab62ca47ba638","2026-04-09T14:22:52.610Z","2026-04-09T14:22:52.610Z","","","completed","2026-04-19T15:13:15.524Z","69d7b63e26b321ef56292f19","2026-04-09T14:22:54.101000","2026-04-19T15:14:37.653000","service_eb508f39-ce3d-4391-bb12-d4211c02ede9","false"
"69d6e7da1ff67a43745b12e7","2026-04-08T23:49:52.968Z","2026-04-09T23:49:52.968Z","","","processing","2026-04-09T00:30:22.506Z","69d6e9a7d020abe0084a4bf8","2026-04-08T23:49:59.995000","2026-04-09T00:30:24.819000","service_eb508f39-ce3d-4391-bb12-d4211c02ede9","false"
"69d50aef1d027b3e5062e3fd","2026-04-07T13:54:00.372Z","2026-04-08T13:54:00.372Z","","Réinitialisé par resetAndRegeneratePayoutSplits v1 — splits fantômes invalidés (2 splits, overage=143.4$)","completed","2026-04-19T15:13:15.524Z","69d50c7e44ce46cdf8c9e964","2026-04-07T13:54:06.394000","2026-04-19T15:14:33.390000","service_eb508f39-ce3d-4391-bb12-d4211c02ede9","false"
"69d4226e96b1a73f25f14199","2026-04-06T21:35:11.095Z","2026-04-07T21:35:11.095Z","0","Réinitialisé par resetAndRegeneratePayoutSplits v1 — splits fantômes invalidés (4 splits, overage=289.6$)","completed","2026-04-29T01:23:22.614Z","69d42721bd15ed73c88d7181","2026-04-06T21:35:29.072000","2026-04-29T01:24:03.877000","service_eb508f39-ce3d-4391-bb12-d4211c02ede9","false"
"69d0f6544647a7b192b1fa61","2026-04-04T14:54:09.750Z","2026-04-05T14:54:09.750Z","","Réinitialisé par resetAndRegeneratePayoutSplits v1 — splits fantômes invalidés (4 splits, overage=268$)","completed","2026-04-23T22:46:29.365Z","69d12618159e0aedc2ffec34","2026-04-04T14:54:16.977000","2026-04-23T22:47:01.752000","service_eb508f39-ce3d-4391-bb12-d4211c02ede9","false"
"69ced3c91c8aab476e75227f","2026-04-04T10:51:05.129Z","2026-04-05T10:51:05.129Z","","","completed","2026-04-05T11:29:06.101Z","69d0ed1e6a9d32a1810b9c0b","2026-04-04T10:51:10.720000","2026-04-05T11:29:07.779000","service_eb508f39-ce3d-4391-bb12-d4211c02ede9","false"
"69cfedaee6e2d83bcfb24768","2026-04-03T16:47:06.234Z","2026-04-04T16:47:06.234Z","","Réinitialisé par resetAndRegeneratePayoutSplits v1 — splits fantômes invalidés (4 splits, overage=80$)","processing","2026-04-15T14:58:24.373Z","69cfef10277157b2e520843a","2026-04-03T16:47:12.653000","2026-04-15T14:58:26.066000","service_eb508f39-ce3d-4391-bb12-d4211c02ede9","false"
"69cfd8b99f67e47c4e9c7991","2026-04-03T16:28:37.683Z","2026-04-04T16:28:37.683Z","","Réinitialisé par resetAndRegeneratePayoutSplits v1 — splits fantômes invalidés (4 splits, overage=206.4$)","completed","2026-04-24T16:47:45.741Z","69cfeac3d2c1bc9ea2105816","2026-04-03T16:28:51.268000","2026-04-24T16:47:55.850000","service_eb508f39-ce3d-4391-bb12-d4211c02ede9","false"
"69cfbc0f4e0184830d625bc6","2026-04-03T14:02:43.033Z","2026-04-04T14:02:43.033Z","0","Réinitialisé par resetAndRegeneratePayoutSplits v1 — splits fantômes invalidés (4 splits, overage=220.8$)","completed","2026-04-29T01:23:22.614Z","69cfc88b0b5b227cae434af6","2026-04-03T14:02:51.403000","2026-04-29T01:24:03.312000","service_eb508f39-ce3d-4391-bb12-d4211c02ede9","false"
"69cfbb630d392a816c8bf25d","2026-04-03T13:08:15.279Z","2026-04-04T13:08:15.279Z","","","completed","2026-04-04T13:29:06.267Z","69cfbbc70214e1dafc7642d1","2026-04-03T13:08:23.280000","2026-04-04T13:29:08.313000","service_eb508f39-ce3d-4391-bb12-d4211c02ede9","false"
"69cfb8316ea9c49bbd73a88c","2026-04-03T13:03:51.660Z","2026-04-04T13:03:51.660Z","","","completed","2026-04-04T13:29:06.267Z","69cfbac0dfdec141778ef14f","2026-04-03T13:04:00.891000","2026-04-04T13:29:10.063000","service_eb508f39-ce3d-4391-bb12-d4211c02ede9","false"
"69cfb14c04d115e0f255f343","2026-04-03T12:45:10.103Z","2026-04-04T12:45:10.103Z","","","completed","2026-04-04T13:29:06.267Z","69cfb65d06483e1fec1ec8dd","2026-04-03T12:45:17.415000","2026-04-04T13:29:12.406000","service_eb508f39-ce3d-4391-bb12-d4211c02ede9","false"
"69cfaac9e1ac5fee76650b71","2026-04-03T11:59:37.465Z","2026-04-04T11:59:37.465Z","","","completed","2026-04-04T12:29:06.182Z","69cfabb512759c8332ff8c5c","2026-04-03T11:59:49.347000","2026-04-04T12:29:08.257000","service_eb508f39-ce3d-4391-bb12-d4211c02ede9","false"
"69cfa49415df4eacf20218d9","2026-04-03T11:31:30.709Z","2026-04-04T11:31:30.709Z","","","completed","2026-04-04T12:29:06.182Z","69cfa51965801673a2fc4f76","2026-04-03T11:31:37.024000","2026-04-04T12:29:10.418000","service_eb508f39-ce3d-4391-bb12-d4211c02ede9","false"
"69cfa2336e9169f31528a5e0","2026-04-03T11:28:12.888Z","2026-04-04T11:28:12.888Z","","priceTotal = 0, aucun split généré","completed","2026-04-04T11:29:06.116Z","69cfa453650d26cb1fb9f114","2026-04-03T11:28:19.245000","2026-04-04T11:29:06.948000","service_eb508f39-ce3d-4391-bb12-d4211c02ede9","false"
"69cfa1b2ecfbdb3dbc9ab830","2026-04-03T11:18:05.618Z","2026-04-04T11:18:05.618Z","","","completed","2026-04-04T11:29:06.116Z","69cfa1f2550603c40cfce001","2026-04-03T11:18:10.182000","2026-04-04T11:29:08.644000","service_eb508f39-ce3d-4391-bb12-d4211c02ede9","false"
"69cfa07a4dea6c931cb1e656","2026-04-03T11:14:49.818Z","2026-04-04T11:14:49.818Z","0","Réinitialisé par resetAndRegeneratePayoutSplits v1 — splits fantômes invalidés (4 splits, overage=640$)","completed","2026-04-29T01:23:22.614Z","69cfa12f5d1bc5aa4b23a0b4","2026-04-03T11:14:55.266000","2026-04-29T01:24:02.764000","service_eb508f39-ce3d-4391-bb12-d4211c02ede9","false"
"69cf9d7d709ea130c9d9bba0","2026-04-03T11:06:21.251Z","2026-04-04T11:06:21.251Z","0","Réinitialisé par resetAndRegeneratePayoutSplits v1 — splits fantômes invalidés (4 splits, overage=48$)","completed","2026-04-29T01:23:22.614Z","69cf9f3323ca7c11d478f5ec","2026-04-03T11:06:27.120000","2026-04-29T01:24:02.179000","service_eb508f39-ce3d-4391-bb12-d4211c02ede9","false"
"69cec72ffc581e93a3b2a6b4","2026-04-03T10:47:11.253Z","2026-04-04T10:47:11.253Z","0","Réinitialisé par resetAndRegeneratePayoutSplits v1 — splits fantômes invalidés (4 splits, overage=616$)","completed","2026-04-29T01:23:22.614Z","69cf9ab4eb54732a94b3e7fb","2026-04-03T10:47:16.955000","2026-04-29T01:24:01.615000","service_eb508f39-ce3d-4391-bb12-d4211c02ede9","false"
"69cf1ff6dd9c08de2ebc7b47","2026-04-03T02:06:30.298Z","2026-04-04T02:06:30.298Z","0","Réinitialisé par resetAndRegeneratePayoutSplits v1 — splits fantômes invalidés (4 splits, overage=232$)","completed","2026-04-29T01:23:22.614Z","69cf20ae7df8d8f5f34ba668","2026-04-03T02:06:38.151000","2026-04-29T01:24:01.066000","service_eb508f39-ce3d-4391-bb12-d4211c02ede9","false"
"69cee18434f102166af926a3","2026-04-02T21:43:19.020Z","2026-04-03T21:43:19.020Z","","","completed","2026-04-03T22:29:06.051Z","69cee2fdd258045e4bff0b69","2026-04-02T21:43:25.650000","2026-04-03T22:29:08.223000","service_eb508f39-ce3d-4391-bb12-d4211c02ede9","false"
"69c2854ebced4758c65677fb","2026-03-25T11:30:35.975Z","2026-03-26T11:30:35.975Z","","priceTotal = 0, aucun split généré","completed","2026-03-26T12:29:06.264Z","69c3c7619f8b378290bfb176","2026-03-25T11:30:41.982000","2026-03-26T12:29:07.167000","service_eb508f39-ce3d-4391-bb12-d4211c02ede9","false"
"69b9e3d24e2d5da247e1d36d","2026-03-17T23:41:25.102Z","2026-03-18T23:41:25.102Z","","priceTotal = 0, aucun split généré","completed","2026-03-19T01:29:06.073Z","69b9e6c24022ed4f81c01465","2026-03-17T23:41:54.787000","2026-03-19T01:29:07.685000","service_eb508f39-ce3d-4391-bb12-d4211c02ede9","false"
"69b94853280c2bf7224b1536","2026-03-17T12:28:13.197Z","2026-03-18T12:28:13.197Z","","priceTotal = 0, aucun split généré","completed","2026-03-18T12:29:06.078Z","69b948f26c3b16e5e80dcad9","2026-03-17T12:28:34.518000","2026-03-18T12:29:07.042000","service_eb508f39-ce3d-4391-bb12-d4211c02ede9","false"
"69b5830e25fcdc74b049de2c","2026-03-14T15:50:18.460Z","2026-03-15T15:50:18.460Z","","priceTotal = 0, aucun split généré","completed","2026-03-15T16:29:06.088Z","69b583cadae51fc5b5cf742d","2026-03-14T15:50:34.588000","2026-03-15T16:29:06.961000","service_eb508f39-ce3d-4391-bb12-d4211c02ede9","false"
"69b5764a89478ddd19e02dc3","2026-03-14T15:05:30.394Z","2026-03-15T15:05:30.394Z","","priceTotal = 0, aucun split généré","completed","2026-03-15T15:29:06.103Z","69b5794f90281462d303843b","2026-03-14T15:05:51.646000","2026-03-15T15:29:06.911000","service_eb508f39-ce3d-4391-bb12-d4211c02ede9","false"
"69b4ad369800bce48e0dcf20","2026-03-14T00:45:04.583Z","2026-03-15T00:45:04.583Z","","","completed","2026-03-15T01:29:06.091Z","69b4af910dc74db020a8ec16","2026-03-14T00:45:05.436000","2026-03-15T01:29:08.340000","service_eb508f39-ce3d-4391-bb12-d4211c02ede9","false"
"69b417cf986d484a2fac3654","2026-03-13T15:12:48.869Z","2026-03-14T15:12:48.869Z","","","completed","2026-03-14T15:29:06.108Z","69b4297dcc979a667b99d518","2026-03-13T15:13:01.113000","2026-03-14T15:29:08.152000","service_eb508f39-ce3d-4391-bb12-d4211c02ede9","false"
"69b412a3d76774f49fe2d56e","2026-03-13T13:52:39.494Z","2026-03-14T13:52:39.494Z","","","completed","2026-03-14T14:29:06.145Z","69b416b1d4fb9618ccefd644","2026-03-13T13:52:49.749000","2026-03-14T14:29:10.149000","service_eb508f39-ce3d-4391-bb12-d4211c02ede9","false"
"69b32fc145557775814c4097","2026-03-13T13:22:46.076Z","2026-03-14T13:22:46.076Z","","","completed","2026-03-14T13:29:06.228Z","69b40fb1284dbc11a17768d7","2026-03-13T13:22:57.646000","2026-03-14T13:29:08.202000","service_eb508f39-ce3d-4391-bb12-d4211c02ede9","false"