systemId,bioFr,parentSystemId,color,level,contributesToCheckpointDomains,nameFr,active,medianRate,nameEn,maxRate,racineSystemId,roleType,sotsGlobalScore,roleTags,sotsRecent30Score,totalVotes,isBase,domainKey,slug,xpRequired,id,created_date,updated_date,created_by_id,is_sample
"RL-000062","Débarrassage et support logistique du service en salle.","RL-000060","#0EA5E9","2","true","Bussboy","true","","Busser","","RL-000060","talent","0","[]","0","0","false","boisson","bussboy","0","69e8fb525bc57b413149546e","2026-04-22T16:46:10.801000","2026-04-22T16:46:10.801000","698c747aee05acfdd23ea578","false"
"RL-000061","Service en salle — distribution et présentation des boissons.","","#0EA5E9","1","true","Serveur","true","","Server","","RL-000061","talent","0","[]","0","0","false","boisson","serveur","0","69e8fb09cb8e0acac21c4b91","2026-04-22T16:44:57.208000","2026-04-22T16:46:23.873000","698c747aee05acfdd23ea578","false"
"RL-000060","Prépare et sert des cocktails et boissons en événement.","","#0EA5E9","1","true","Barman","true","","Bartender","","RL-000060","talent","0","[]","0","0","false","boisson","barman","0","69e8fa21156bbdd82ea02485","2026-04-22T16:41:05.932000","2026-04-22T16:46:32.437000","698c747aee05acfdd23ea578","false"
"RL-000101","","","","1","true","Sécurité","true","","Security","","RL-000101","talent","0","[]","0","0","false","responsable","","0","69e25337d058d58aa0a7f272","2026-04-17T15:35:19.835000","2026-04-17T15:35:19.835000","698c747aee05acfdd23ea578","false"
"RL-000055","","","","1","true","Cocktail","true","","Cocktail","","RL-000055","talent","0","[]","0","0","false","food","","0","69b42ccd419e18e3aa438b03","2026-03-13T15:27:09.168000","2026-03-13T15:27:09.168000","698c747aee05acfdd23ea578","false"
"RL-000018","Bénévole briguant un poste au sein du réseau dans un territoire donné.","RL-000006","#495867","2","false","Affilié","false","","","","RL-000006","talent","0","[]","0","0","false","","","0","69b33b41f8e717927577f42d","2026-03-12T22:16:33.418000","2026-03-12T22:16:33.418000","698c747aee05acfdd23ea578","false"
"RL-000024","","RL-000004","#dd00ff","2","true","Traiteur","true","","Catering","","RL-000004","talent","0","[]","0","0","false","food","","0","69b33b41f8e717927577f42e","2026-03-12T22:16:33.418000","2026-03-12T22:16:33.418000","698c747aee05acfdd23ea578","false"
"RL-000025","","RL-000001","#485696","1","true","Humoriste","true","50","Comic","3500","RL-000001","talent","0","[]","0","0","true","humour","","0","69b33b41f8e717927577f42f","2026-03-12T22:16:33.418000","2026-03-12T22:16:33.418000","698c747aee05acfdd23ea578","false"
"RL-000026","","RL-000001","#485696","2","true","Danseur","true","25","Dancer","120","RL-000001","talent","0","[]","0","0","false","music","","0","69b33b41f8e717927577f430","2026-03-12T22:16:33.418000","2026-03-12T22:16:33.418000","698c747aee05acfdd23ea578","false"
"RL-000027","","RL-000002","#fdb10c","2","false","Impresario","false","32","Impresario","72","RL-000002","talent","0","[]","0","0","false","","","0","69b33b41f8e717927577f431","2026-03-12T22:16:33.418000","2026-03-12T22:16:33.418000","698c747aee05acfdd23ea578","false"
"RL-000028","","RL-000002","#fdb10c","2","false","Coordonnateur","false","26","Coordinator","33","RL-000002","talent","0","[]","0","0","false","","","0","69b33b41f8e717927577f432","2026-03-12T22:16:33.418000","2026-03-13T15:24:29.286000","698c747aee05acfdd23ea578","false"
"RL-000029","","RL-000025","#485696","2","true","Animateur","true","50","Animator","2500","RL-000025","talent","0","[]","0","0","false","humour","","0","69b33b41f8e717927577f433","2026-03-12T22:16:33.418000","2026-04-22T16:39:29.154000","698c747aee05acfdd23ea578","false"
"RL-000030","","RL-000002","#fdb10c","2","false","Régisseur","false","35","Back-Stage Manager","75","RL-000002","talent","0","[]","0","0","false","","","0","69b33b41f8e717927577f434","2026-03-12T22:16:33.418000","2026-03-12T22:16:33.418000","698c747aee05acfdd23ea578","false"
"RL-000031","Assure le développement de la plateforme web.","RL-000005","#0F5257","2","false","Développeur","false","","Developper","","RL-000005","talent","0","[]","0","0","false","","","0","69b33b41f8e717927577f435","2026-03-12T22:16:33.418000","2026-03-12T22:16:33.418000","698c747aee05acfdd23ea578","false"
"RL-000048","","RL-000012","#dd00ff","3","false","Speakers","false","","","","RL-000012","talent","0","[]","0","0","false","","","0","69b33b41f8e717927577f436","2026-03-12T22:16:33.418000","2026-03-12T22:16:33.418000","698c747aee05acfdd23ea578","false"
"RL-000051","","RL-000008","","3","true","Corporate","false","","Corporate","","RL-000008","talent","0","[]","0","0","false","","corporate","0","69b33b41f8e717927577f437","2026-03-12T22:16:33.418000","2026-03-12T22:16:33.418000","698c747aee05acfdd23ea578","false"
"RL-000052","","RL-000008","","3","true","House Party","false","","House Party","","RL-000008","talent","0","[]","0","0","false","","house-party","0","69b33b41f8e717927577f438","2026-03-12T22:16:33.418000","2026-03-12T22:16:33.418000","698c747aee05acfdd23ea578","false"
"RL-000053","","","","3","true","Bar/Club/Lounge","false","","","","","talent","0","[]","0","0","false","","bar-club-lounge","0","69b33b41f8e717927577f439","2026-03-12T22:16:33.418000","2026-03-12T22:16:33.418000","698c747aee05acfdd23ea578","false"
"RL-000054","","RL-000008","","3","true","Festival","false","","Festival","","RL-000008","talent","0","[]","0","0","false","","festival","0","69b33b41f8e717927577f43a","2026-03-12T22:16:33.418000","2026-03-12T22:16:33.418000","698c747aee05acfdd23ea578","false"
"RL-001001","","","","1","true","Raccompagnement","true","","","","RL-001001","talent","0","[""responsable""]","0","0","false","responsable","","0","69b33b41f8e717927577f43b","2026-03-12T22:16:33.418000","2026-03-12T22:16:33.418000","698c747aee05acfdd23ea578","false"
"RL-001002","","","","1","true","Sentinelle safe space","true","","","","RL-001002","talent","0","[""responsable""]","0","0","false","responsable","","0","69b33b41f8e717927577f43c","2026-03-12T22:16:33.418000","2026-03-12T22:16:33.418000","698c747aee05acfdd23ea578","false"
"RL-001003","","","","1","true","Tests substances psychotropes","true","","","","RL-001003","talent","0","[""responsable""]","0","0","false","responsable","","0","69b33b41f8e717927577f43d","2026-03-12T22:16:33.418000","2026-03-12T22:16:33.418000","698c747aee05acfdd23ea578","false"
"RL-000001","Aimez ce que vous faites, et faites ce que vous aimez","","#485696","1","false","Artiste","true","","Artist","","","talent","0","[]","0","0","true","art","","0","69b33b41f8e717927577f41c","2026-03-12T22:16:33.417000","2026-03-12T22:16:33.417000","698c747aee05acfdd23ea578","false"
"RL-000002","Créez des moments qui comptent","","#fdb10c","1","false","Organisateur (legacy) (calculé par activité maintenant)","false","","Organizer","","","talent","0","[]","0","0","false","","","0","69b33b41f8e717927577f41d","2026-03-12T22:16:33.417000","2026-03-13T15:25:18.715000","698c747aee05acfdd23ea578","false"
"RL-000003","Propulsez les artistes que vous aimez","","#92D1C3","1","false","Public","false","","Public","","","talent","0","[]","0","0","false","music","","0","69b33b41f8e717927577f41e","2026-03-12T22:16:33.417000","2026-03-12T22:16:33.417000","698c747aee05acfdd23ea578","false"
"RL-000004","Fournissez les essentiels","","#dd00ff","1","false","Fournisseur","false","","Provider","","","talent","0","[]","0","0","false","","","0","69b33b41f8e717927577f41f","2026-03-12T22:16:33.417000","2026-03-13T15:24:56.155000","698c747aee05acfdd23ea578","false"
"RL-000005","Faites tourner le système","","#0F5257","1","false","Operations","false","","Business","","","talent","0","[]","0","0","false","","","0","69b33b41f8e717927577f420","2026-03-12T22:16:33.417000","2026-03-12T22:16:33.417000","698c747aee05acfdd23ea578","false"
"RL-000006","Assurez l’équité du game","","#495867","1","false","Gouvernance","false","","Governance","","","talent","0","[]","0","0","false","","","0","69b33b41f8e717927577f421","2026-03-12T22:16:33.417000","2026-03-12T22:16:33.417000","698c747aee05acfdd23ea578","false"
"RL-000007","Réalisez les possibles","","#61067a","1","false","Employé","false","","Employee","","","talent","0","[]","0","0","false","","","0","69b33b41f8e717927577f422","2026-03-12T22:16:33.417000","2026-03-12T22:16:33.417000","698c747aee05acfdd23ea578","false"
"RL-000008","Sélectionne, diffuse et mixe de la musique à destination d'un public","RL-000001","#485696","1","true","DJ","true","75","DJ","300","RL-000001","talent","0","[]","0","0","true","music","","0","69b33b41f8e717927577f423","2026-03-12T22:16:33.417000","2026-03-12T22:16:33.417000","698c747aee05acfdd23ea578","false"
"RL-000009","Professionnel de la photographie","","#485696","1","true","Photographe","true","100","Photograph","500","RL-000009","talent","0","[]","0","0","false","photo","","0","69b33b41f8e717927577f424","2026-03-12T22:16:33.417000","2026-03-14T14:51:58.994000","698c747aee05acfdd23ea578","false"
"RL-000010","Cinéaste qui emploie les techniques de la vidéo pour réalisation esthétique. ou commerciale","","#485696","1","true","Vidéaste","true","80","Videographers","160","RL-000010","talent","0","[]","0","0","true","video","","0","69b33b41f8e717927577f425","2026-03-12T22:16:33.417000","2026-03-12T22:16:33.417000","698c747aee05acfdd23ea578","false"
"RL-000011","Accueil de fans et visiteurs ","RL-000004","#dd00ff","2","false","Hôte","false","35","Host","70","RL-000004","talent","0","[]","0","0","false","","","0","69b33b41f8e717927577f426","2026-03-12T22:16:33.417000","2026-03-12T22:16:33.417000","698c747aee05acfdd23ea578","false"
"RL-000012","","RL-000004","#dd00ff","2","false","Équipement","false","","Equipment","","RL-000004","talent","0","[]","0","0","false","","","0","69b33b41f8e717927577f427","2026-03-12T22:16:33.417000","2026-03-12T22:16:33.417000","698c747aee05acfdd23ea578","false"
"RL-000013","","RL-000006","#495867","2","false","Présidence","false","","","","RL-000006","talent","0","[]","0","0","false","","","0","69b33b41f8e717927577f428","2026-03-12T22:16:33.417000","2026-03-12T22:16:33.417000","698c747aee05acfdd23ea578","false"
"RL-000014","","RL-000006","#495867","2","false","Vice-Présidence","false","","","","RL-000006","talent","0","[]","0","0","false","","","0","69b33b41f8e717927577f429","2026-03-12T22:16:33.417000","2026-03-12T22:16:33.417000","698c747aee05acfdd23ea578","false"
"RL-000015","","RL-000006","#495867","2","false","Conseiller Principal","false","","","","RL-000006","talent","0","[]","0","0","false","","","0","69b33b41f8e717927577f42a","2026-03-12T22:16:33.417000","2026-03-12T22:16:33.417000","698c747aee05acfdd23ea578","false"
"RL-000016","Responsable de la performance d’une cellule.","RL-000006","#495867","2","false","Maestro","false","","","","RL-000006","talent","0","[]","0","0","false","","","0","69b33b41f8e717927577f42b","2026-03-12T22:16:33.417000","2026-03-12T22:16:33.417000","698c747aee05acfdd23ea578","false"
"RL-000017","Employé affecté à une cellule locale.","RL-000006","#495867","2","false","Collaborateur","false","","","","RL-000006","talent","0","[]","0","0","false","","","0","69b33b41f8e717927577f42c","2026-03-12T22:16:33.417000","2026-03-12T22:16:33.417000","698c747aee05acfdd23ea578","false"