rolePrefs,stylePrefs,domainAffinity,checkpointPrefs,userId,updatedAt,id,created_date,updated_date,created_by_id,is_sample
"{""RL-000010"":{""active"":true},""RL-000009"":{""active"":true}}","{""ST-000201"":{""active"":true,""weight"":50},""ST-000200"":{""active"":true,""weight"":50}}","","{}","69f0ffc2193f2d4d0a7bcbfa","2026-04-28T18:50:58.539Z","69f0ffda13bc1134fb9da7e4","2026-04-28T18:43:38.096000","2026-04-28T18:50:58.655000","69f0ffc2193f2d4d0a7bcbfa","false"
"{""RL-000008"":{""active"":true}}","{""ST-000083"":{""active"":true,""weight"":50},""ST-000084"":{""active"":true,""weight"":50},""ST-000085"":{""active"":true,""weight"":50},""ST-000081"":{""active"":true,""weight"":50}}","{""music"":0.508,""humour"":0.5,""photo"":0.5,""video"":0.5,""food"":0.5,""art"":0.5,""responsable"":0.5}","{}","698e858b74f154c27031dcab","2026-04-23T19:58:21.853Z","69e57b3bf69f86d0f74d5325","2026-04-20T01:02:51.890000","2026-04-23T19:58:23.697000","698e858b74f154c27031dcab","false"
"{}","{}","","{}","69e2c9b54aa4253a0f3e7b36","","69e2c9cc370ba842747b99bb","2026-04-18T00:01:16.956000","2026-04-18T00:01:16.956000","69e2c9b54aa4253a0f3e7b36","false"
"{""RL-000008"":{""active"":true},""RL-000026"":{""active"":true}}","{""ST-000074"":{""active"":true,""weight"":50},""ST-000238"":{""active"":true,""weight"":50},""ST-000239"":{""active"":true,""weight"":50},""ST-000240"":{""active"":true,""weight"":50},""ST-000241"":{""active"":true,""weight"":50},""ST-000242"":{""active"":true,""weight"":50},""ST-000243"":{""active"":true,""weight"":50},""ST-000036"":{""active"":true,""weight"":50},""ST-000014"":{""active"":true,""weight"":50},""ST-000015"":{""active"":true,""weight"":50},""ST-000016"":{""active"":true,""weight"":50},""ST-000021"":{""active"":true,""weight"":50},""ST-000025"":{""active"":true,""weight"":50},""ST-000033"":{""active"":true,""weight"":50},""ST-000037"":{""active"":true,""weight"":50},""ST-000026"":{""active"":true,""weight"":50},""ST-000038"":{""active"":true,""weight"":50},""ST-000034"":{""active"":true,""weight"":50},""ST-000040"":{""active"":true,""weight"":50},""ST-000035"":{""active"":true,""weight"":50},""ST-000041"":{""active"":true,""weight"":50},""ST-000042"":{""active"":true,""weight"":50},""ST-000244"":{""active"":true,""weight"":50},""ST-000013"":{""active"":true,""weight"":50},""ST-000011"":{""active"":true,""weight"":50},""ST-000012"":{""active"":true,""weight"":50},""ST-000017"":{""active"":true,""weight"":50},""ST-000008"":{""active"":true,""weight"":50},""ST-000019"":{""active"":true,""weight"":50},""ST-000024"":{""active"":true,""weight"":50},""ST-000029"":{""active"":true,""weight"":50},""ST-000018"":{""active"":true,""weight"":50},""ST-000030"":{""active"":true,""weight"":50},""ST-000020"":{""active"":true,""weight"":50},""ST-000027"":{""active"":true,""weight"":50},""ST-000031"":{""active"":true,""weight"":50},""ST-000032"":{""active"":true,""weight"":50},""ST-000028"":{""active"":true,""weight"":50},""ST-000022"":{""active"":true,""weight"":50}}","","{}","69d7eb206528d1cfcf49b1cf","2026-04-09T19:06:13.563Z","69d7eb287e916fe02aa2454d","2026-04-09T18:08:40.563000","2026-04-09T19:06:12.413000","69d7eb206528d1cfcf49b1cf","false"
"{""RL-000008"":{""active"":true}}","{""ST-000244"":{""active"":true,""weight"":50},""ST-000017"":{""active"":true,""weight"":50}}","","{}","69d6986bf4e0b9a5127f24c0","2026-04-08T18:17:46.593Z","69d698869abce5c192b5289d","2026-04-08T18:03:50.318000","2026-04-08T18:17:46.793000","69d6986bf4e0b9a5127f24c0","false"
"{}","{}","","{}","69d449222a51d54b45014e82","","69d44928f185605d22096d1e","2026-04-07T00:00:40.012000","2026-04-07T00:00:40.012000","69d449222a51d54b45014e82","false"
"{""RL-000010"":{""active"":true}}","{""ST-000211"":{""active"":true,""weight"":50},""ST-000210"":{""active"":true,""weight"":50},""ST-000209"":{""active"":true,""weight"":50},""ST-000212"":{""active"":true,""weight"":50}}","","{}","69d0f935f991802a401f552b","2026-04-04T11:44:34.675Z","69d0f942e247052b4717b69d","2026-04-04T11:42:58.752000","2026-04-04T11:44:36.580000","69d0f935f991802a401f552b","false"
"{""RL-000008"":{""active"":true},""RL-000029"":{""active"":true},""RL-000062"":{""active"":true}}","{""ST-000239"":{""active"":true,""weight"":50},""ST-000102"":{""active"":true,""weight"":50},""ST-000097"":{""active"":true,""weight"":50},""ST-000177"":{""active"":true,""weight"":50}}","{""music"":0.516,""humour"":0.5,""photo"":0.5,""video"":0.5,""food"":0.5,""art"":0.5,""responsable"":0.5}","{}","69cd302266f2193a99122757","2026-04-22T16:50:58.866Z","69cd3028a9254c3f70245b79","2026-04-01T14:48:08.973000","2026-04-22T16:50:59.936000","69cd302266f2193a99122757","false"
"{""RL-000008"":{""active"":true}}","{""ST-000142"":{""active"":true,""weight"":50}}","","{}","69cd257a730ebe2ef6475b78","2026-04-01T14:02:55.275Z","69cd257e02e8479faad94c40","2026-04-01T14:02:38.451000","2026-04-01T14:02:55.672000","69cd257a730ebe2ef6475b78","false"
"{""RL-000008"":{""active"":true}}","{""ST-000104"":{""active"":true,""weight"":50}}","","{}","69cd1f9520e868b912b57c53","2026-04-01T13:37:42.610Z","69cd1f9bad4ca22a93778b0c","2026-04-01T13:37:31.260000","2026-04-01T13:37:43.028000","69cd1f9520e868b912b57c53","false"
"{""RL-000008"":{""active"":true}}","{""ST-000239"":{""active"":true,""weight"":50},""ST-000241"":{""active"":true,""weight"":50},""ST-000238"":{""active"":true,""weight"":50}}","","{}","69cc5fb8d599c99df1e75f81","2026-04-01T15:41:39.419Z","69cc94bd32673c363481dbf1","2026-04-01T03:45:01.503000","2026-04-01T15:41:39.880000","69cc5fb8d599c99df1e75f81","false"
"{""RL-000008"":{""active"":true}}","{""ST-000075"":{""active"":true,""weight"":50},""ST-000192"":{""active"":true,""weight"":50}}","","{}","69cc8733c3fe5f1da80ba357","2026-04-20T02:09:34.600Z","69cc87ecb56a4539d62f72a0","2026-04-01T02:50:20.363000","2026-04-20T02:09:35.799000","69cc8733c3fe5f1da80ba357","false"
"{""RL-000008"":{""active"":true},""RL-000029"":{""active"":true}}","{""ST-000022"":{""active"":true,""weight"":50},""ST-000183"":{""active"":true,""weight"":50}}","{""music"":0.5035,""humour"":0.5,""photo"":0.5,""video"":0.5,""food"":0.5,""art"":0.5,""responsable"":0.5}","{}","69cbff8d58eb0af5dc346df8","2026-03-31T17:12:00.408Z","69cbff950fd1397f15e04dfd","2026-03-31T17:08:37.424000","2026-03-31T17:12:00.629000","69cbff8d58eb0af5dc346df8","false"
"{""RL-000008"":{""active"":true}}","{""ST-000114"":{""active"":true,""weight"":50}}","","{}","69cbfedd21c3baa494041243","2026-04-28T14:37:57.025Z","69cbfefc14fe6470033c2035","2026-03-31T17:06:04.824000","2026-04-28T14:37:57.646000","69cbfedd21c3baa494041243","false"
"{""RL-000008"":{""active"":true},""RL-000101"":{""active"":true}}","{""ST-000099"":{""active"":true,""weight"":50},""ST-000092"":{""active"":true,""weight"":50}}","{""music"":0.5035,""humour"":0.5,""photo"":0.5,""video"":0.5,""food"":0.5,""art"":0.5,""responsable"":0.5}","{}","69be7dd0c77c2ac0d788be7e","2026-04-17T17:11:44.197Z","69cb2b3df1ce4a00524e9858","2026-03-31T02:02:37.218000","2026-04-17T17:11:44.581000","69be7dd0c77c2ac0d788be7e","false"
"{}","{}","","{}","69c883b4db1f350705365108","","69c883b89e24b2f2d82436e2","2026-03-29T01:43:20.823000","2026-03-29T01:43:20.823000","69c883b4db1f350705365108","false"
"{}","{}","","{}","69c446f5e8203449298d7b7a","","69c446fe32e727b91d4afb85","2026-03-25T20:35:10.673000","2026-03-25T20:35:10.673000","69c446f5e8203449298d7b7a","false"
"{""RL-000008"":{""active"":true}}","{""ST-000023"":{""active"":true,""weight"":50},""ST-000018"":{""active"":true,""weight"":50},""ST-000019"":{""active"":true,""weight"":50},""ST-000020"":{""active"":true,""weight"":50},""ST-000008"":{""active"":true,""weight"":50}}","{""music"":0.5135,""humour"":0.5,""photo"":0.5,""video"":0.5,""food"":0.5,""art"":0.5,""responsable"":0.5}","{}","69bc2233a6db140ca6cd819a","2026-03-19T16:26:22.107Z","69bc225b6aa9fbcece2eac13","2026-03-19T16:20:43.999000","2026-03-19T16:26:22.530000","69bc2233a6db140ca6cd819a","false"
"{""RL-000008"":{""active"":true}}","{""ST-000074"":{""active"":true,""weight"":50},""ST-000012"":{""active"":true,""weight"":50},""ST-000042"":{""active"":true,""weight"":50},""ST-000008"":{""active"":true,""weight"":50}}","{""music"":0.6276,""humour"":0.52,""photo"":0.508,""video"":0.5317,""food"":0.504,""art"":0.51,""responsable"":0.5}","","698dc6f781b400b640a229f6","2026-04-06T21:03:23.918Z","69b988cc85a4bc016789d7f3","2026-03-17T17:01:00.584000","2026-04-06T21:03:23.383000","698dc6f781b400b640a229f6","false"
"{}","{}","","","698dc6f781b400b640a229f6","","69b988cc3cac158d8be3afc8","2026-03-17T17:01:00.378000","2026-03-17T17:01:00.378000","698dc6f781b400b640a229f6","false"
"{""RL-000009"":{""active"":true},""RL-000001"":{""active"":true},""RL-000008"":{""active"":true}}","{""ST-000240"":{""active"":true,""weight"":50}}","{""music"":0.518,""humour"":0.5,""photo"":0.504,""video"":0.51,""food"":0.5,""art"":0.504,""responsable"":0.5}","{}","69b8923e5da3bfb51a6a8594","2026-03-16T23:57:09.356Z","69b892537c0c1a6b32b0144d","2026-03-16T23:29:23.612000","2026-03-16T23:57:09.723000","69b8923e5da3bfb51a6a8594","false"
"{""RL-000010"":{""active"":true}}","{""ST-000201"":{""active"":true,""weight"":50}}","","{}","69b5fabdcdff0f2e42039d46","2026-03-15T02:35:41.500Z","69b5fac541126f0e5aa84917","2026-03-15T00:18:13.392000","2026-03-15T02:35:41.757000","69b5fabdcdff0f2e42039d46","false"
"{""RL-000008"":{""active"":true}}","{""ST-000029"":{""active"":true,""weight"":50},""ST-000019"":{""active"":true,""weight"":50},""ST-000025"":{""active"":true,""weight"":50}}","{""music"":0.5275,""humour"":0.5155,""photo"":0.5,""video"":0.51,""food"":0.5,""art"":0.504,""responsable"":0.5}","{}","69b4a88ad33793adbf168b20","2026-03-14T00:36:22.165Z","69b4a9052e1561d7c4f244f8","2026-03-14T00:17:09.001000","2026-03-14T00:36:22.484000","69b4a88ad33793adbf168b20","false"
"{""RL-000008"":{""active"":true}}","{""ST-000191"":{""active"":true,""weight"":50},""ST-000068"":{""active"":true,""weight"":50},""ST-000071"":{""active"":true,""weight"":50},""ST-000052"":{""active"":true,""weight"":50}}","{""music"":0.512,""humour"":0.508,""photo"":0.5,""video"":0.508,""food"":0.5,""art"":0.504,""responsable"":0.5}","{}","69b4a8115562898f235bf638","2026-03-14T00:30:50.394Z","69b4a81acfa1615dfde07b48","2026-03-14T00:13:14.811000","2026-03-14T00:30:50.679000","69b4a8115562898f235bf638","false"
"{""RL-000008"":{""active"":true},""RL-000029"":{""active"":true}}","{""ST-000075"":{""active"":true,""weight"":50},""ST-000192"":{""active"":true,""weight"":50},""ST-000099"":{""active"":true,""weight"":50},""ST-000100"":{""active"":true,""weight"":50},""ST-000103"":{""active"":true,""weight"":50},""ST-000190"":{""active"":true,""weight"":50},""ST-000184"":{""active"":true,""weight"":50},""ST-000183"":{""active"":true,""weight"":50}}","{""music"":0.5997,""humour"":0.5385,""photo"":0.504,""video"":0.5358,""food"":0.502,""art"":0.504,""responsable"":0.5}","{}","69b48a2b7d5c0db589c6bb1c","2026-04-21T20:35:23.978Z","69b48a449f4eab644cc8dee1","2026-03-13T22:05:56.787000","2026-04-21T20:35:25.581000","69b48a2b7d5c0db589c6bb1c","false"
"{""RL-000055"":{""active"":true}}","{""ST-000226"":{""active"":true}}","{""music"":0.5115,""humour"":0.5035,""photo"":0.5,""video"":0.5055,""food"":0.5,""art"":0.502,""responsable"":0.5}","","69b041a28ed1d3967eceb5b1","2026-03-13T16:38:06.864Z","69b439b861bc534a678d6787","2026-03-13T16:22:16.731000","2026-03-13T16:38:10.496000","69b041a28ed1d3967eceb5b1","false"
"","","{""music"":0.5055,""humour"":0.5035,""photo"":0.5,""video"":0.5035,""food"":0.5,""art"":0.5,""responsable"":0.5}","","69a7d3cc06fc3b4f58109b29","2026-03-04T06:40:49.439Z","69a7d3ed0908f2dda37dfb5f","2026-03-04T06:40:45.963000","2026-03-04T06:40:49.743000","service_eb508f39-ce3d-4391-bb12-d4211c02ede9","false"
"{}","{}","","{}","69a4b81bbabcabb1a90083b6","","69a775d7e27bf18720142525","2026-03-03T23:59:19.646000","2026-03-03T23:59:19.646000","69a4b81bbabcabb1a90083b6","false"
"{}","{}","{""music"":0.5175,""humour"":0.5055,""photo"":0.518,""video"":0.5744,""food"":0.508,""art"":0.5,""responsable"":0.5}","{}","69a61f43b0417a586eff8791","2026-03-02T23:51:22.103Z","69a61fec991f56e5532fd441","2026-03-02T23:40:28.008000","2026-03-02T23:51:22.454000","69a61f43b0417a586eff8791","false"
"","","{""music"":0.522,""humour"":0.504,""photo"":0.5,""video"":0.512,""food"":0.5,""art"":0.5,""responsable"":0.5}","","69a4b81bbabcabb1a90083b6","2026-03-01T22:07:30.247Z","69a4b87aa10d8b73121af0e3","2026-03-01T22:06:50.914000","2026-03-01T22:07:30.542000","service_eb508f39-ce3d-4391-bb12-d4211c02ede9","false"
"","","{""music"":0.502,""humour"":0.5,""photo"":0.502,""video"":0.502,""food"":0.502,""art"":0.5,""responsable"":0.5}","","69a4b81bbabcabb1a90083b6","2026-03-01T22:06:49.943Z","69a4b87a56b4eed1f819aa81","2026-03-01T22:06:50.757000","2026-03-01T22:06:50.757000","service_eb508f39-ce3d-4391-bb12-d4211c02ede9","false"
"{}","{}","{""music"":0.5319,""humour"":0.504,""photo"":0.512,""video"":0.52,""food"":0.514,""art"":0.5,""responsable"":0.5}","{}","69a3105457642cd985a208eb","2026-02-28T16:05:21.526Z","69a310753f02f21323d0988b","2026-02-28T15:57:41.480000","2026-02-28T16:05:21.902000","69a3105457642cd985a208eb","false"
"{}","{}","{""music"":0.5075,""humour"":0.502,""photo"":0.5,""video"":0.502,""food"":0.5,""art"":0.5,""responsable"":0.5}","{}","69a0f98dc601eab3812fc043","2026-03-29T01:44:47.695Z","69a0f9ca7933d864c4153e08","2026-02-27T01:56:26.370000","2026-03-29T01:44:47.988000","69a0f98dc601eab3812fc043","false"
"","","{""music"":0.508,""humour"":0.5,""photo"":0.5,""video"":0.5,""food"":0.5,""art"":0.5,""responsable"":0.5}","","699e4f8fb5735859e7f35f38","2026-02-25T01:25:55.575Z","699e4f94e98a748213d9623f","2026-02-25T01:25:40.216000","2026-02-25T01:25:55.946000","service_eb508f39-ce3d-4391-bb12-d4211c02ede9","false"
"","","{""music"":0.502,""humour"":0.5,""photo"":0.5,""video"":0.5,""food"":0.5,""art"":0.5,""responsable"":0.5}","","699e4f8fb5735859e7f35f38","2026-02-25T01:25:39.863Z","699e4f9481b4ec518057e3db","2026-02-25T01:25:40.209000","2026-02-25T01:25:40.209000","service_eb508f39-ce3d-4391-bb12-d4211c02ede9","false"
"{""RL-000008"":{""active"":true}}","{""ST-000015"":{""active"":true,""weight"":50}}","{""music"":0.502,""humour"":0.502,""photo"":0.5,""video"":0.502,""food"":0.5,""art"":0.5,""responsable"":0.5}","","699cfc45fae147a8797a069c","2026-04-01T15:44:02.158Z","699cfc4a0f34749efb33342b","2026-02-24T01:18:02.269000","2026-04-01T15:44:02.536000","service_eb508f39-ce3d-4391-bb12-d4211c02ede9","false"
"{""RL-000008"":{""active"":true},""RL-000025"":{""active"":true}}","{""ST-000100"":{""active"":true,""weight"":50},""ST-000098"":{""active"":true,""weight"":50},""ST-000097"":{""active"":true,""weight"":50},""ST-000103"":{""active"":true,""weight"":50},""ST-000102"":{""active"":true,""weight"":50},""ST-000118"":{""active"":true,""weight"":50},""ST-000119"":{""active"":true,""weight"":50},""ST-000104"":{""active"":true,""weight"":50},""ST-000105"":{""active"":true,""weight"":50},""ST-000099"":{""active"":true,""weight"":50},""ST-000166"":{""active"":true,""weight"":50},""ST-000167"":{""active"":true,""weight"":50}}","{""music"":0.522,""humour"":0.502,""photo"":0.5,""video"":0.5,""food"":0.5,""art"":0.5,""responsable"":0.5}","{}","699c655e40e8dc98eacda675","2026-04-23T19:58:59.552Z","699c877c46abc47df4cca8e8","2026-02-23T16:59:40.231000","2026-04-23T19:59:01.347000","699c655e40e8dc98eacda675","false"
"","","{""music"":0.504,""humour"":0.5,""photo"":0.5,""video"":0.5,""food"":0.5,""art"":0.5,""responsable"":0.5}","","699c655e40e8dc98eacda675","2026-02-23T16:59:21.103Z","699c6563cbe5e180ad11920b","2026-02-23T14:34:11.971000","2026-02-23T16:59:21.471000","service_eb508f39-ce3d-4391-bb12-d4211c02ede9","false"
"","","{""music"":0.502,""humour"":0.502,""photo"":0.5,""video"":0.502,""food"":0.5,""art"":0.5,""responsable"":0.5}","","699c655e40e8dc98eacda675","2026-02-23T14:34:11.650Z","699c6563bd39f915efc263fe","2026-02-23T14:34:11.961000","2026-02-23T14:34:11.961000","service_eb508f39-ce3d-4391-bb12-d4211c02ede9","false"
"","","{""music"":0.504,""humour"":0.502,""photo"":0.5,""video"":0.5,""food"":0.5,""art"":0.5,""responsable"":0.5}","","699c655e40e8dc98eacda675","2026-02-23T14:34:11.800Z","699c65631a00b859036a491f","2026-02-23T14:34:11.955000","2026-02-23T14:34:12.158000","service_eb508f39-ce3d-4391-bb12-d4211c02ede9","false"
"","","{""music"":0.502,""humour"":0.5,""photo"":0.5,""video"":0.5,""food"":0.5,""art"":0.5,""responsable"":0.5}","","699c655e40e8dc98eacda675","2026-02-23T14:34:11.650Z","699c656322ca18caed853ba5","2026-02-23T14:34:11.896000","2026-02-23T14:34:11.896000","service_eb508f39-ce3d-4391-bb12-d4211c02ede9","false"
"{}","{}","{""music"":0.502,""humour"":0.5,""photo"":0.5,""video"":0.5,""food"":0.5,""art"":0.5,""responsable"":0.5}","{}","699ba360cbfe486faa5ab707","2026-02-23T00:49:25.204Z","699ba3bedcbff529bfa3e120","2026-02-23T00:47:58.616000","2026-02-23T00:49:25.446000","699ba360cbfe486faa5ab707","false"
"","","{""music"":0.52,""humour"":0.502,""photo"":0.5,""video"":0.502,""food"":0.5,""art"":0.5,""responsable"":0.5}","","699ba360cbfe486faa5ab707","2026-02-23T00:47:42.702Z","699ba38c8fd45c38c2c67d59","2026-02-23T00:47:08.481000","2026-02-23T00:47:44.054000","service_eb508f39-ce3d-4391-bb12-d4211c02ede9","false"
"{""RL-000011"":{""active"":true},""RL-000008"":{""active"":true}}","{""ST-000077"":{""active"":true,""weight"":50},""ST-000103"":{""active"":true,""weight"":50},""ST-000225"":{""active"":true,""weight"":50},""ST-000224"":{""active"":true,""weight"":50},""ST-000228"":{""active"":true,""weight"":50},""ST-000227"":{""active"":true,""weight"":50},""ST-000165"":{""active"":true,""weight"":50}}","{""music"":0.7965,""humour"":0.5574,""photo"":0.522,""video"":0.5893,""food"":0.524,""art"":0.506,""responsable"":0.508}","{""NC-0000000146"":{""active"":true}}","698dd1b2193c860027a3457a","2026-04-18T00:16:37.229Z","69930dcde020a9d85a15865a","2026-02-16T12:30:05.849000","2026-04-18T00:16:37.935000","698dd1b2193c860027a3457a","false"
"{""RL-000008"":{""active"":true},""RL-000010"":{""active"":true}}","{""ST-000165"":{""active"":true,""weight"":50},""ST-000088"":{""active"":true,""weight"":50},""ST-000074"":{""active"":true,""weight"":50}}","{""music"":0.7686,""humour"":0.5491,""photo"":0.5415,""video"":0.6128,""food"":0.522,""art"":0.512,""responsable"":0.5}","{""NC-0000000146"":{""active"":true}}","698d204286a5af9808991620","2026-04-24T11:34:50.017Z","69930d86019348a237bb272c","2026-02-16T12:28:54.518000","2026-04-24T11:34:52.682000","698d204286a5af9808991620","false"
"{""RL-000028"":{""active"":true},""RL-000024"":{""active"":true},""RL-000011"":{""active"":true},""RL-000010"":{""active"":true},""RL-000008"":{""active"":true}}","{""ST-000009"":{""active"":true},""ST-000035"":{""active"":true},""ST-000038"":{""active"":true},""ST-000031"":{""active"":true}}","{""music"":0.5437,""humour"":0.502,""photo"":0.5,""video"":0.5,""food"":0.5,""art"":0.5,""responsable"":0.5}","{""NC-0000000148"":{""active"":true}}","6992452c5bcc41af3a3296fa","2026-04-19T12:13:39.170Z","6992455e08a4b8920fa41a1f","2026-02-15T22:14:54.895000","2026-04-19T12:13:39.615000","6992452c5bcc41af3a3296fa","false"
"{""RL-000026"":{""active"":true}}","{""ST-000038"":{""active"":false},""ST-000035"":{""active"":true},""ST-000012"":{""active"":true,""weight"":80},""ST-000007"":{""active"":true,""weight"":70}}","","{""NC-0000000146"":{""active"":true}}","699202024efb1897f4db4963","","69920315c8ef8c63dbe04336","2026-02-15T17:32:05.307000","2026-02-15T17:32:25.369000","699202024efb1897f4db4963","false"
"{""RL-000026"":{""active"":true}}","{""ST-000035"":{""active"":true},""ST-000012"":{""active"":true,""weight"":100},""ST-000007"":{""active"":true,""weight"":80}}","","{""NC-0000000146"":{""active"":true}}","699202024efb1897f4db4963","","699202c404d5a6ebde1cf445","2026-02-15T17:30:44.576000","2026-02-15T17:31:19.332000","699202024efb1897f4db4963","false"
"{""RL-000025"":{""active"":true},""RL-000011"":{""active"":true},""RL-000008"":{""active"":true}}","{""ST-000032"":{""active"":true},""ST-000038"":{""active"":true}}","","{""NC-0000000146"":{""active"":true},""NC-0000000148"":{""active"":true}}","69910cb8413dc98603cf72df","","6991e815d21e6c17c302c3fa","2026-02-15T15:36:53.887000","2026-02-15T15:37:05.560000","69910cb8413dc98603cf72df","false"
"{""RL-000008"":{""active"":true},""RL-000010"":{""active"":true}}","{""ST-000038"":{""active"":true,""weight"":50},""ST-000100"":{""active"":true,""weight"":50},""ST-000165"":{""active"":true,""weight"":50},""ST-000217"":{""active"":true,""weight"":50}}","{""music"":1,""humour"":0.87,""photo"":0.5795,""video"":0.7933,""food"":0.5548,""art"":0.5511,""responsable"":0.5}","{""NC-0000000146"":{""active"":true}}","698c747aee05acfdd23ea578","2026-04-28T18:51:43.934Z","6991cece3b0f4e1860098bb6","2026-02-15T13:49:02.880000","2026-04-28T18:51:44.406000","698c747aee05acfdd23ea578","false"
"{""RL-000025"":{""active"":true},""RL-000028"":{""active"":true},""RL-000024"":{""active"":true},""RL-000026"":{""active"":true},""RL-000008"":{""active"":true},""RL-000010"":{""active"":true},""RL-000009"":{""active"":true}}","{""ST-000032"":{""active"":true,""weight"":50},""ST-000009"":{""active"":true,""weight"":50},""ST-000013"":{""active"":true,""weight"":50},""ST-000007"":{""active"":true,""weight"":50},""ST-000219"":{""active"":true,""weight"":50},""ST-000155"":{""active"":true,""weight"":50}}","{""music"":0.9855,""humour"":0.6891,""photo"":0.5379,""video"":0.6444,""food"":0.522,""art"":0.5393,""responsable"":0.5}","{""NC-0000000146"":{""active"":true},""NC-0000000148"":{""active"":true},""NC-0000000150"":{""active"":true}}","698dbbf753d545317578c200","2026-04-28T14:36:49.944Z","6991c7445c7fb893a4a7342e","2026-02-15T13:16:52.049000","2026-04-28T14:36:50.686000","698dbbf753d545317578c200","false"